{"type":"FeatureCollection","features":[{"type":"Feature","properties":{"name":"Aruba","Alpha-2":"AW","Alpha-3":"ABW","id":1},"geometry":{"type":"Polygon","coordinates":[[[-70.07351480230479,12.629359978975124],[-70.06159348301212,12.645454204475634],[-69.88277369362208,12.48451194947048],[-69.87085237432942,12.412087934718166],[-70.06159348301212,12.532794625972024],[-70.07351480230479,12.629359978975124]]]}},{"type":"Feature","properties":{"name":"Afghanistan","Alpha-2":"AF","Alpha-3":"AFG","id":2},"geometry":{"type":"Polygon","coordinates":[[[61.20405324855952,35.64410244471237],[62.22928670772899,35.2739352582005],[62.992251142459764,35.40268906220464],[63.19491357043515,35.85332737621906],[63.98172064375126,35.99817540572371],[64.54202265050668,36.312012802983766],[64.74468507848204,37.108676965259285],[65.57917742896882,37.30180767126547],[65.75799721835884,37.65588063227681],[66.21100735148025,37.39032591151831],[66.52096165308961,37.350090347767015],[67.08126365984504,37.34204323501675],[67.82038545599048,37.14086541626032],[68.14226107689251,37.020158725006446],[68.88138287303795,37.333996122266505],[69.19133717464734,37.14086541626032],[69.52513411484205,37.59955084302501],[70.13312139876814,37.5834566175245],[70.28809854957282,37.73635175977939],[70.38346910391417,38.13870739729227],[70.80071527915757,38.484733245553365],[71.34909596662033,38.243319863045635],[71.22988277369365,37.945576691286085],[71.53983707530301,37.89729401478454],[71.432545201669,37.06844140150799],[71.82594873832704,36.73046266599717],[72.18358831710711,36.94773471025413],[72.62467713093582,37.05234717600748],[73.25650705344725,37.4868912645214],[73.94794357242202,37.41446724976908],[74.98509835088419,37.41446724976908],[75.15199682098154,37.124771190759795],[74.56785217564078,37.020158725006446],[74.05523544605603,36.83507513175052],[72.92271011325255,36.71436844049665],[71.82594873832704,36.50514350898995],[71.25372541227898,36.070599420476036],[71.50407311742501,35.64410244471237],[71.61136499105902,35.14518145419638],[71.1225909000596,34.73477870393324],[71.14643353864494,34.348517291920864],[70.88416451420625,33.99444433090952],[69.93045897079278,34.018585669160295],[70.32386250745083,33.35872242363916],[69.6920325849394,33.101214815630904],[69.26286509040335,32.505728472111834],[69.32247168686669,31.910242128592763],[68.92906815020862,31.620546069583476],[68.55950725213592,31.717111422586576],[67.79654281740514,31.588357618582442],[67.68925094377113,31.29866155957317],[66.93820782833302,31.29866155957317],[66.38982714087027,30.74341077980538],[66.3421418636996,29.898463941028318],[65.03079674150607,29.48001407801491],[64.35128154182397,29.56853231826775],[64.13669779455594,29.35126027401079],[63.54063182992252,29.463919852514387],[62.55116232863105,29.327118935760005],[60.882177627657484,29.83408703902625],[61.77627657460761,30.74341077980538],[61.7047486588516,31.379132687075746],[60.94178422412082,31.55616916758141],[60.870256308364816,32.18384396210153],[60.536459368170085,32.980508124377046],[60.95370554341349,33.52771179139457],[60.52453804887742,33.680606933649464],[60.79872839260878,34.40484708117267],[61.20405324855952,35.64410244471237]]]}},{"type":"Feature","properties":{"name":"Angola","Alpha-2":"AO","Alpha-3":"AGO","id":3},"geometry":{"type":"MultiPolygon","coordinates":[[[[23.926087820385476,-10.932586153779653],[24.00953705543415,-11.246423551039705],[23.90224518180014,-11.729250316055172],[24.08106497119016,-12.195982855570122],[23.938009139678144,-12.558102929331724],[24.00953705543415,-12.912175890343065],[21.947148817802514,-12.912175890343065],[21.875620902046506,-16.074691201194376],[22.567057421021275,-16.903543814470922],[23.21080866282537,-17.531218608991033],[21.363004172461757,-17.92552713375366],[18.95489767534275,-17.78872621699928],[18.251539837075313,-17.305899451983812],[14.210212596860742,-17.362229241235617],[14.079078084641367,-17.418559030487422],[13.48301212000797,-16.96792071647299],[12.827339558911206,-16.94377937822221],[12.219352274985113,-17.112768745977625],[11.742499503278367,-17.297852339233557],[11.635207629644356,-16.670177544713447],[11.77826346115637,-15.79304225493535],[12.135903039936437,-14.875671401405967],[12.183588317107109,-14.45722153839256],[12.505463938009143,-13.555944910363685],[12.74389032386253,-13.137495047350285],[13.328034969203259,-12.477631801829148],[13.637989270812653,-12.035040600564969],[13.745281144446665,-11.30275334029151],[13.697595867275993,-10.731408335023211],[13.387641565666598,-10.377335374011864],[13.125372541227904,-9.757707692242015],[12.886946155374545,-9.1702684614732],[12.946552751837885,-8.95299641721624],[13.244585734154583,-8.566735005203867],[12.946552751837885,-7.593034362422678],[12.731969004569862,-6.925124004151279],[12.23127359427778,-6.297449209631175],[12.338565467911792,-6.104318503624988],[12.74389032386253,-5.967517586870606],[13.03000198688656,-5.983611812371116],[13.37572024637393,-5.870952233867513],[16.33220743095569,-5.878999346617768],[16.570633816809078,-6.619333719641482],[16.85674547983311,-7.222867175910814],[17.095171865686467,-7.536704573170873],[17.47665408305187,-8.067814014687883],[18.132326644148634,-7.979295774435045],[18.454202265050668,-7.842494857680663],[19.01450427180609,-7.979295774435045],[19.169481422610772,-7.72983527917706],[19.419829127756827,-7.150443161158499],[20.03973773097556,-7.110207597407211],[20.0993443274389,-6.9412182296517955],[20.60003973773098,-6.9412182296517955],[20.516590502682305,-7.287244077912881],[21.720643751241823,-7.279196965162619],[21.73256507053449,-7.914918872432985],[21.959070137095182,-8.30922739719562],[21.79217166699783,-8.90471374071469],[21.86369958275384,-9.52434142248454],[22.20941784224121,-9.886461496246142],[22.14981124577787,-11.093528408784806],[22.400158950923924,-10.996963055781713],[22.841247764752637,-11.029151506782746],[23.461156367971398,-10.884303477278102],[23.926087820385476,-10.932586153779653]]],[[[12.195509636399777,-5.798528219115191],[11.921319292668386,-5.034052507840698],[12.326644148619124,-4.607555532077036],[12.624677130935822,-4.438566164321628],[12.994238029008557,-4.7845920125827135],[12.63659845022849,-4.985769831339155],[12.481621299423807,-5.251324552097664],[12.457778660838471,-5.685868640611581],[12.195509636399777,-5.798528219115191]]]]}},{"type":"Feature","properties":{"name":"Anguilla","Alpha-2":"AI","Alpha-3":"AIA","id":4},"geometry":{"type":"Polygon","coordinates":[[[-62.94456586528909,18.294527355156596],[-62.908801907411075,18.294527355156596],[-62.9803298231671,18.22210334040428],[-63.08762169680111,18.173820663902724],[-63.14722829326445,18.157726438402214],[-63.17107093184978,18.173820663902724],[-63.07570037750844,18.23819756590479],[-62.94456586528909,18.294527355156596]]]}},{"type":"Feature","properties":{"name":"Aland Islands","Alpha-2":"AX","Alpha-3":"ALA","id":5},"geometry":{"type":"Polygon","coordinates":[[[19.8013113451222,60.429209715506325],[19.968209815219552,60.39702126450529],[20.123186966024235,60.40506837725555],[20.19471488178027,60.340691475253486],[20.37353467117029,60.36483281350426],[20.504669183389638,60.300455911502205],[20.802702165706336,60.38092703900478],[20.909994039340376,60.25217323500065],[20.802702165706336,60.21998478399963],[20.60003973773098,60.10732520549602],[20.65964633419432,60.04294830349395],[20.421219948340962,59.962477175991374],[20.19471488178027,59.970524288741636],[20.003973773097556,59.99466562699241],[19.884760580170877,60.091230979995494],[19.74170474865886,60.083183867245246],[19.705940790780858,60.17170210749807],[19.491357043512835,60.15560788199756],[19.491357043512835,60.28436168600168],[19.717862110073526,60.29240879875194],[19.8013113451222,60.429209715506325]]]}},{"type":"Feature","properties":{"name":"Albania","Alpha-2":"AL","Alpha-3":"ALB","id":6},"geometry":{"type":"Polygon","coordinates":[[[21.017285912974387,40.85058439412915],[20.99344327438905,40.57698256062039],[20.67156765348699,40.43213453111574],[20.61196105702365,40.110250021105436],[20.1470296046096,39.62742325608996],[19.98013113451222,39.69984727084229],[19.956288495926884,39.91711931509925],[19.39598648917149,40.25509805061008],[19.324458573415455,40.72987770287528],[19.39598648917149,41.4138822866472],[19.550963639976175,41.727719683907246],[19.372143850586127,41.88061482616215],[19.312537254122788,42.194452223422196],[19.74170474865886,42.68532610118792],[19.8013113451222,42.50024250793199],[20.063580369560896,42.58071363543457],[20.26624279753628,42.323206027426316],[20.516590502682305,42.21859356167297],[20.588118418438313,41.856473487911366],[20.456983906218966,41.51849475240055],[20.60003973773098,41.09199777663688],[21.017285912974387,40.85058439412915]]]}},{"type":"Feature","properties":{"name":"Andorra","Alpha-2":"AD","Alpha-3":"AND","id":7},"geometry":{"type":"Polygon","coordinates":[[[1.3828730379495369,42.50024250793199],[1.4782435922908803,42.67727898843767],[1.8239618517782787,42.596807860935094],[1.6332207430955918,42.40367715492891],[1.3828730379495369,42.50024250793199]]]}},{"type":"Feature","properties":{"name":"United Arab Emirates","Alpha-2":"AE","Alpha-3":"ARE","id":8},"geometry":{"type":"Polygon","coordinates":[[[51.57162726008346,24.249390790347356],[51.75044704947348,24.289626354098637],[51.78621100735148,24.016024520589873],[52.56109676137493,24.176966775595027],[53.39558911186171,24.144778324594007],[54.0035763957878,24.120636986343236],[54.70693423405524,24.796594457364883],[55.44605603020068,25.43231636463525],[56.07788595271211,26.05194404640509],[56.28054838068746,25.713965310894274],[56.39976157361417,24.925348261369003],[55.89906616332209,24.925348261369003],[55.803695608980746,24.273532128598127],[55.99443671766343,24.128684099093483],[55.54142658454202,23.935553393087297],[55.54142658454202,23.52515064282415],[55.25531492151799,23.114747892561006],[55.20762964434732,22.712392255048123],[55.0288098549573,22.495120210791164],[52.0127160739122,23.002088314057396],[51.607391217961464,24.016024520589873],[51.57162726008346,24.249390790347356]]]}},{"type":"Feature","properties":{"name":"Argentina","Alpha-2":"AR","Alpha-3":"ARG","id":9},"geometry":{"type":"MultiPolygon","coordinates":[[[[-66.96205046691833,-54.893963108437895],[-67.55811643155175,-54.86982177018712],[-68.63103516789191,-54.86982177018712],[-68.64295648718458,-52.64077153836572],[-68.24955295052652,-53.10750407788067],[-67.76077885952712,-53.85588556365464],[-66.44943373733359,-54.45941901992398],[-65.03079674150605,-54.70083240243171],[-65.50764951321278,-55.19975339294769],[-66.44943373733359,-55.2560831821995],[-66.96205046691833,-54.893963108437895]]],[[[-62.682296840850384,-22.25487379339235],[-60.84641366977945,-23.880390568944417],[-60.023842638585336,-24.033285711199316],[-58.79594675144048,-24.781667196973288],[-57.77071329227101,-25.159881496235403],[-57.63957878005165,-25.602472697499582],[-58.61712696205046,-27.123377007298302],[-57.59189350288098,-27.388931728056807],[-56.48321080866282,-27.549873983061964],[-55.708325054639374,-27.380884615306552],[-54.790383469103915,-26.62445601678232],[-54.647327637591886,-25.747320727004222],[-54.13471090800715,-25.53809579549752],[-53.63401549771507,-26.125535026266338],[-53.64593681700774,-26.922199188541857],[-54.4923504867872,-27.477449968309646],[-55.1718656864693,-27.879805605822533],[-56.3043910192728,-28.853506248603725],[-57.63957878005165,-30.21346830339729],[-57.87800516590502,-31.018179578423066],[-58.14027419034373,-32.05625712320632],[-58.14027419034373,-33.038004878737766],[-58.34293661831909,-33.255276922994724],[-58.414464534075094,-33.91514016851586],[-58.497913769123784,-34.43015538453237],[-57.21041128551559,-35.29119644880995],[-57.36538843632027,-35.98324814533211],[-56.74547983310153,-36.417792233846036],[-56.78124379097953,-36.9006189988615],[-57.746870653685676,-38.172062813402235],[-59.24895688456189,-38.71926648041976],[-61.251738525730175,-38.92849141192646],[-62.336578581363,-38.815831833422855],[-62.13391615338763,-39.41936528969219],[-62.32465726207033,-40.167746775466156],[-62.1458374726803,-40.6747148787324],[-62.75382475660639,-41.036834952494004],[-63.75521557719054,-41.173635869248386],[-64.73276375918934,-40.811515795486784],[-65.11424597655473,-41.077070516245286],[-64.95926882575004,-42.05881827177674],[-64.29167494536061,-42.35656144353628],[-63.74329425789787,-42.04272404627622],[-63.45718259487383,-42.565786375042975],[-64.37512418040929,-42.88767088505329],[-65.17385257301808,-43.50729856682314],[-65.3169084045301,-44.497093435104844],[-65.56725610967614,-45.036249989372116],[-66.5209616530896,-45.04429710212237],[-67.29584740711304,-45.55931231813887],[-67.58195907013709,-46.299646691162586],[-66.60441088813828,-47.02388683868579],[-65.63878402543214,-47.233111770192494],[-65.9964236042122,-48.13438839822136],[-67.1647128948937,-48.697686290739405],[-67.8084641366978,-49.86451763952678],[-68.73832704152592,-50.25882616428942],[-69.14365189747664,-50.73360581655462],[-68.80985495728193,-51.77168336133788],[-68.15418239618518,-52.35107547935644],[-68.57142857142857,-52.31083991560515],[-69.51321279554936,-52.14989766059999],[-71.90939797337572,-52.01309674384561],[-72.32664414861911,-51.43370462582705],[-72.30280151003377,-50.68532314005308],[-72.98231670971587,-50.74970004205514],[-73.32803496920326,-50.37148574279303],[-73.41148420425193,-49.309266859759],[-72.63659845022849,-48.874722771245075],[-72.32664414861911,-48.24704797672497],[-72.43393602225312,-47.74007987345873],[-71.90939797337572,-46.8870859219314],[-71.55175839459567,-45.56735943088913],[-71.64712894893701,-44.963825974619795],[-71.21796145440095,-44.77874238136387],[-71.32525332803496,-44.41662230760227],[-71.79018478044902,-44.207397376095564],[-71.44446652096165,-43.7809004003319],[-71.90939797337572,-43.410733213820045],[-72.14782435922908,-42.259996090533186],[-71.74249950327835,-42.05077115902648],[-71.90939797337572,-40.835657133737556],[-71.67097158752235,-39.80562670170456],[-71.40870256308364,-38.91239718642595],[-70.80071527915756,-38.55832422541461],[-71.1225909000596,-37.5685293571329],[-71.1225909000596,-36.65115850360351],[-70.3715477846215,-36.00738948358289],[-70.39539042320683,-35.17048975755608],[-69.81124577786608,-34.19678911477489],[-69.81124577786608,-33.27137114849525],[-70.08543612159745,-33.086287555239316],[-70.53844625471885,-31.37225253943441],[-69.93045897079276,-30.3261278819009],[-70.01390820584145,-29.360474351869964],[-69.6562686270614,-28.451150611090835],[-69.0125173852573,-27.517685532060934],[-68.29723822769719,-26.898057850291085],[-68.60719252930657,-26.503749325528453],[-68.39260878203854,-26.1899119282684],[-68.41645142062387,-24.52415958896504],[-67.33161136499105,-24.025238598449057],[-66.99781442479635,-22.995208166416063],[-67.11702761772302,-22.737700558407816],[-66.28253526723624,-21.828376817628687],[-64.94734750645738,-22.085884425636934],[-64.37512418040929,-22.81012457316013],[-63.98172064375123,-22.005413298134357],[-62.8611166302404,-22.045648861885645],[-62.682296840850384,-22.25487379339235]]]]}},{"type":"Feature","properties":{"name":"Armenia","Alpha-2":"AM","Alpha-3":"ARM","id":10},"geometry":{"type":"Polygon","coordinates":[[[43.5605006954103,41.10004488938714],[44.96721637194517,41.252940031642034],[45.19372143850586,40.98738531088353],[45.563282336578595,40.81839594312812],[45.34869858931057,40.56088833511986],[45.8970792767733,40.222909599609046],[45.61096761374927,39.901025089598726],[46.04013510828534,39.62742325608996],[46.481223922114054,39.46648100108481],[46.51698787999206,38.77442930456264],[46.14742698191935,38.73419374081136],[45.730180806675946,39.321632971580165],[45.730180806675946,39.47452811383507],[45.3010133121399,39.47452811383507],[45.01490164911584,39.748129947343834],[44.80031790184782,39.7159414963428],[44.40691436518975,40.013684668102336],[43.66779256904431,40.25509805061008],[43.73932048480032,40.73792481562554],[43.5605006954103,41.10004488938714]]]}},{"type":"Feature","properties":{"name":"American Samoa","Alpha-2":"AS","Alpha-3":"ASM","id":11},"geometry":{"type":"Polygon","coordinates":[[[-170.7132922710113,-14.175572592133534],[-170.4152592886946,-14.320420621638178],[-170.7132922710113,-14.497457102143848],[-170.93979733757203,-14.296279283387406],[-170.7132922710113,-14.175572592133534]]]}},{"type":"Feature","properties":{"name":"French Southern and Antarctic Lands","Alpha-2":"TF","Alpha-3":"ATF","id":12},"geometry":{"type":"Polygon","coordinates":[[[68.94098946950129,-48.62526227598708],[69.58474071130539,-48.93909967324714],[70.53844625471888,-49.05980636450101],[70.56228889330421,-49.252937070507194],[70.28809854957282,-49.70357538452163],[68.7502483608186,-49.76795228652369],[68.73832704152593,-49.23684284500668],[68.88138287303795,-48.82644009474353],[68.94098946950129,-48.62526227598708]]]}},{"type":"Feature","properties":{"name":"Antigua and Barbuda","Alpha-2":"AG","Alpha-3":"ATG","id":13},"geometry":{"type":"Polygon","coordinates":[[[-61.76435525531491,17.554192982132882],[-61.823961851778265,17.594428545884178],[-61.871647128948936,17.570287207633392],[-61.8478044903636,17.65075833513597],[-61.883568448241604,17.707088124387774],[-61.83588317107093,17.73122946263856],[-61.800119213192914,17.699041011637526],[-61.72859129743691,17.61856988413495],[-61.72859129743691,17.538098756632372],[-61.75243393602224,17.119648893618965],[-61.70474865885157,17.095507555368194],[-61.680906020266235,17.023083540615865],[-61.740512616729575,17.047224878866636],[-61.740512616729575,16.998942202365093],[-61.89548976753427,17.031130653366127],[-61.871647128948936,17.095507555368194],[-61.90741108682694,17.111601780868703],[-61.8478044903636,17.135743119119475],[-61.83588317107093,17.17597868287077],[-61.78819789390025,17.16793157012051],[-61.77627657460758,17.111601780868703],[-61.75243393602224,17.554192982132882],[-61.76435525531491,17.554192982132882]]]}},{"type":"Feature","properties":{"name":"Australia","Alpha-2":"AU","Alpha-3":"AUS","id":14},"geometry":{"type":"MultiPolygon","coordinates":[[[[145.40433141267636,-40.80346868273652],[146.38187959467518,-41.14144741824735],[146.90641764355257,-41.012693614243226],[147.69322471686866,-40.81956290823704],[148.2773693622094,-40.8839398102391],[148.33697595867278,-42.05881827177674],[148.02702165706341,-42.412891232788084],[147.91972978342937,-43.21760250781386],[147.56209020464934,-42.944000674305094],[146.88257500496724,-43.64409948357752],[146.6679912576992,-43.57972258157546],[146.04808265448042,-43.55558124332468],[145.44009537055433,-42.68649306629685],[145.29703953904232,-42.034676933525965],[144.71289489370156,-41.173635869248386],[144.7486588515796,-40.71495044248369],[145.40433141267636,-40.80346868273652]]],[[[143.56844824160544,-13.765169841870389],[143.92608782038548,-14.545739778645398],[144.56983906218954,-14.175572592133534],[144.9036360023843,-14.594022455146941],[145.39241009338366,-14.980283867159315],[145.27319690045698,-15.430922181173749],[145.47585932843236,-16.291963245451335],[145.64275779852971,-16.782837123217057],[145.89310550367577,-16.911590927221184],[146.15537452811446,-17.764584878748508],[146.07192529306576,-18.279600094765],[146.39380091396782,-18.955557565786656],[147.466719650308,-19.470572781803156],[148.17007748857543,-19.953399546818623],[148.83767136896483,-20.38794363533254],[148.70653685674552,-20.629357017840277],[149.27876018279358,-21.25703181236038],[149.67216371945165,-22.351439146395442],[150.06556725610972,-22.126119989388222],[150.48281343135307,-22.56066407790214],[150.70931849791378,-22.399721822896986],[150.90005960659647,-23.461940705931013],[151.6153387641566,-24.073521274950604],[152.06834889727799,-24.459782686962978],[152.86707728988677,-25.272541074739014],[153.14126763361816,-26.069205237014533],[153.1651102722035,-26.648597355033093],[153.09358235644748,-27.268225036802942],[153.5704351281542,-28.10512476282975],[153.52274985098353,-28.998354278108366],[153.34393006159348,-29.457039704873058],[153.06973971786215,-30.35026922015167],[153.09358235644748,-30.92966133817023],[152.90284124776474,-31.645854372943173],[152.44983111464336,-32.547131000972044],[151.69878799920525,-33.038004878737766],[151.32922710113252,-33.82662192826303],[151.0073514802305,-34.31749580602876],[150.6973971786211,-35.17853687030634],[150.31591496125571,-35.66941074807207],[150.06556725610972,-36.417792233846036],[149.93443274389034,-37.10179681761795],[150.00596065964635,-37.42368132762826],[149.4218160143056,-37.769707175889344],[148.2892906815021,-37.80994273964063],[147.395191734552,-38.212298377153516],[146.9183389628452,-38.60660690191615],[146.32227299821182,-39.04115099043007],[145.4997019670177,-38.59855978916589],[144.87979336379897,-38.42152330866023],[145.03477051460362,-37.89041386714321],[144.49831114643354,-38.083544573149396],[143.6042121994834,-38.8077847206726],[142.74587721041132,-38.542229999914085],[142.1855752036559,-38.38128774490893],[141.58950923902245,-38.30886373015662],[140.64772501490165,-38.011120558397074],[140.00397377309758,-37.39953998937749],[139.8132326644149,-36.64311139085325],[139.57480627856148,-36.13614328758702],[139.07411086826943,-35.725740537323865],[138.12040532485594,-35.61308095882026],[138.442280945758,-35.12220708105453],[138.20385455990464,-34.389919820781074],[137.71508046890523,-35.07392440455298],[136.8209815219551,-35.25096088505866],[137.3574408901252,-34.71180433079139],[137.5004967216372,-34.13241221277283],[137.89390025829528,-33.6415383350071],[137.81045102324657,-32.901203961983384],[136.98787999205246,-33.76224502626097],[136.36797138883372,-34.09217664902154],[135.98648917146835,-34.88884081129706],[135.1996820981522,-34.47843806103391],[135.23544605603024,-33.95537573226716],[134.6036161335188,-33.21504135924344],[134.09099940393406,-32.85292128548184],[134.26981919332405,-32.619555015724366],[132.99423802900856,-32.01602155945503],[132.29088019074112,-31.983833108454],[131.33717464732763,-31.501006343438533],[129.53705543413474,-31.605618809191885],[128.2257103119412,-31.95164465745297],[127.08126365984504,-32.2896233929638],[126.16332207430958,-32.22524649096174],[125.07848201867677,-32.73221459422797],[124.22014702960462,-32.95753375123519],[124.02940592092193,-33.480596080001945],[123.6598450228492,-33.89904594301535],[122.81343135306975,-33.923187281266124],[122.18160143055832,-34.0036584087687],[121.31134512219353,-33.82662192826303],[120.58414464534076,-33.931234394016386],[119.90462944565866,-33.97951707051793],[119.30856348102526,-34.5186736247852],[118.9986091794159,-34.462343835533396],[118.49791376912378,-34.752039894542676],[118.00913967812437,-35.06587729180273],[117.30578183985693,-35.02564172805144],[116.6143453208822,-35.02564172805144],[115.56526922312736,-34.389919820781074],[115.02880985495727,-34.19678911477489],[115.04073117424997,-33.63349122225684],[115.54142658454202,-33.48864319275221],[115.70832505463937,-33.255276922994724],[115.68448241605404,-32.901203961983384],[115.80369560898072,-32.20915226546121],[115.69640373534673,-31.6217130346924],[115.15994436717665,-30.591682602659404],[114.9930458970793,-30.03643182289162],[115.04073117424997,-29.465086817623316],[114.62348499900656,-28.80522357210218],[114.61156367971392,-28.5155275130929],[114.17047486588518,-28.113171875580008],[114.0512616729585,-27.332601938805006],[113.47903834691039,-26.535937776529483],[113.33598251539837,-26.10944080076582],[113.76515000993447,-26.54398488927974],[113.43135306973971,-25.6185669230001],[113.93204848003182,-25.916310094759634],[114.21816014305585,-26.29452439402175],[114.20623882376316,-25.779509178005252],[113.71746473276374,-24.99893924123025],[113.61017285912976,-24.685101843970195],[113.38366779256904,-24.395405784960914],[113.50288098549572,-23.79991944144184],[113.7055434134711,-23.558506058934107],[113.83667792569048,-23.051537955667868],[113.72938605205644,-22.480192950399562],[114.13471090800715,-21.755952802876365],[114.21816014305585,-22.52042851415085],[114.63540631829926,-21.828376817628687],[115.45797734949338,-21.490398082117856],[115.94675144049279,-21.071948219104456],[116.70971587522354,-20.693733919842337],[117.16272600834492,-20.621309905090015],[117.43691635207631,-20.742016596343888],[118.22372342539245,-20.371849409832024],[118.83171070931849,-20.25918983132842],[118.9866878601232,-20.041917787071455],[119.23703556526925,-19.94535243406836],[119.80925889131731,-19.96949377231914],[120.84641366977945,-19.687844826060115],[121.40671567653487,-19.23720651204568],[121.65706338168093,-18.706097070528664],[122.24120802702168,-18.199128967262425],[122.300814623485,-17.796773329749534],[122.32465726207033,-17.249569662732007],[123.00417246175243,-16.404622823954945],[123.43333995628853,-17.265663888232524],[123.85058613153188,-17.064486069476082],[123.50486787204454,-16.597753529961132],[123.81482217365391,-16.106879652195403],[124.26783230677529,-16.32415169645236],[124.37512418040933,-15.575770210678392],[124.93542618716475,-15.084896332912663],[125.17385257301811,-14.68254069539978],[125.67454798331016,-14.505504214894103],[125.6983906218955,-14.23190238138534],[126.12755811643154,-14.34456195988895],[126.15140075501688,-14.095101464630957],[126.58056824955298,-13.95025343512632],[127.0574210212597,-13.821499631122194],[127.79654281740517,-14.28018505788689],[128.35684482416053,-14.867624288655705],[128.97675342737932,-14.867624288655705],[129.60858334989075,-14.964189641658798],[129.40592092191537,-14.425033087391526],[129.88277369362208,-13.61227469961549],[130.33578382674352,-13.362814204357498],[130.1808066759388,-13.113353709099513],[130.60997417047486,-12.533961591080953],[131.22988277369365,-12.187935742819867],[131.7424995032784,-12.300595321323478],[132.58891317305785,-12.115511728067546],[132.5650705344725,-11.600496512051045],[131.82594873832704,-11.278612002040738],[132.36240810649713,-11.12571685978584],[133.0300019868866,-11.383224467794086],[133.56646135505662,-11.785580105306977],[134.40095370554343,-12.043087713315224],[134.67514404927482,-11.938475247561875],[135.29505265249355,-12.244265532071672],[135.8791972978343,-11.970663698562909],[136.26067951519968,-12.043087713315224],[136.4871845817604,-11.858004120059299],[136.95211603417448,-12.34887799782502],[136.6779256904431,-12.896081664842548],[136.29644347307772,-13.298437302355438],[135.962646532883,-13.330625753356472],[136.069938406517,-13.7249342781191],[135.78382674349297,-14.223855268635084],[135.42618716471293,-14.706682033650551],[135.48579376117624,-14.996378092659832],[136.29644347307772,-15.559675985177876],[137.05940790780846,-15.873513382437928],[137.5839459566859,-16.211492117948758],[138.29922511424598,-16.80697846146783],[138.58533677727002,-16.798931348717574],[139.09795350685476,-17.064486069476082],[139.26485197695212,-17.378323466736134],[140.2185575203656,-17.708255089496703],[140.87423008146237,-17.378323466736134],[141.06497119014506,-16.831119799718607],[141.26763361812044,-16.388528598454428],[141.39876813033976,-15.841324931436894],[141.6848797933638,-15.052707881911637],[141.54182396185178,-14.553786891395653],[141.62527319690048,-14.272137945136627],[141.5060600039738,-13.700792939868329],[141.63719451619312,-12.944364341344098],[141.8398569441685,-12.751233635337911],[141.67295847407115,-12.405207787076826],[141.9233061792172,-11.88214545831007],[142.12596860719253,-11.342988904042798],[142.13788992648523,-11.053292845033518],[142.5193721438506,-10.65898432027089],[142.80548380687463,-11.157905310786873],[142.87701172263064,-11.785580105306977],[143.10351678919136,-11.906286796560842],[143.16312338565467,-12.32473665957425],[143.52076296443477,-12.839751875590743],[143.6042121994834,-13.403049768108794],[143.56844824160544,-13.765169841870389]]]]}},{"type":"Feature","properties":{"name":"Austria","Alpha-2":"AT","Alpha-3":"AUT","id":15},"geometry":{"type":"Polygon","coordinates":[[[16.975958672759788,48.125174320362184],[16.90443075700378,47.70672445734878],[16.34412875024836,47.70672445734878],[16.522948539638406,47.48945241309182],[16.201072918736344,46.84568339307119],[15.998410490760989,46.68474113806604],[15.128154182396202,46.660599799815266],[14.62745877210412,46.427233530057784],[13.816809060202672,46.507704657560375],[12.386250745082464,46.765212265568614],[12.159745678521773,47.11123811382971],[11.182197496522946,46.94224874607429],[11.051062984303599,46.749118040068105],[10.431154381084838,46.885918956822486],[9.930458970792785,46.91006029507326],[9.632425988476058,47.03881409907738],[9.656268627061394,47.15147367758099],[9.56089807272005,47.23999191783383],[9.62050466918339,47.33655727083691],[9.584740711305386,47.51359375134259],[9.89469501291478,47.57797065334466],[10.383469103914166,47.29632170708563],[10.550367574011545,47.56187642784413],[11.432545201669,47.51359375134259],[12.147824359229105,47.698677344598515],[12.624677130935822,47.67453600634774],[12.946552751837885,47.46531107484105],[13.03000198688656,47.63430044259646],[12.898867474667213,48.28611657536734],[13.244585734154583,48.40682326662121],[13.60222531293465,48.88160291888641],[14.34134710908009,48.55167129612584],[14.901649115835482,48.97012115913925],[15.247367375322881,49.04254517389156],[16.022253129346325,48.728707776631516],[16.49910590105307,48.77699045313306],[16.96403735346712,48.591906859877135],[16.880588118418444,48.463153055873015],[16.975958672759788,48.125174320362184]]]}},{"type":"Feature","properties":{"name":"Azerbaijan","Alpha-2":"AZ","Alpha-3":"AZE","id":16},"geometry":{"type":"MultiPolygon","coordinates":[[[[46.14742698191935,38.73419374081136],[45.455990462944584,38.87099465756574],[44.9552950526525,39.33772719708069],[44.80031790184782,39.7159414963428],[45.01490164911584,39.748129947343834],[45.3010133121399,39.47452811383507],[45.730180806675946,39.47452811383507],[45.730180806675946,39.321632971580165],[46.14742698191935,38.73419374081136]]],[[[46.421617325650715,41.86452060066163],[46.68388635008941,41.832332149660594],[47.37532286906418,41.22879869339126],[47.82833300218559,41.15637467863895],[47.99523147228294,41.40583517389694],[48.579376117623696,41.80819081140982],[49.10391416650111,41.28512848264307],[49.6284522153785,40.568935447870125],[50.08146234849991,40.52065277136858],[50.37949533081661,40.25509805061008],[49.556924299622494,40.18267403585775],[49.41386846811048,39.402104099082756],[49.22312735942779,39.0480311380714],[48.85356646135506,38.81466486831393],[48.88933041923306,38.31574387779795],[48.6509040333797,38.259414088546144],[48.019074110868274,38.79052353006316],[48.352871051063005,39.29749163332939],[48.066759388038946,39.58718769233868],[47.68527717067357,39.506716564836104],[46.51698787999206,38.77442930456264],[46.481223922114054,39.46648100108481],[46.04013510828534,39.62742325608996],[45.61096761374927,39.901025089598726],[45.8970792767733,40.222909599609046],[45.34869858931057,40.56088833511986],[45.563282336578595,40.81839594312812],[45.19372143850586,40.98738531088353],[44.96721637194517,41.252940031642034],[45.2175640770912,41.4138822866472],[45.95668587323664,41.132233340388176],[46.49314524140672,41.07590355113637],[46.648122392211405,41.18051601688972],[46.14742698191935,41.727719683907246],[46.421617325650715,41.86452060066163]]]]}},{"type":"Feature","properties":{"name":"Burundi","Alpha-2":"BI","Alpha-3":"BDI","id":17},"geometry":{"type":"Polygon","coordinates":[[[29.338366779256916,-4.502943066323688],[29.25491754420824,-3.2878290410347617],[29.02841247764755,-2.845237839770583],[29.624478442280946,-2.9176618545229047],[29.93443274389034,-2.346316849254606],[30.45897079276773,-2.418740864006921],[30.530498708523766,-2.8050022760192945],[30.73316113649912,-3.030321433026515],[30.74508245579179,-3.3602530557870836],[30.494734750645762,-3.569477987293787],[30.10133121398769,-4.1005874288107975],[29.743691635207625,-4.454660389822138],[29.338366779256916,-4.502943066323688]]]}},{"type":"Feature","properties":{"name":"Belgium","Alpha-2":"BE","Alpha-3":"BEL","id":18},"geometry":{"type":"Polygon","coordinates":[[[3.326048082654495,51.344019420465294],[4.053248559507267,51.27159540571298],[4.971190145042726,51.480820337219676],[5.603020067554155,51.0382291359555],[6.151400755016908,50.81290997894828],[6.0441088813828685,50.13695250792663],[5.781839856944174,50.096716944175334],[5.674547983310163,49.525371938907035],[4.792370355652707,49.976010252921476],[4.291674945360626,49.91163335091941],[3.5883171070931894,50.38641300318462],[3.12338565467914,50.78072152794724],[2.6584542022650623,50.79681575344777],[2.515398370753047,51.15088871445911],[3.326048082654495,51.344019420465294]]]}},{"type":"Feature","properties":{"name":"Benin","Alpha-2":"BJ","Alpha-3":"BEN","id":19},"geometry":{"type":"Polygon","coordinates":[[[2.682296840850398,6.2560466807709645],[1.8716471289489505,6.151434215017609],[1.6212994238028955,6.827391686039263],[1.6689847009735956,9.13691304536325],[1.4663222729982124,9.338090864119685],[1.4305583151202086,9.828964741885422],[1.0848400556328386,10.1749905901465],[0.762964434730776,10.472733761906035],[0.8940989469501517,10.99579609067279],[1.2517385257301896,11.116502781926663],[1.4544009537055445,11.55104687044058],[1.943175044704958,11.647612223443666],[2.145837472680313,11.937308282452953],[2.4915557321677113,12.235051454212488],[2.861116630240417,12.235051454212488],[3.624081064971193,11.655659336193928],[3.5763957878005215,11.333774826183621],[3.7909795350685442,10.73828848266455],[3.6002384263858573,10.327885732401391],[3.7075303000198687,10.070378124393152],[3.2306775283131515,9.442703329873048],[2.908801907411089,9.144960158113498],[2.72998211802107,8.501191138092885],[2.753824756606406,7.865469230822519],[2.682296840850398,6.2560466807709645]]]}},{"type":"Feature","properties":{"name":"Bonaire","Alpha-2":"BQ","Alpha-3":"BES","id":20},"geometry":{"type":"Polygon","coordinates":[[[-68.39260878203854,12.315522581715065],[-68.35684482416053,12.307475468964817],[-68.34492350486786,12.283334130714032],[-68.27339558911186,12.235051454212488],[-68.18994635406318,12.218957228711979],[-68.21378899264852,12.186768777710945],[-68.18994635406318,12.13043898845914],[-68.21378899264852,12.106297650208369],[-68.23763163123385,12.122391875708878],[-68.22571031194119,12.058014973706825],[-68.23763163123385,12.025826522705792],[-68.28531690840452,12.058014973706825],[-68.29723822769719,12.11434476295863],[-68.27339558911186,12.138486101209402],[-68.30915954698986,12.202863003211455],[-68.4045301013312,12.227004341462226],[-68.41645142062387,12.283334130714032],[-68.39260878203854,12.315522581715065]]]}},{"type":"Feature","properties":{"name":"Burkina Faso","Alpha-2":"BF","Alpha-3":"BFA","id":21},"geometry":{"type":"Polygon","coordinates":[[[-2.8372739916550813,9.643881148629482],[-3.5167891913371534,9.901388756637736],[-3.981720643751231,9.86115319288644],[-4.3393602225312975,9.61973981037871],[-4.780449036360011,9.82091762913516],[-4.95926882575003,10.15889636464599],[-5.400357639578772,10.368121296152687],[-5.483806874627447,10.963607639671757],[-5.197695211603417,11.374010389934902],[-5.233459169481421,11.720036238195995],[-4.446652096165309,12.548888851472547],[-4.279753626067929,13.224846322494194],[-4.005563282336567,13.474306817752186],[-3.5167891913371534,13.337505900997805],[-3.1114643353864437,13.538683719754253],[-2.9684085038744286,13.796191327762493],[-2.1935227498509846,14.246829641776934],[-1.9908603218756014,14.560667039036993],[-1.0609974170474743,14.971069789300138],[-0.512616729584721,15.115917818804782],[-0.2622690244386945,14.914740000048333],[0.3695608980727343,14.922787112798595],[0.28611166302405877,14.43996034778312],[0.42916749453607395,13.98932203376868],[0.9894695012914951,13.337505900997805],[1.025233459169499,12.846632023232083],[2.1696801112656487,12.621312866224862],[2.145837472680313,11.937308282452953],[1.943175044704958,11.647612223443666],[1.4544009537055445,11.55104687044058],[1.2517385257301896,11.116502781926663],[0.8940989469501517,10.99579609067279],[0.023842638585335862,11.019937428923562],[-0.4530101331213814,11.1084556691764],[-0.762964434730776,10.947513414171247],[-1.2159745678521574,11.011890316173314],[-2.9445658652890927,10.971654752422019],[-2.9684085038744286,10.392262634403458],[-2.8372739916550813,9.643881148629482]]]}},{"type":"Feature","properties":{"name":"Bangladesh","Alpha-2":"BD","Alpha-3":"BGD","id":22},"geometry":{"type":"Polygon","coordinates":[[[92.66441486191138,22.03643478402646],[92.64057222332605,21.32828886200378],[92.2948539638387,21.481184004258672],[92.36638187959471,20.676472729232906],[92.08027021657063,21.1914879452494],[92.02066362010731,21.69845604851563],[91.82992251142463,22.189329926281367],[91.42459765547386,22.768722044299928],[90.49473475064576,22.800910495300947],[90.60202662427974,22.398554857788064],[90.28015100337774,21.835256965270027],[89.85098350884164,22.028387671276214],[89.70792767732962,21.851351190770536],[89.42181601430559,21.964010769274147],[89.04033379694022,22.044481896776723],[88.8853566461355,22.889428735553786],[88.52771706735547,23.6297631085775],[88.70653685674552,24.23329656484683],[88.08662825352673,24.498851285605348],[88.30121200079475,24.869018472117197],[88.92112060401354,25.23918565862906],[88.2177627657461,25.77029510014608],[88.5634810252335,26.446252571167726],[89.36220941784228,26.01170848265381],[89.839062189549,25.963425806152266],[89.92251142459764,25.263326996879833],[90.87621696801114,25.134573192875713],[91.7941585535466,25.158714531126485],[92.37830319888735,24.97363093787056],[91.90145042718063,24.128684099093483],[91.47228293264453,24.07235430984168],[91.16232863103517,23.50100930457338],[91.71070931849795,22.985994088556886],[91.8656864693026,23.621715995827252],[92.1279554937413,23.6297631085775],[92.66441486191138,22.03643478402646]]]}},{"type":"Feature","id":22,"properties":{"name":"Bulgaria","Alpha-2":"BG","Alpha-3":"BGR","id":23},"geometry":{"type":"Polygon","coordinates":[[[22.65050665606995,44.238418861987675],[22.94853963838665,43.82801611172453],[23.34194317504472,43.89239301372658],[24.104907609775495,43.73949787147169],[25.571229882773707,43.683168082219886],[26.07192529306579,43.94067569022814],[27.240214583747274,44.17404195998561],[27.979336379892715,43.811921886224006],[28.551559705940804,43.70730942047066],[28.050864295648722,43.29690667020751],[27.681303397576016,42.57266652268431],[28.00317901847805,42.00936863016627],[27.14484402940593,42.13812243417039],[26.11961057023646,41.832332149660594],[26.11961057023646,41.33341115914461],[25.201668984700973,41.236845806141524],[24.48638982714087,41.590918767152864],[23.699582753824757,41.3173169336441],[22.960460957679317,41.34145827189487],[22.87701172263064,42.00936863016627],[22.376316312338588,42.323206027426316],[22.555136101728607,42.46805405693096],[22.435922908801928,42.57266652268431],[22.60282137889928,42.89455103269463],[22.984303596264652,43.208388429954674],[22.507450824557935,43.65097963121885],[22.400158950923924,44.013099704980455],[22.65050665606995,44.238418861987675]]]}},{"type":"Feature","properties":{"name":"Bahrain","Alpha-2":"BH","Alpha-3":"BHR","id":24},"geometry":{"type":"Polygon","coordinates":[[[50.61792171667,26.325545879913854],[50.737134909596676,26.212886301410258],[50.653685674548,26.156556512158453],[50.653685674548,26.01975559540407],[50.570236439499325,25.79443643839685],[50.462944565865314,25.947331580651742],[50.42718060798728,26.23702763966103],[50.61792171667,26.325545879913854]]]}},{"type":"Feature","properties":{"name":"The Bahamas","Alpha-2":"BS","Alpha-3":"BHS","id":25},"geometry":{"type":"MultiPolygon","coordinates":[[[[-77.54818199880786,23.76656402533188],[-77.77468706536857,23.710234236080076],[-78.0250347705146,24.28157924134839],[-78.40651698787998,24.579322413107924],[-78.18001192131929,25.206997207628028],[-77.88197893900258,25.174808756626994],[-77.54818199880786,24.329861917849932],[-77.54818199880786,23.76656402533188]]],[[[-77.81045102324657,26.575006375171846],[-78.91913371746473,26.414064120166692],[-78.97874031392807,26.784231306678556],[-78.51380886151401,26.872749546931395],[-77.84621498112458,26.84056109593036],[-77.81045102324657,26.575006375171846]]],[[[-77.01172263063779,26.583053487922108],[-77.17862110073514,25.874907565899427],[-77.36936220941784,26.003661369903547],[-77.35744089012518,26.51867658592004],[-77.78660838466124,26.9290793361832],[-77.78660838466124,27.041738914686796],[-77.01172263063779,26.583053487922108]]]]}},{"type":"Feature","properties":{"name":"Bosnia and Herzegovina","Alpha-2":"BA","Alpha-3":"BIH","id":26},"geometry":{"type":"Polygon","coordinates":[[[19.00258295251342,44.85804654375752],[19.372143850586127,44.85804654375752],[19.1217961454401,44.41545534249335],[19.598648917146846,44.04528815598149],[19.45559308563483,43.570508503716276],[19.217166699781444,43.52222582721473],[19.038346910391425,43.433707586961894],[18.71647128948939,43.200341317204426],[18.56149413868468,42.6531376501869],[17.679316511027224,43.03135194944901],[17.30975561295452,43.44980181246242],[16.928273395589116,43.66707385671938],[16.4514206238824,44.04528815598149],[16.236836876614348,44.351078440491285],[15.748062785614962,44.817810980006236],[15.962646532882985,45.22016661751912],[16.320286111663023,45.00289457326216],[16.546791178223742,45.20407239201861],[16.999801311345124,45.22016661751912],[17.858136300417243,45.059224362513966],[18.56149413868468,45.07531858801449],[19.00258295251342,44.85804654375752]]]}},{"type":"Feature","properties":{"name":"Saint Barthelemy","Alpha-2":"BL","Alpha-3":"BLM","id":27},"geometry":{"type":"Polygon","coordinates":[[[-62.908801907411075,17.956548619645766],[-62.89688058811841,17.956548619645766],[-62.8611166302404,17.924360168644746],[-62.849195310947735,17.924360168644746],[-62.83727399165507,17.90021883039396],[-62.81343135306973,17.916313055894484],[-62.80151003377706,17.916313055894484],[-62.789588714484395,17.90021883039396],[-62.81343135306973,17.87607749214319],[-62.81343135306973,17.88412460489345],[-62.83727399165507,17.87607749214319],[-62.908801907411075,17.956548619645766]]]}},{"type":"Feature","properties":{"name":"Belarus","Alpha-2":"BY","Alpha-3":"BLR","id":28},"geometry":{"type":"Polygon","coordinates":[[[23.484999006556734,53.91104838779753],[24.450625869262865,53.91104838779753],[25.54738724418837,54.27316846155913],[25.78581363004173,54.85256057957768],[26.596463341943178,55.166397976837736],[26.489171468309166,55.61703629085218],[27.09715875223526,55.78602565860759],[28.18199880786807,56.164239957869704],[29.219153586330236,55.922826575361974],[29.36220941784225,55.66531896735372],[29.874826147427,55.79407277135784],[30.864295648718468,55.55265938885011],[30.97158752235248,55.08592684933516],[30.74508245579179,54.812325015826396],[31.376912378303217,54.15246177030526],[31.794158553546595,53.97542528979958],[31.734551957083255,53.790341696543656],[32.40214583747269,53.62135232878824],[32.68825750049672,53.34775049527948],[32.294853963838676,53.13852556377278],[31.48420425193723,53.170714014773814],[31.29346314325454,53.074148661770714],[31.543810848400568,52.744217039010145],[31.782237234253927,52.10044801898952],[30.935823564474475,52.04411822973771],[30.61394794357244,51.818799072730506],[30.5543413471091,51.31987808221452],[30.16093781045103,51.42449054796787],[29.242996224915572,51.368160758716066],[28.98072720047685,51.60152702847355],[28.611166302404143,51.43253766071813],[28.22968408503874,51.569338577472514],[27.454798331015297,51.593479915723286],[26.34611563679715,51.826846185480754],[25.33280349692035,51.91536442573359],[24.557917742896876,51.89122308748282],[23.997615736141483,51.61762125397406],[23.544605603020074,51.569338577472514],[23.50884164514207,52.01997689148694],[23.198887343532704,52.48670943100189],[23.806874627458768,52.6959343625086],[23.806874627458768,53.09024288727122],[23.544605603020074,53.4765042992836],[23.484999006556734,53.91104838779753]]]}},{"type":"Feature","properties":{"name":"Belize","Alpha-2":"BZ","Alpha-3":"BLZ","id":29},"geometry":{"type":"Polygon","coordinates":[[[-89.13570435128153,17.803653477390874],[-89.15954698986687,17.956548619645766],[-89.02841247764752,17.99678418339706],[-88.86151400755017,17.87607749214319],[-88.49195310947745,18.47961094841252],[-88.30121200079475,18.503752286663307],[-88.28929068150208,18.358904257158663],[-88.11047089211206,18.3508571444084],[-88.12239221140473,18.077255310899638],[-88.28929068150208,17.64271122238572],[-88.2058414464534,17.489816080130815],[-88.30121200079475,17.127696006369213],[-88.24160540433141,17.031130653366127],[-88.37273991655076,16.532209662850143],[-88.56348102523346,16.26665494209164],[-88.73037949533081,16.234466491090608],[-88.92112060401351,15.896487755579777],[-89.24299622491556,15.896487755579777],[-89.15954698986687,17.015036427865617],[-89.13570435128153,17.803653477390874]]]}},{"type":"Feature","properties":{"name":"Bermuda","Alpha-2":"BM","Alpha-3":"BMU","id":30},"geometry":{"type":"Polygon","coordinates":[[[-64.69699980131134,32.36088044260719],[-64.69699980131134,32.34478621710668],[-64.68507848201867,32.33673910435642],[-64.673157162726,32.34478621710668],[-64.66123584343333,32.35283332985694],[-64.66123584343333,32.36088044260719],[-64.673157162726,32.36892755535745],[-64.673157162726,32.36088044260719],[-64.68507848201867,32.36892755535745],[-64.68507848201867,32.36088044260719],[-64.69699980131134,32.36088044260719],[-64.69699980131134,32.376974668107714],[-64.673157162726,32.376974668107714],[-64.66123584343333,32.38502178085796],[-64.66123584343333,32.376974668107714],[-64.637393204848,32.376974668107714],[-64.637393204848,32.36892755535745],[-64.66123584343333,32.36088044260719],[-64.637393204848,32.35283332985694],[-64.673157162726,32.33673910435642],[-64.68507848201867,32.328691991606156],[-64.69699980131134,32.32064487885591],[-64.708921120604,32.32064487885591],[-64.73276375918934,32.304550653355385],[-64.74468507848201,32.29650354060514],[-64.75660639777468,32.288456427854875],[-64.76852771706734,32.28040931510461],[-64.78044903636003,32.27236220235435],[-64.7923703556527,32.2643150896041],[-64.80429167494536,32.24822086410358],[-64.8281343135307,32.24822086410358],[-64.8638982714087,32.24822086410358],[-64.87581959070137,32.2643150896041],[-64.88774090999404,32.288456427854875],[-64.87581959070137,32.29650354060514],[-64.87581959070137,32.31259776610565],[-64.8638982714087,32.31259776610565],[-64.84005563282336,32.32064487885591],[-64.81621299423803,32.33673910435642],[-64.81621299423803,32.328691991606156],[-64.8281343135307,32.32064487885591],[-64.8638982714087,32.304550653355385],[-64.8281343135307,32.304550653355385],[-64.8638982714087,32.29650354060514],[-64.87581959070137,32.288456427854875],[-64.87581959070137,32.28040931510461],[-64.8638982714087,32.28040931510461],[-64.8638982714087,32.2643150896041],[-64.81621299423803,32.2643150896041],[-64.81621299423803,32.27236220235435],[-64.80429167494536,32.27236220235435],[-64.7923703556527,32.28040931510461],[-64.78044903636003,32.288456427854875],[-64.76852771706734,32.288456427854875],[-64.78044903636003,32.29650354060514],[-64.7923703556527,32.304550653355385],[-64.80429167494536,32.31259776610565],[-64.7923703556527,32.31259776610565],[-64.78044903636003,32.304550653355385],[-64.78044903636003,32.31259776610565],[-64.75660639777468,32.31259776610565],[-64.74468507848201,32.32064487885591],[-64.73276375918934,32.328691991606156],[-64.73276375918934,32.34478621710668],[-64.708921120604,32.35283332985694],[-64.708921120604,32.36088044260719],[-64.69699980131134,32.36088044260719]]]}},{"type":"Feature","properties":{"name":"Bolivia","Alpha-2":"BO","Alpha-3":"BOL","id":31},"geometry":{"type":"Polygon","coordinates":[[[-67.11702761772302,-22.737700558407816],[-67.82038545599046,-22.874501475162198],[-68.22571031194119,-21.490398082117856],[-68.76216968011126,-20.36380229708177],[-68.44029405920921,-19.406195879801096],[-68.9767534273793,-18.979698904037434],[-69.11980925889131,-18.25545875651423],[-69.58474071130539,-17.587548398242838],[-68.9767534273793,-16.50118817695804],[-69.39399960262269,-15.664288450931224],[-69.16749453606198,-15.3263097154204],[-69.35823564474468,-14.948095416158282],[-68.95291078879396,-14.45722153839256],[-68.92906815020862,-13.604227586865235],[-68.89330419233062,-12.912175890343065],[-68.67872044506258,-12.558102929331724],[-69.5370554341347,-10.956727492030424],[-68.78601231869659,-11.045245732283263],[-68.28531690840452,-11.029151506782746],[-68.04689052255115,-10.707266996772432],[-67.17663421418636,-10.296864246509287],[-66.65209616530896,-9.92669705999743],[-65.32882972382276,-9.74966057949176],[-65.42420027816411,-10.50608917801599],[-65.3169084045301,-10.90039770277862],[-65.3884363202861,-11.568308061050018],[-64.30359626465328,-12.461537576328631],[-63.19491357043512,-12.630526944084046],[-62.80151003377706,-13.000694130595903],[-62.13391615338763,-13.201871949352345],[-61.71666997814424,-13.499615121111887],[-61.084840055632824,-13.475473782861108],[-60.512616729584735,-13.781264067370905],[-60.46493145241406,-14.352609072639211],[-60.27419034373136,-14.642305131648492],[-60.262269024438694,-15.084896332912663],[-60.54838068746274,-15.10099055841318],[-60.15497715080468,-16.2597747944503],[-58.24756606397774,-16.30001035820159],[-58.39062189548976,-16.871355363469895],[-58.28333002185575,-17.265663888232524],[-57.723028015100326,-17.555359947241804],[-57.5084442678323,-18.174987629011653],[-57.675342737929654,-18.963604678536917],[-57.94953308166103,-19.398148767050834],[-57.85416252731969,-19.961446659568878],[-58.16411682892907,-20.178718703825837],[-58.176038148221735,-19.872928419316047],[-59.11782237234253,-19.34986609054929],[-60.04768527717067,-19.333771865048774],[-61.78819789390025,-19.63956214955857],[-62.27697198489966,-20.516697439336667],[-62.300814623484996,-21.047806880853678],[-62.682296840850384,-22.25487379339235],[-62.8611166302404,-22.045648861885645],[-63.98172064375123,-22.005413298134357],[-64.37512418040929,-22.81012457316013],[-64.94734750645738,-22.085884425636934],[-66.28253526723624,-21.828376817628687],[-67.11702761772302,-22.737700558407816]]]}},{"type":"Feature","properties":{"name":"Brazil","Alpha-2":"BR","Alpha-3":"BRA","id":32},"geometry":{"type":"Polygon","coordinates":[[[-57.63957878005165,-30.21346830339729],[-56.3043910192728,-28.853506248603725],[-55.1718656864693,-27.879805605822533],[-54.4923504867872,-27.477449968309646],[-53.64593681700774,-26.922199188541857],[-53.63401549771507,-26.125535026266338],[-54.13471090800715,-25.53809579549752],[-54.647327637591886,-25.747320727004222],[-54.43274389032386,-25.159881496235403],[-54.289688058811834,-24.572442265466588],[-54.289688058811834,-24.0171914856988],[-54.67117027617722,-23.83210789244287],[-55.04073117424994,-23.993050147448027],[-55.42221339161533,-23.95281458369674],[-55.529505265249355,-23.574600284434624],[-55.63679713888337,-22.657229430905232],[-55.80369560898072,-22.367533371895952],[-56.47128948937015,-22.09393153838719],[-56.88853566461354,-22.287062244393375],[-57.93761176236836,-22.09393153838719],[-57.87800516590502,-20.72592237084337],[-58.16411682892907,-20.178718703825837],[-57.85416252731969,-19.961446659568878],[-57.94953308166103,-19.398148767050834],[-57.675342737929654,-18.963604678536917],[-57.5084442678323,-18.174987629011653],[-57.723028015100326,-17.555359947241804],[-58.28333002185575,-17.265663888232524],[-58.39062189548976,-16.871355363469895],[-58.24756606397774,-16.30001035820159],[-60.15497715080468,-16.2597747944503],[-60.54838068746274,-15.10099055841318],[-60.262269024438694,-15.084896332912663],[-60.27419034373136,-14.642305131648492],[-60.46493145241406,-14.352609072639211],[-60.512616729584735,-13.781264067370905],[-61.084840055632824,-13.475473782861108],[-61.71666997814424,-13.499615121111887],[-62.13391615338763,-13.201871949352345],[-62.80151003377706,-13.000694130595903],[-63.19491357043512,-12.630526944084046],[-64.30359626465328,-12.461537576328631],[-65.3884363202861,-11.568308061050018],[-65.3169084045301,-10.90039770277862],[-65.42420027816411,-10.50608917801599],[-65.32882972382276,-9.74966057949176],[-66.65209616530896,-9.92669705999743],[-67.17663421418636,-10.296864246509287],[-68.04689052255115,-10.707266996772432],[-68.28531690840452,-11.029151506782746],[-68.78601231869659,-11.045245732283263],[-69.5370554341347,-10.956727492030424],[-70.10927876018279,-11.12571685978584],[-70.55036757401152,-11.01305728128223],[-70.50268229684085,-9.492152971483513],[-71.30141068944963,-10.071545089502074],[-72.17166699781443,-10.047403751251295],[-72.55314921517981,-9.52434142248454],[-73.22074309556923,-9.45996452048248],[-73.00615934830121,-9.033467544718818],[-73.56646135505662,-8.421886975699223],[-73.98370753030001,-7.520610347670356],[-73.73335982515398,-7.335526754414424],[-73.73335982515398,-6.917076891401024],[-73.12537254122789,-6.627380832391744],[-73.22074309556923,-6.096271390874726],[-72.9703953904232,-5.742198429863386],[-72.89886747466718,-5.267418777598174],[-71.74249950327835,-4.591461306576527],[-70.91992847208424,-4.406377713320595],[-70.78879395986489,-4.253482571065696],[-69.90661633220742,-4.301765247567246],[-69.44168487979336,-1.5576997997293418],[-69.41784224120802,-1.1392499367159346],[-69.5728193920127,-0.5437635931968643],[-70.02582952513411,-0.18164351943526214],[-70.02582952513411,0.5425966280879422],[-69.45360619908602,0.7035388830930955],[-69.25094377111067,0.6069735300900021],[-69.22710113252533,0.9851878293521139],[-69.81124577786608,1.0898002951054693],[-69.81124577786608,1.725522202375835],[-67.8799920524538,1.7013808641250563],[-67.54619511225908,2.039359599635887],[-67.27200476852771,1.725522202375835],[-67.06934234055235,1.1300358588567576],[-66.89052255116232,1.2668367756111394],[-66.33022054440691,0.7196331085936123],[-65.55533479038347,0.792057123345927],[-65.3526723624081,1.0898002951054693],[-64.60162924696999,1.3312136776131993],[-64.1843830717266,1.5082501581188694],[-64.07709119809259,1.9186529083820218],[-63.37373335982515,2.2003018546410402],[-63.421418636995824,2.409526786147744],[-64.26783230677528,2.4980450264005825],[-64.39896681899462,3.1257198209206862],[-64.36320286111662,3.7936301791920783],[-64.80429167494536,4.059184899950587],[-64.61355056626266,4.1557502529536805],[-63.88635008940989,4.018949336199299],[-63.08762169680111,3.7694888409413068],[-62.80151003377706,4.010902223449044],[-62.08623087621696,4.171844478454197],[-60.96562686270613,4.533964552215799],[-60.60798728392608,4.920225964228173],[-60.73912179614544,5.193827797736937],[-60.202662427975355,5.24211047423848],[-59.98807868070733,5.008744204481005],[-60.11921319292668,4.574200115967088],[-59.76157361414663,4.421304973712189],[-59.53506854758592,3.9626195469474936],[-59.8092588913173,3.6085465859361534],[-59.964236042121996,2.7555526344088292],[-59.713888336975955,2.2485845311425905],[-59.654281740512616,1.78185199162764],[-59.02245181800119,1.3151194521126826],[-58.53367772700179,1.2748838883613942],[-58.43830717266043,1.468014594367581],[-58.116431551758396,1.5162972708691314],[-57.663421418636986,1.6933337513748015],[-57.32962447844227,1.9508413593830483],[-56.78124379097953,1.8703702318804716],[-56.53089608583349,1.902558682881505],[-56.00635803695609,1.8220875553789284],[-55.92290880190741,2.02326537413537],[-56.077885952712094,2.216396080141557],[-55.97059407907808,2.514139251901092],[-55.57719054242003,2.4175738988979987],[-55.10033777071328,2.522186364651354],[-54.528114444665206,2.3129614331446504],[-54.08702563083648,2.103736501637947],[-53.7770713292271,2.3773383351467103],[-53.55056626266639,2.337102771395422],[-53.419431750447046,2.0554538251364036],[-52.93065765944763,2.1359249526389803],[-52.549175442082245,2.5060921391508373],[-52.251142459765546,3.2383793994242964],[-51.655076495132136,4.163797365703942],[-51.30935823564474,4.212080042205486],[-51.05901053049871,3.6487821496874417],[-50.51062984303596,1.902558682881505],[-49.962249155573204,1.7416164278763446],[-49.93840651698787,1.049564731354181],[-50.689449632425976,0.22071211807762836],[-50.37949533081661,-0.07703105368190677],[-48.63898271408701,-0.23797330868706723],[-48.57937611762367,-1.24386240246929],[-47.82833300218556,-0.5759520441978907],[-46.56467315716273,-0.9461192307097477],[-44.9076097754818,-1.5576997997293418],[-44.430757003775085,-2.1370919177479024],[-44.58573415457977,-2.7003898102659463],[-43.417444863898254,-2.3865524130058944],[-41.474269819193324,-2.90961474177265],[-39.984104907609776,-2.8774262907716164],[-38.49393999602623,-3.698231791297907],[-37.2183588317107,-4.81678046358374],[-36.455394396979926,-5.10647652259302],[-35.59705940790781,-5.1547591990945705],[-35.23941982912774,-5.468596596354622],[-34.90562288893304,-6.740040410895354],[-34.72680309954302,-7.343573867164686],[-35.155970594079065,-8.99323198096753],[-35.63282336578581,-9.645048113738412],[-37.05146036161335,-11.053292845033518],[-37.68329028412478,-12.17184151731935],[-38.42241208027022,-13.048976807097446],[-38.67275978541625,-13.065071032597963],[-38.95887144844028,-13.797358292871422],[-38.88734353268427,-15.672335563681486],[-39.17345519570833,-17.193239873480202],[-39.26882575004967,-17.869197344501856],[-39.590701370951706,-18.263505869264492],[-39.769521160341725,-19.59127947305702],[-40.782833300218556,-20.90295885134904],[-40.93781045102324,-21.932989283382035],[-41.77230280151002,-22.375580484646214],[-41.986886548778045,-22.979113940915546],[-43.059805285118216,-22.97106682816529],[-44.657262070335776,-23.349281127427403],[-45.348698589310544,-23.791872328691582],[-46.46930260282139,-24.08961550045112],[-47.66143453208821,-24.88627966272664],[-48.50784820186766,-25.876074531008346],[-48.650904033379675,-26.62445601678232],[-48.472084243989656,-27.17165968379985],[-48.67474667196501,-28.18559589033233],[-48.90125173852573,-28.676469768098052],[-49.56884561891516,-29.223673435115582],[-50.689449632425976,-30.985991127422036],[-51.559705940790764,-31.782655289697555],[-52.263063779058214,-32.24938782921251],[-52.70415259288694,-33.19090002099267],[-53.371746473276374,-33.77833925176148],[-53.657858136300405,-33.19894713374293],[-53.19292668388634,-32.73221459422797],[-53.7770713292271,-32.05625712320632],[-54.57579972183588,-31.501006343438533],[-55.60103318100536,-30.857237323417912],[-55.97059407907808,-30.889425774418942],[-56.96006358036955,-30.10080872489368],[-57.63957878005165,-30.21346830339729]]]}},{"type":"Feature","properties":{"name":"Barbados","Alpha-2":"BB","Alpha-3":"BRB","id":33},"geometry":{"type":"Polygon","coordinates":[[[-59.61851778263461,13.337505900997805],[-59.55891118617126,13.305317449996771],[-59.53506854758592,13.224846322494194],[-59.403934035366575,13.15242230774188],[-59.511225909000586,13.03976272923827],[-59.63043910192728,13.07999829298955],[-59.666203059805284,13.305317449996771],[-59.61851778263461,13.337505900997805]]]}},{"type":"Feature","properties":{"name":"Brunei","Alpha-2":"BN","Alpha-3":"BRN","id":34},"geometry":{"type":"Polygon","coordinates":[[[114.19431750447052,4.5259174394655375],[114.58772104112859,4.88803751322714],[115.45797734949338,5.443288292994929],[115.4102920723227,4.9524144152292],[115.3387641565667,4.316692507958834],[114.87383270415262,4.348880958959867],[114.67117027617724,4.010902223449044],[114.19431750447052,4.5259174394655375]]]}},{"type":"Feature","properties":{"name":"Bhutan","Alpha-2":"BT","Alpha-3":"BTN","id":35},"geometry":{"type":"Polygon","coordinates":[[[91.71070931849795,27.76597906221],[92.09219153586332,27.444094552199694],[92.03258493939995,26.8325139831801],[91.23385654679117,26.808372644929328],[90.38744287701172,26.880796659681643],[89.7556129545003,26.71985440467649],[88.84959268825753,27.0980687039386],[88.8138287303795,27.291199409944788],[89.48142261076896,28.039580895718764],[90.01788197893899,28.297088503727018],[90.73316113649912,28.063722233969536],[91.2696205046692,28.039580895718764],[91.71070931849795,27.76597906221]]]}},{"type":"Feature","properties":{"name":"Bouvet Island","Alpha-2":"BV","Alpha-3":"BVT","id":36},"geometry":{"type":"Polygon","coordinates":[[[3.349890721239831,-54.37090077967114],[3.4333399562885063,-54.378947892421394],[3.492946552751846,-54.41918345617269],[3.4333399562885063,-54.46746613267423],[3.2545201668984873,-54.47551324542449],[3.2187562090204835,-54.39504211792191],[3.349890721239831,-54.37090077967114]]]}},{"type":"Feature","properties":{"name":"Botswana","Alpha-2":"BW","Alpha-3":"BWA","id":37},"geometry":{"type":"Polygon","coordinates":[[[29.42181601430559,-22.10197865113745],[28.01510033777072,-22.826218798660648],[27.121001390820595,-23.574600284434624],[26.79912576991856,-24.23446352995576],[26.4772501490165,-24.62877205471839],[25.95271210013908,-24.70119606947071],[25.761970991456394,-25.17597572173592],[25.66660043711505,-25.489813118995972],[25.034770514603622,-25.723179388753447],[24.212199483409506,-25.666849599501646],[23.73534671170276,-25.385200653242624],[23.318100536459383,-25.272541074739014],[22.82932644545997,-25.50590734449649],[22.578978740313943,-25.97263988401144],[22.114047287899865,-26.270383055770978],[21.589509239022448,-26.72906848253567],[20.874230081462372,-26.83368094828902],[20.67156765348699,-26.463513761777165],[20.755016888535664,-25.868027418258087],[20.170872243194935,-24.91846811372767],[19.896681899463545,-24.765572971472775],[19.896681899463545,-21.85251815587946],[20.874230081462372,-21.81228259212817],[20.921915358633044,-18.247411643763975],[21.637194516193148,-18.21522319276294],[23.198887343532704,-17.869197344501856],[23.580369560898077,-18.279600094765],[24.224120802702174,-17.885291570002373],[24.522153785018872,-17.885291570002373],[25.082455791774294,-17.659972412995153],[25.261275581164313,-17.740443540497736],[25.642757798529715,-18.537107702773255],[25.84542022650507,-18.714144183278925],[26.1792171666998,-19.285489188547224],[27.299821180210614,-20.38794363533254],[27.728988674746688,-20.50060321383615],[27.740909994039356,-20.85467617484749],[28.01510033777072,-21.4823509693676],[28.789986091794162,-21.643293224372755],[29.42181601430559,-22.10197865113745]]]}},{"type":"Feature","properties":{"name":"Central African Republic","Alpha-2":"CF","Alpha-3":"CAF","id":38},"geometry":{"type":"Polygon","coordinates":[[[15.271210013908217,7.414830916808079],[16.105702364395,7.4872549315604005],[16.28452215378502,7.752809652318909],[16.4514206238824,7.728668314068138],[16.713689648321093,7.503349157060917],[17.965428174051283,7.881563456323036],[18.38267434929466,8.275871981085665],[18.919133717464746,8.629944942097005],[18.811841843830734,8.975970790358097],[19.097953506854765,9.080583256111446],[20.063580369560896,9.008159241359117],[20.99344327438905,9.474891780874067],[21.720643751241823,10.569299114909136],[22.233260480826544,10.97970186517228],[22.865090403337973,11.148691232927696],[22.984303596264652,10.722194257164027],[23.55652692231274,10.086472349893661],[23.56844824160541,9.676069599630516],[23.38962845221539,9.273713962117633],[23.461156367971398,8.951829452107312],[23.806874627458768,8.6701805058483],[24.569839062189573,8.235636417334376],[25.118219749652297,7.817186554320969],[25.130141068944965,7.495302044310662],[25.809656268627066,6.972239715543907],[26.214981124577804,6.545742739780245],[26.46532882972383,5.950256396261167],[27.21637194516194,5.555947871498532],[27.37134909596662,5.234063361488225],[27.049473475064588,5.121403782984615],[26.41764355255316,5.145545121235386],[25.642757798529715,5.258204699738997],[25.28511821974965,5.161639346735903],[25.130141068944965,4.928273076978428],[24.80826544804293,4.88803751322714],[24.41486191138486,5.11335667023436],[23.306179217166715,4.614435679718376],[22.841247764752637,4.702953919971208],[22.71011325253329,4.638577017969148],[22.400158950923924,4.0269964489495536],[21.637194516193148,4.22012715495574],[20.93383667792571,4.324739620709096],[20.302006755414283,4.686859694470698],[19.4675144049275,5.024838429981521],[18.94297635605008,4.702953919971208],[18.54957281939201,4.204032929455231],[18.454202265050668,3.51198123293306],[17.81045102324657,3.5522167966843483],[17.13093582356447,3.7373003899402804],[16.546791178223742,3.190096722922746],[15.998410490760989,2.2646787566431],[15.903039936419646,2.5543748156523804],[15.855354659248974,3.013060242417076],[15.390423206834896,3.326897639677128],[15.02086230876219,3.8580070811941454],[14.949334393006183,4.212080042205486],[14.484402940592105,4.727095258221986],[14.555930856348112,5.024838429981521],[14.448638982714101,5.4513354057451835],[14.532088217762777,6.231905342520186],[14.770514603616135,6.408941823025856],[15.271210013908217,7.414830916808079]]]}},{"type":"Feature","properties":{"name":"Canada","Alpha-2":"CA","Alpha-3":"CAN","id":39},"geometry":{"type":"MultiPolygon","coordinates":[[[[-63.6598450228492,46.547940221311656],[-62.94456586528909,46.411139304557274],[-62.01470296046095,46.435280642808046],[-62.51539837075302,46.03292500529516],[-62.88495926882574,45.968548103293095],[-64.13669779455593,46.3869979663065],[-64.38704549970196,46.72497670181733],[-64.00556328233657,47.03076698632713],[-63.6598450228492,46.547940221311656]]],[[[-61.800119213192914,49.10692207589363],[-62.300814623484996,49.08278073764286],[-63.57639578780051,49.396618134902916],[-64.51818001192132,49.879444899918376],[-64.16054043314126,49.95991602742095],[-62.87303794953307,49.71045553216296],[-61.823961851778265,49.29200566914955],[-61.800119213192914,49.10692207589363]]],[[[-123.52871051062985,48.51143573237456],[-124.00556328233657,48.374634815620176],[-125.66262666401748,48.8252731296346],[-125.9606596463342,49.17934609064594],[-126.84283727399165,49.525371938907035],[-127.03357838267435,49.81506799791631],[-128.04689052255117,50.00015159117225],[-128.4402940592092,50.547355258189775],[-128.34492350486786,50.772674415196995],[-127.30776872640573,50.55540237094004],[-126.69978144247963,50.41055434143539],[-125.75799721835884,50.29789476293178],[-125.42420027816411,49.95186891467069],[-124.93542618716471,49.47708926240549],[-123.93403536658056,49.058639399392085],[-123.52871051062985,48.51143573237456]]],[[[-56.1494138684681,50.69220328769442],[-56.7931651102722,49.80702088516606],[-56.1494138684681,50.1610938461774],[-55.48181998807867,49.93577468917018],[-55.83945956685872,49.5897488409091],[-54.9453606199086,49.31614700740034],[-54.46850784820187,49.54951327715781],[-53.46711702761772,49.25177010539827],[-53.7770713292271,48.519482845124806],[-53.08563481025233,48.68847221288022],[-52.942578978740315,48.149315658612956],[-52.6445459964236,47.52164086409285],[-53.061792171666994,46.652552687065004],[-53.51480230478839,46.61231712331372],[-54.170474865885154,46.80544782931991],[-53.95589111861712,47.61820621709594],[-54.24200278164116,47.75500713385032],[-55.42221339161533,46.877871844072224],[-56.00635803695609,46.91006029507326],[-55.30300019868865,47.38483994733847],[-56.268627061394795,47.6262533298462],[-57.3177031591496,47.569923540594395],[-59.27279952314723,47.60211199159543],[-59.41585535465924,47.907902276105226],[-58.79594675144048,48.24588101161604],[-59.213192926683874,48.52752995787507],[-58.39062189548976,49.1310634141444],[-57.36538843632027,50.72439173869544],[-56.74547983310153,51.29573674396375],[-55.88714484402939,51.63371547947457],[-55.42221339161533,51.593479915723286],[-55.60103318100536,51.31987808221452],[-56.1494138684681,50.69220328769442]]],[[[-132.7081263659845,54.031755079051386],[-131.75442082257103,54.120273319304225],[-132.05245380488773,52.985630421517875],[-131.1941188158156,52.180919146492094],[-131.58752235247368,52.180919146492094],[-132.19550963639978,52.6396045732568],[-132.56507053447248,53.10633711277175],[-133.06576594476456,53.40408028453128],[-133.24458573415458,53.84667148579546],[-133.1969004569839,54.16855599580577],[-132.7081263659845,54.031755079051386]]],[[[-79.26485197695212,62.159338956811744],[-79.65825551361017,61.64432374079525],[-80.0993443274389,61.716747755547566],[-80.37353467117028,62.02253804005736],[-80.30200675541425,62.09496205480968],[-79.93244585734153,62.384658113818965],[-79.52712100139081,62.36051677556819],[-79.26485197695212,62.159338956811744]]],[[[-81.88754222133916,62.71458973657953],[-83.079674150606,62.159338956811744],[-83.78303198887343,62.183480295062516],[-83.99761573614146,62.45708212857128],[-83.24657262070335,62.91576755533598],[-81.87562090204649,62.90772044258572],[-81.88754222133916,62.71458973657953]]],[[[-85.1539837075303,65.65983300317387],[-84.97516391814027,65.2172418019097],[-84.4744685078482,65.37013694416461],[-83.87840254321478,65.10458222340608],[-82.79356248758195,64.76660348789525],[-81.63719451619312,64.45276609063521],[-81.55374528114444,63.986033551120265],[-80.814623484999,64.05845756587257],[-80.0993443274389,63.72047883036175],[-80.99344327438902,63.406641433101704],[-82.55513610172859,63.656101928359696],[-83.10351678919133,64.10674024237412],[-84.10490760977548,63.56758368810686],[-85.51162328631035,63.052568472090364],[-85.85734154579774,63.64000770285917],[-87.21637194516192,63.535395237105824],[-86.3580369560898,64.03431622762182],[-86.21498112457778,64.82293327714706],[-85.8692628650904,65.7322570179262],[-85.1539837075303,65.65983300317387]]],[[[-75.86727597854163,67.1405017492213],[-76.99980131134512,67.09221907271976],[-77.25014901649115,67.58309295048548],[-76.82098152195509,68.14639084300353],[-75.90303993641963,68.28319175975793],[-75.1162328631035,68.0015428134989],[-75.10431154381084,67.57504583773522],[-75.21160341744486,67.43824492098085],[-75.86727597854163,67.1405017492213]]],[[[-95.64474468507848,69.11204437303448],[-96.26465328829724,68.76601852477339],[-97.62368368766143,69.07180880928317],[-98.44625471885556,68.95914923077956],[-99.7814424796344,69.40174043204374],[-98.91118617126962,69.71557782930381],[-98.23167097158752,70.15012191781773],[-97.1468309159547,69.86042585880844],[-96.55076495132127,69.68338937830276],[-96.25273196900457,69.49025867229659],[-95.64474468507848,69.11204437303448]]],[[[-67.14087025630836,45.13164837726628],[-67.79654281740513,45.69494626978433],[-67.79654281740513,47.0549083245779],[-68.23763163123385,47.344604383587175],[-68.91714683091595,47.18366212858202],[-69.239022451818,47.44921684934052],[-70.00198688654878,46.6927882508163],[-70.31194118815814,45.91221831404129],[-70.64573812835286,45.46158000002686],[-71.06298430359627,45.300637745021696],[-71.39678124379097,45.25235506852015],[-71.504073117425,45.00289457326216],[-73.3518776077886,45.00289457326216],[-74.86588515795748,45.00289457326216],[-75.31889529107887,44.809763867255974],[-76.39181402741903,44.10161794523329],[-76.52294853963838,44.02114681773072],[-76.82098152195509,43.63488540571834],[-77.73892310749056,43.63488540571834],[-78.72839260878203,43.62683829296808],[-79.16948142261076,43.46589603796293],[-79.01450427180608,43.27276533195674],[-78.91913371746473,42.966975047446944],[-78.94297635605007,42.862362581693596],[-80.24240015895091,42.36344159117761],[-81.2676336181204,42.21054644892272],[-82.4359229088019,41.67138989465544],[-82.69819193324061,41.67138989465544],[-83.03198887343532,41.832332149660594],[-83.151202066362,41.97718017916524],[-83.115438108484,42.07374553216834],[-82.90085436121598,42.42781849317968],[-82.42400158950923,42.975022160197206],[-82.13788992648519,43.57855561646654],[-82.35247367375322,44.439596680744124],[-82.55513610172859,45.34087330877299],[-83.6042121994834,45.815652961038204],[-83.47307768726405,45.99268944154387],[-83.61613351877607,46.121443245548],[-83.89032386250744,46.121443245548],[-84.09298629048281,46.27433838780289],[-84.15259288694615,46.51575177031062],[-84.34333399562884,46.40309219180701],[-84.61752433936022,46.435280642808046],[-84.54599642360421,46.539893108561394],[-84.77250149016491,46.636458461564494],[-84.86787204450626,46.893966069572734],[-85.6427577985297,47.215850579583055],[-86.45340751043115,47.53773508959336],[-87.4547983310153,47.94009072710626],[-88.38466123584342,48.30221080086785],[-89.27876018279356,48.012514741858574],[-89.61255712298828,48.00446762910831],[-90.84045301013312,48.27002234986683],[-91.65110272203457,48.141268545862694],[-92.60480826544804,48.44705883037249],[-93.63004172461753,48.5999539726274],[-94.32147824359228,48.66433087462945],[-94.63143254520166,48.84136735513513],[-94.82217365388436,49.388571022152654],[-95.14404927478641,49.38052390940239],[-95.14404927478641,49.01035672289054],[-97.23028015100337,49.01035672289054],[-100.65169878799921,49.01035672289054],[-104.06119610570236,49.01035672289054],[-107.05344724816213,49.01035672289054],[-110.06954102920723,49.01035672289054],[-112.99026425591099,49.01035672289054],[-116.04212199483409,49.01035672289054],[-117.03159149612557,49.01035672289054],[-119.98807868070733,49.01035672289054],[-122.83727399165508,49.01035672289054],[-122.96840850387443,49.01035672289054],[-124.92350486787204,49.976010252921476],[-125.62686270613948,50.41860145418564],[-127.4269819193324,50.83705131719905],[-127.98728392608783,51.714186606977144],[-127.83230677528313,52.333814288747],[-129.1198092588913,52.760311264510655],[-129.31055036757402,53.55697542678619],[-130.5146036161335,54.28121557430938],[-130.53844625471885,54.804277903076134],[-129.96622292867076,55.279057555341346],[-129.99006556725612,55.91477946261171],[-131.71865686469303,56.55050136988208],[-132.7438903238625,57.68514426766843],[-133.36379892708126,58.40938441519162],[-134.26981919332405,58.86806984195632],[-134.94933439300615,59.2704254794692],[-135.4619511225909,59.79348780823596],[-136.4752632624677,59.47160329822565],[-137.45281144446653,58.9083054057076],[-138.34691039141666,59.56816865122874],[-139.03834691039143,60.002712739742655],[-140.01589509239022,60.28436168600168],[-141.0053645936817,60.316550137002714],[-141.0053645936817,65.9978117386847],[-140.98152195509635,69.71557782930381],[-139.1217961454401,69.47416444679607],[-137.54818199880788,68.9913376817806],[-136.48718458176037,68.90281944152775],[-135.6169282733956,69.32126930454118],[-134.41287502483607,69.62705958905096],[-132.94655275183788,69.51440001054735],[-131.43254520166897,69.94894409906126],[-129.78740313928074,70.19840459431927],[-129.09596662030597,69.77995473130585],[-128.35684482416053,70.01332100106333],[-128.1422610768925,70.4800535405783],[-127.43890323862507,70.37544107482495],[-125.75799721835884,69.48221155954633],[-124.42280945757997,70.16621614331822],[-124.3035962646533,69.40174043204374],[-123.06377905821577,69.56268268704889],[-122.69421816014305,69.86042585880844],[-121.46632227299821,69.79604895680637],[-119.94039340353666,69.38564620654324],[-117.59189350288099,69.01547902003136],[-116.22094178422412,68.84648965227595],[-115.23147228293264,68.91086655427802],[-113.89628452215378,68.38780422551127],[-115.30300019868865,67.89693034774555],[-113.49095966620305,67.68770541623883],[-110.80866282535267,67.7923178819922],[-109.95032783628055,67.98544858799838],[-108.8774090999404,67.38191513172904],[-107.76872640572223,67.88083612224503],[-108.80588118418439,68.30733309800868],[-108.16212994238029,68.65335894626978],[-106.94615537452812,68.69359451002106],[-106.13550566262666,68.80625408852467],[-105.34869858931054,68.55679359326669],[-104.33538644943373,68.00958992624916],[-103.22670375521557,68.09006105375173],[-101.46234849990066,67.63942273973728],[-99.90065567256109,67.7923178819922],[-98.45817603814822,67.76817654374142],[-98.56546791178224,68.39585133826154],[-97.65944764553943,68.58093493151745],[-96.10967613749254,68.22686197050612],[-96.12159745678521,67.29339689147622],[-95.4897675342738,68.08201394100146],[-94.691039141665,68.0578726027507],[-94.2380290085436,69.07985592203343],[-95.31094774488376,69.69143649105303],[-96.4673157162726,70.08574501581566],[-96.39578780051659,71.19624657535124],[-95.21557719054242,71.92048672287444],[-93.88038942976355,71.76759158061952],[-92.86707728988674,71.32500037935534],[-91.51996820981522,70.19840459431927],[-92.40214583747267,69.70753071655355],[-90.5424200278164,69.49830578504685],[-90.5424200278164,68.46827535301384],[-89.23107490562289,69.26493951528937],[-88.02702165706337,68.62117049526873],[-88.32505463938008,67.87278900949477],[-87.35942777667395,67.1968315384731],[-86.2865090403338,67.91302457324605],[-85.55930856348103,68.79015986302414],[-85.51162328631035,69.88456719705923],[-84.10490760977548,69.80409606955664],[-82.6266640174846,69.66729515280224],[-81.27955493741307,69.16032704953602],[-81.21994834094973,68.66140605902004],[-81.97099145638784,68.130296617503],[-81.25571229882773,67.59114006323574],[-81.38684681104708,67.10831329822028],[-83.35386449433737,66.41626160169812],[-84.7367375322869,66.2633664594432],[-85.76197099145638,66.55306251845249],[-86.04808265448042,66.04609441518625],[-87.02563083647924,65.2172418019097],[-87.32366381879594,64.77465060064551],[-88.49195310947745,64.10674024237412],[-89.91059010530498,64.03431622762182],[-90.70931849791377,63.60781925185815],[-90.78084641366978,62.964050231837525],[-91.91337174647327,62.827249315083144],[-93.14126763361811,62.030585152807625],[-94.2380290085436,60.90398936777154],[-94.63143254520166,60.115372318246266],[-94.691039141665,58.9485409694589],[-93.21279554937412,58.77150448895322],[-92.74786409696006,57.83803940992332],[-92.282932644546,57.08965792414934],[-90.90005960659646,57.28278863015553],[-89.04033379694019,56.84824454164161],[-88.03894297635604,56.4700302423795],[-87.32366381879594,55.99525059011429],[-86.07192529306576,55.721648756605525],[-84.9990065567256,55.31124600634238],[-83.36578581363004,55.24686910434031],[-82.26902443870455,55.150303751337226],[-82.4359229088019,54.27316846155913],[-82.13788992648519,53.28337359327741],[-81.39876813033975,52.15677780824132],[-79.92052453804887,51.20721850371091],[-79.14563878402542,51.53715012647148],[-78.60917941585535,52.56718055850447],[-79.13371746473275,54.136367544804735],[-79.83707530300019,54.675524099072014],[-78.22769719848996,55.142256638586964],[-77.1190145042718,55.834308335109135],[-76.54679117822371,56.526360031631306],[-76.6302404132724,57.20231750265295],[-77.30975561295449,58.047264341430015],[-78.52573018080668,58.80369293995425],[-77.35744089012518,59.857864710238026],[-77.77468706536857,60.767188451017155],[-78.12040532485595,62.32832832456716],[-77.41704748658852,62.56169459432464],[-75.70037750844426,62.288092760815864],[-74.66322272998211,62.183480295062516],[-73.840651698788,62.44903501582103],[-72.91078879395987,62.1110562803102],[-71.65905026822968,61.52361704954138],[-71.37293860520563,61.137355637529005],[-69.58474071130539,61.05688451002643],[-69.62050466918339,60.21998478399963],[-69.29862904828134,58.956588082209144],[-68.38068746274587,58.79564582720399],[-67.6534869858931,58.20820659643518],[-66.19908603218755,58.75541026345271],[-65.23345916948142,59.873958935738536],[-64.56586528909199,60.332644362503224],[-63.790979535068544,59.43941484722462],[-62.51539837075302,58.159923919933625],[-61.39479435724219,56.96090412014522],[-61.800119213192914,56.33322932562512],[-60.46493145241406,55.77797854585733],[-59.55891118617126,55.20663354058903],[-57.9614544009537,54.941078819830516],[-57.32962447844227,54.61919430982021],[-56.936220941784214,53.782294583793394],[-56.16133518776077,53.64549366703901],[-55.767931651102714,53.2672793677769],[-55.696403735346706,52.14068358274081],[-56.41168289290681,51.77051639622895],[-57.126962050466915,51.42449054796787],[-58.772104112855146,51.07041758695653],[-60.023842638585336,50.24961208643024],[-61.71666997814424,50.08866983142507],[-63.86250745082455,50.29789476293178],[-65.3526723624081,50.305941875682045],[-66.40174846016292,50.233517860929716],[-67.2362408106497,49.509277713406526],[-68.5237432942579,49.06668651214235],[-69.9543016093781,47.74696002110007],[-71.11066958076694,46.81349494207016],[-70.26425591098747,46.98248430982557],[-68.65487780647724,48.2941636881176],[-66.5567256109676,49.13911052689466],[-65.04271806079872,49.23567587989775],[-64.16054043314126,48.73675488938178],[-65.11424597655473,48.06884453111038],[-64.78044903636003,46.990531422575835],[-64.45857341545798,46.2341028240516],[-63.17107093184978,45.743228946285875],[-61.52592886946155,45.88807697579052],[-60.5245380488774,47.006625648076344],[-60.453010133121396,46.282385500553154],[-59.79733757202463,45.92026542679155],[-61.049076097754806,45.260402181270415],[-63.26644148619113,44.67296295050159],[-64.23206834889727,44.26256020023845],[-65.36459368170077,43.554414278215766],[-66.12755811643154,43.62683829296808],[-66.16332207430955,44.47178513174514],[-64.4108881382873,45.284543519521186],[-66.02026624279753,45.25235506852015],[-67.14087025630836,45.13164837726628]]],[[[-114.17047486588515,73.11950652266285],[-114.67117027617722,72.65277398314788],[-112.4538048877409,72.95051715490743],[-111.07093184979138,72.45964327714171],[-109.92648519769521,72.95856426765766],[-108.99662229286707,72.63667975764736],[-108.18597258096563,71.64688488936568],[-107.68527717067356,72.06533475237907],[-108.37671368964831,73.0873180716618],[-107.50645738128352,73.24021321391669],[-106.50506656069938,73.07927095891154],[-105.39638386648122,72.67691532139867],[-104.7645539439698,71.70321467861748],[-104.46652096165309,70.99506875659478],[-102.77369362209417,70.49614776607879],[-100.97357440890124,70.0213681138136],[-101.09278760182794,69.58682402529968],[-102.7260083449235,69.51440001054735],[-102.09417842241207,69.12009148578471],[-102.43989668189946,68.76601852477339],[-104.24001589509238,68.91891366702828],[-105.94476455394397,69.18446838778678],[-107.11305384462547,69.12009148578471],[-108.9847009735744,68.79015986302414],[-111.54778462149811,68.63726472076925],[-113.31213987681303,68.52460514226564],[-113.86052056427577,69.01547902003136],[-115.2076296443473,69.28908085354013],[-116.10172859129744,69.16837416228628],[-117.34154579773494,69.95699121181153],[-116.68587323663819,70.06160367756488],[-115.12418040929863,70.23864015807055],[-113.71746473276376,70.19840459431927],[-112.4180409298629,70.36739396207469],[-114.34929465527519,70.60076023183217],[-116.48321080866282,70.52028910432958],[-117.91376912378303,70.5363833298301],[-118.42638585336778,70.92264474184248],[-116.11364991059011,71.31695326660511],[-117.65150009934433,71.30085904110459],[-119.40393403536658,71.56641376186309],[-118.56944168487979,72.30674813488682],[-117.86608384661236,72.70910377239969],[-115.18378700576197,73.32068434141928],[-114.17047486588515,73.11950652266285]]],[[[-104.50228491953109,73.42529680717263],[-105.37254122789588,72.75738644890123],[-106.93423405523544,73.45748525817365],[-106.58851579574807,73.6023332876783],[-105.26524935426187,73.63452173867933],[-104.50228491953109,73.42529680717263]]],[[[-76.34412875024836,73.10341229716232],[-76.24875819590702,72.8217633509033],[-77.32167693224716,72.85395180190432],[-78.39459566858731,72.87004602740484],[-79.47943572422014,72.73324511065047],[-79.77746870653685,72.79762201265251],[-80.87423008146234,73.3367785669198],[-80.83846612358434,73.69889864068139],[-80.36161335187761,73.76327554268346],[-78.0607987283926,73.65061596417985],[-76.34412875024836,73.10341229716232]]],[[[-86.54877806477249,73.15974208641413],[-85.76197099145638,72.53206729189401],[-84.84402940592092,73.34482567967004],[-82.30478839658255,73.7552284299332],[-80.60003973773097,72.71715088514995],[-80.75501688853566,72.05728763962881],[-78.7760778859527,72.35503081138836],[-77.82237234253924,72.7412922234007],[-75.60500695410292,72.24237123288475],[-74.22213391615338,71.76759158061952],[-74.1029207232267,71.3330474921056],[-72.23127359427777,71.56641376186309],[-71.19411881581561,70.92264474184248],[-68.78601231869659,70.52028910432958],[-67.92767732962447,70.12598057956694],[-66.96205046691833,69.18446838778678],[-68.80985495728193,68.7257829610221],[-66.44943373733359,68.0578726027507],[-64.8638982714087,67.84060055849375],[-63.421418636995824,66.9312768177146],[-61.8478044903636,66.85080569021204],[-62.15775879197297,66.15875399368986],[-63.91019272799522,64.99996975765274],[-65.13808861514006,65.42646673341639],[-66.73554540035764,66.39212026344734],[-68.02304788396582,66.2633664594432],[-68.15418239618518,65.69202145417492],[-67.09318497913769,65.10458222340608],[-65.74607589906616,64.64589679664141],[-65.30498708523743,64.38034207588288],[-64.66123584343333,63.39054720760118],[-65.00695410292072,62.67435417282824],[-66.28253526723624,62.947956006337],[-68.78601231869659,63.73657305586227],[-67.37929664216173,62.88357910433495],[-66.33022054440691,62.288092760815864],[-66.16332207430955,61.934019799804524],[-68.89330419233062,62.33637543731742],[-71.01529902642558,62.91576755533598],[-72.23127359427777,63.39859432035144],[-71.88555533479038,63.68024326661047],[-73.37572024637393,64.19525848262697],[-74.8181998807868,64.67808524764243],[-74.80627856149414,64.38034207588288],[-77.69123783031988,64.22744693362799],[-78.54957281939201,64.58151989463934],[-77.89390025829525,65.29771292941228],[-76.01033181005364,65.32185426766304],[-73.947943572422,65.45060807166718],[-74.28174051261672,65.81272814542876],[-73.93602225312934,66.31164913594475],[-72.63659845022849,67.28534977872596],[-72.92271011325253,67.72794097999014],[-73.30419233061792,68.0578726027507],[-74.84204251937214,68.54069936776617],[-76.88058811841843,68.90281944152775],[-76.22491555732167,69.15227993678576],[-77.28591297436915,69.77190761855562],[-78.16809060202662,69.82823740780742],[-78.9668189946354,70.17426325606849],[-79.4913570435128,69.87652008430896],[-81.29147625670574,69.74776628030483],[-84.93939996026226,69.97308543731205],[-87.04947347506457,70.25473438357108],[-88.68269421816014,70.40762952582597],[-89.51718656864692,70.76170248683732],[-88.48003179018478,71.22843502635226],[-89.88674746671964,71.22843502635226],[-90.22054440691436,72.23432412013449],[-89.43373733359824,73.12755363541308],[-88.40850387442876,73.5460034984265],[-85.82157758791972,73.80351110643474],[-86.54877806477249,73.15974208641413]]],[[[-100.3536658056825,73.84374667018602],[-99.14961255712298,73.63452173867933],[-97.38525730180807,73.76327554268346],[-97.11106695807669,73.47357948367417],[-98.06477250149017,72.98270560590845],[-96.52692231273593,72.5562086301448],[-96.71766342141864,71.65493200211591],[-98.36280548380687,71.2767177028538],[-99.32843234651301,71.36523594310665],[-100.01986886548778,71.74345024236877],[-102.4995032783628,72.50792595364325],[-102.48758195907013,72.82981046365356],[-100.44903636002384,72.70910377239969],[-101.53387641565666,73.36091990517056],[-100.3536658056825,73.84374667018602]]],[[[-93.20087423008145,72.77348067440175],[-94.26187164712894,72.03314630137805],[-95.4063182992251,72.05728763962881],[-96.02622690244387,72.94247004215717],[-96.0143055831512,73.44139103267315],[-95.4897675342738,73.85984089568655],[-94.50029803298231,74.13344272919531],[-92.41406715676534,74.09320716544403],[-90.5066560699384,73.85984089568655],[-91.99682098152195,72.95856426765766],[-93.20087423008145,72.77348067440175]]],[[[-120.4530101331214,71.38937728135741],[-123.09954301609378,70.91459762909221],[-123.61215974567853,71.34109460485587],[-125.93681700774886,71.87220404637287],[-125.50764951321278,72.2906539093863],[-124.81621299423803,73.01489405690947],[-123.94595668587323,73.68280441518087],[-124.92350486787204,74.2863378714502],[-121.54977150804689,74.45532723920562],[-120.10729187363401,74.24610230769892],[-117.55612954500297,74.18977251844711],[-116.57858136300416,73.8920293466876],[-115.50566262666402,73.47357948367417],[-116.7574011523942,73.23216610116646],[-119.21319292668389,72.51597306639351],[-120.4530101331214,71.81587425712107],[-120.4530101331214,71.38937728135741]]],[[[-93.61812040532485,74.97034245522212],[-94.14265845420226,74.58408104320975],[-95.60898072720047,74.66455217071231],[-96.82495529505265,74.93010689147084],[-96.27657460758991,75.38074520548525],[-94.8460162924697,75.64629992624378],[-93.9757599841049,75.29222696523243],[-93.61812040532485,74.97034245522212]]],[[[-98.5058613153189,76.71656592202805],[-97.73097556129545,76.25788049526338],[-97.70713292271012,75.74286527924687],[-98.14822173653884,74.99448379347291],[-99.81720643751241,74.88987132771953],[-100.8782038545599,75.05081358272469],[-100.86628253526723,75.64629992624378],[-102.4995032783628,75.5658287987412],[-102.57103119411882,76.33835162276594],[-101.48619113848599,76.31421028451518],[-99.97218358831711,76.64414190727575],[-98.60123186966024,76.57976500527369],[-98.5058613153189,76.71656592202805]]],[[[-108.1978939002583,76.20155070601157],[-107.80449036360024,75.85552485775048],[-106.92231273594277,76.01646711275563],[-105.87323663818796,75.96818443625409],[-105.7063381680906,75.46926344573811],[-106.31432545201669,74.99448379347291],[-109.71190145042718,74.84963576396825],[-112.22729982118021,74.41509167545433],[-113.7413073713491,74.39095033720355],[-113.87244188356844,74.72088195996412],[-111.79813232664415,75.1634731612283],[-116.31631233856547,75.03471935722419],[-117.71110669580767,75.21175583772987],[-116.3401549771508,76.20155070601157],[-115.41029207232266,76.48319965227057],[-112.59686071925293,76.1371738040095],[-110.82058414464534,75.55778168599093],[-109.06815020862308,75.46121633298785],[-110.49870852374329,76.42686986301877],[-109.58076693820783,76.78898993678038],[-108.54361215974568,76.67633035827677],[-108.1978939002583,76.20155070601157]]],[[[-94.691039141665,77.09478022129016],[-93.58235644744684,76.77289571127986],[-91.61533876415656,76.77289571127986],[-90.74508245579177,76.44296408851929],[-90.98350884164513,76.0808440147577],[-89.83906218954897,75.85552485775048],[-89.20723226703755,75.61411147524274],[-87.84820186767335,75.57387591149146],[-86.36995827538247,75.47731055848837],[-84.78442280945758,75.70262971549559],[-82.75779852970395,75.78310084299815],[-81.13649910590105,75.71872394099609],[-80.05165905026823,75.33246252898371],[-79.83707530300019,74.92205977872058],[-80.45698390621895,74.65650505796208],[-81.95907013709517,74.43923301370512],[-83.23465130141068,74.55993970495896],[-86.08384661235843,74.40704456270407],[-88.15815616928273,74.39095033720355],[-89.77945559308563,74.51970414120768],[-92.41406715676534,74.83354153846773],[-92.7717067355454,75.38879231823552],[-92.8789986091794,75.87966619600124],[-93.88038942976355,76.32225739726542],[-95.95469898668786,76.43491697576903],[-97.11106695807669,76.7487543730291],[-96.74150606000397,77.15915712329223],[-94.691039141665,77.09478022129016]]],[[[-122.84919531094775,76.11303246575872],[-121.1682892906815,76.86141395153271],[-119.10590105304988,77.50518297155332],[-117.56805086429564,77.4890887460528],[-116.19709914563879,77.64198388830769],[-116.3401549771508,76.86946106428294],[-117.10311941188158,76.53148232877214],[-118.0329823167097,76.48319965227057],[-119.90462944565866,76.05670267650692],[-121.50208623087622,75.89576042150176],[-122.84919531094775,76.11303246575872]]],[[[-93.84462547188555,77.51323008430359],[-94.28571428571428,77.48104163330254],[-96.15736141466321,77.55346564805487],[-96.44347307768726,77.82706748156363],[-94.41684879793364,77.81097325606311],[-93.7134909596662,77.6258896628072],[-93.84462547188555,77.51323008430359]]],[[[-110.18875422213391,77.682219452059],[-112.07232267037551,77.40861761855024],[-113.53864494337373,77.72245501581028],[-112.72799523147228,78.05238663857085],[-111.27359427776673,78.14895199157394],[-109.86687860123186,77.99605684931905],[-110.18875422213391,77.682219452059]]],[[[-109.67613749254917,78.59154319283812],[-110.89211206040135,78.39841248683194],[-112.54917544208226,78.4064595995822],[-112.52533280349692,78.55130762908684],[-111.50009934432744,78.84905080084638],[-110.96363997615735,78.80881523709508],[-109.67613749254917,78.59154319283812]]],[[[-95.83548579376117,78.06043375132111],[-97.31372938605205,77.85925593256465],[-98.12437909795351,78.08457508957187],[-98.56546791178224,78.45474227608375],[-98.64891714683091,78.87319213909714],[-97.3375720246374,78.83295657534586],[-96.74150606000397,78.7685796733438],[-95.5612954500298,78.41450671233244],[-95.83548579376117,78.06043375132111]]],[[[-100.06755414265845,78.32598847207962],[-99.66222928670773,77.90753860906622],[-101.30737134909596,78.02019818756983],[-102.9525134114842,78.3501298103304],[-105.1818001192132,78.37427114858116],[-104.21617325650705,78.68006143309097],[-105.43214782435922,78.92147481559869],[-105.49175442082257,79.2996891148608],[-103.52473673753228,79.17093531085669],[-100.83051857738923,78.80881523709508],[-100.06755414265845,78.32598847207962]]],[[[-87.01370951718657,79.66180918862241],[-85.79773494933438,79.3399246786121],[-87.18060798728392,79.0341343941023],[-89.04033379694019,78.28575290832833],[-90.80468905225511,78.213328893576],[-92.86707728988674,78.3501298103304],[-93.95191734551956,78.75248544784327],[-93.91615338764156,79.12265263435515],[-93.12934631432545,79.38016024236339],[-94.97715080468905,79.37211312961313],[-96.07391217961454,79.71009186512396],[-96.70574210212597,80.15268306638814],[-96.0143055831512,80.60332138040258],[-95.32286906417643,80.90911166491236],[-94.28571428571428,80.98153567966469],[-94.726803099543,81.20685483667191],[-92.40214583747267,81.26318462592371],[-91.13848599244983,80.72402807165642],[-89.45757997218358,80.51480314014972],[-87.81243790979535,80.32971954689381],[-87.01370951718657,79.66180918862241]]],[[[-68.51182197496523,83.09792633298247],[-65.81760381482216,83.03354943098043],[-63.671766342141865,82.89674851422603],[-61.8478044903636,82.63119379346753],[-61.89548976753427,82.36563907270903],[-64.31551758394595,81.93109498419511],[-66.75938803894297,81.72991716543865],[-67.6534869858931,81.50459800843143],[-65.49572819392012,81.50459800843143],[-67.83230677528313,80.9010645521621],[-69.48937015696403,80.61136849315284],[-71.17027617723028,79.79861010537678],[-73.2326644148619,79.63766785037163],[-73.876415656666,79.4364900316152],[-76.91635207629643,79.32383045311158],[-75.53347903834691,79.20312376185771],[-76.22491555732167,79.02608728135203],[-75.39042320683488,78.52716629083605],[-76.34412875024836,78.18114044257499],[-77.88197893900258,77.89949149631596],[-78.37075303000198,77.49713585880306],[-79.76554738724418,77.20743979979378],[-79.62249155573217,76.98212064278655],[-77.91774289688058,77.0143090937876],[-77.88197893900258,76.77289571127986],[-80.56427577985296,76.17740936776079],[-83.17504470494734,76.45101120126955],[-86.0957679316511,76.29811605901466],[-87.60977548181998,76.41882275026853],[-89.49334393006158,76.47515253952034],[-89.62447844228095,76.94993219178554],[-87.77667395191735,77.17525134879276],[-88.26544804291674,77.89949149631596],[-87.65746075899065,77.96386839831803],[-84.97516391814027,77.52932430980408],[-86.34611563679714,78.18114044257499],[-87.9793363798927,78.3662240358309],[-87.14484402940592,78.76053256059353],[-85.36856745479832,79.00194594310128],[-85.08245579177428,79.34797179136234],[-86.48917146830915,79.73423320337471],[-86.91833896284521,80.25729553214148],[-84.21219948340949,80.2170599683902],[-83.41347109080071,80.10440038988659],[-81.85177826346116,80.46652046364818],[-84.10490760977548,80.58722715490205],[-87.60977548181998,80.52285025289999],[-89.3741307371349,80.86082898841082],[-90.20862308762169,81.27123173867398],[-91.37691237830319,81.54483357218274],[-91.6034174448639,81.89890653319407],[-90.10133121398768,82.08399012645],[-88.95688456189151,82.11617857745102],[-86.9660242400159,82.27712083245618],[-85.48778064772502,82.65533513171829],[-84.25988476058016,82.60705245521675],[-83.17504470494734,82.31735639620749],[-82.42400158950923,82.85651295047475],[-81.10073514802305,83.02550231823017],[-79.30061593483012,83.13011478398352],[-76.24875819590702,83.1703503477348],[-75.7242201470296,83.06573788198145],[-72.81541823961851,83.23472724973686],[-70.65765944764553,83.1703503477348],[-68.51182197496523,83.09792633298247]]]]}},{"type":"Feature","properties":{"name":"Cocos Islands","Alpha-2":"CC","Alpha-3":"CCK","id":40},"geometry":{"type":"Polygon","coordinates":[[[96.80111265646735,-11.809721443557748],[96.8964832108087,-12.083323277066512],[97.03953904232071,-12.139653066318317],[96.9680111265647,-12.244265532071672],[96.72958474071135,-12.204029968320384],[96.82495529505269,-12.083323277066512],[96.80111265646735,-11.809721443557748]]]}},{"type":"Feature","properties":{"name":"Switzerland","Alpha-2":"CH","Alpha-3":"CHE","id":41},"geometry":{"type":"Polygon","coordinates":[[[9.584740711305386,47.51359375134259],[9.62050466918339,47.33655727083691],[9.477448837671375,47.103191001079445],[9.930458970792785,46.91006029507326],[10.431154381084838,46.885918956822486],[10.35962646532883,46.48356331930959],[9.906616332207449,46.31457395155419],[9.179415855354677,46.435280642808046],[8.964832108086625,46.04097211804541],[8.487979336379908,46.00073655429413],[8.30915954698989,46.15363169654902],[7.748857540234468,45.82370007378845],[7.272004768527722,45.77541739728691],[6.854758593284345,45.98464232879362],[6.509040333796946,46.427233530057784],[6.032187562090201,46.27433838780289],[6.0441088813828685,46.72497670181733],[6.771309358235641,47.28022748158511],[6.735545400357637,47.5296879768431],[7.188555533479047,47.44921684934052],[7.462745877210409,47.61820621709594],[8.321080866282557,47.610159104345676],[8.511821974965244,47.82743114860265],[9.584740711305386,47.51359375134259]]]}},{"type":"Feature","properties":{"name":"Chile","Alpha-2":"CL","Alpha-3":"CHL","id":42},"geometry":{"type":"MultiPolygon","coordinates":[[[[-68.64295648718458,-52.64077153836572],[-68.63103516789191,-54.86982177018712],[-67.55811643155175,-54.86982177018712],[-66.96205046691833,-54.893963108437895],[-67.29584740711304,-55.296318745950785],[-68.15418239618518,-55.61015614321084],[-68.64295648718458,-55.5779676922098],[-69.239022451818,-55.49749656470723],[-69.9543016093781,-55.19975339294769],[-71.00337770713291,-55.04685825069279],[-72.2551162328631,-54.499654583675266],[-73.2684283727399,-53.95245091665773],[-74.65130141068944,-52.84194935712216],[-73.840651698788,-53.0431271758786],[-72.42201470296045,-53.71103753415],[-71.11066958076694,-54.073157607911604],[-70.59805285118219,-53.61447218114691],[-70.26425591098747,-52.938514710125254],[-69.35823564474468,-52.52811195986211],[-68.64295648718458,-52.64077153836572]]],[[[-67.11702761772302,-22.737700558407816],[-66.99781442479635,-22.995208166416063],[-67.33161136499105,-24.025238598449057],[-68.41645142062387,-24.52415958896504],[-68.39260878203854,-26.1899119282684],[-68.60719252930657,-26.503749325528453],[-68.29723822769719,-26.898057850291085],[-69.0125173852573,-27.517685532060934],[-69.6562686270614,-28.451150611090835],[-70.01390820584145,-29.360474351869964],[-69.93045897079276,-30.3261278819009],[-70.53844625471885,-31.37225253943441],[-70.08543612159745,-33.086287555239316],[-69.81124577786608,-33.27137114849525],[-69.81124577786608,-34.19678911477489],[-70.39539042320683,-35.17048975755608],[-70.3715477846215,-36.00738948358289],[-71.1225909000596,-36.65115850360351],[-71.1225909000596,-37.5685293571329],[-70.80071527915756,-38.55832422541461],[-71.40870256308364,-38.91239718642595],[-71.67097158752235,-39.80562670170456],[-71.90939797337572,-40.835657133737556],[-71.74249950327835,-42.05077115902648],[-72.14782435922908,-42.259996090533186],[-71.90939797337572,-43.410733213820045],[-71.44446652096165,-43.7809004003319],[-71.79018478044902,-44.207397376095564],[-71.32525332803496,-44.41662230760227],[-71.21796145440095,-44.77874238136387],[-71.64712894893701,-44.963825974619795],[-71.55175839459567,-45.56735943088913],[-71.90939797337572,-46.8870859219314],[-72.43393602225312,-47.74007987345873],[-72.32664414861911,-48.24704797672497],[-72.63659845022849,-48.874722771245075],[-73.41148420425193,-49.309266859759],[-73.32803496920326,-50.37148574279303],[-72.98231670971587,-50.74970004205514],[-72.30280151003377,-50.68532314005308],[-72.32664414861911,-51.43370462582705],[-71.90939797337572,-52.01309674384561],[-69.51321279554936,-52.14989766059999],[-68.57142857142857,-52.31083991560515],[-69.45360619908602,-52.30279280285489],[-69.94238029008542,-52.544206185362626],[-70.8245579177429,-52.898279146373966],[-71.00337770713291,-53.83979133815413],[-71.4206238823763,-53.8639326764049],[-72.55314921517981,-53.53400105364433],[-73.69759586727598,-52.833902244371906],[-74.93741307371349,-52.27060435185386],[-75.25928869461553,-51.634882444583496],[-74.97317703159149,-51.03939610106442],[-75.47387244188356,-50.37148574279303],[-75.60500695410292,-48.67354495248863],[-75.17583945956686,-47.715938535207954],[-74.12676336181204,-46.93536859843295],[-75.64077091198092,-46.64567253942367],[-74.67514404927478,-45.768537249645576],[-74.35326842837273,-44.11083202309247],[-73.2326644148619,-44.456857871353556],[-72.72004768527717,-42.38070278178705],[-73.3876415656666,-42.1231951737788],[-73.69759586727598,-43.37049765006876],[-74.34134710908006,-43.233696733314375],[-74.00755016888534,-41.80131066376849],[-73.66183190939797,-39.94242761845894],[-73.22074309556923,-39.25842303468703],[-73.50685475859328,-38.284722391905845],[-73.59030399364195,-37.15812660686975],[-73.1611364991059,-37.11789104311846],[-72.55314921517981,-35.50846849306691],[-71.84979137691238,-33.91514016851586],[-71.4206238823763,-32.42642430971818],[-71.65905026822968,-30.921614225419972],[-71.37293860520563,-30.092761612143423],[-71.49215179813233,-28.861553361353984],[-70.90800715279157,-27.6383922233148],[-70.72918736340155,-25.715132276003192],[-70.4073117424995,-23.630930073686425],[-70.10927876018279,-21.401879841865025],[-70.16888535664613,-19.752221728062175],[-70.38346910391417,-18.34397699676707],[-69.85893105503675,-18.086469388758815],[-69.58474071130539,-17.587548398242838],[-69.11980925889131,-18.25545875651423],[-68.9767534273793,-18.979698904037434],[-68.44029405920921,-19.406195879801096],[-68.76216968011126,-20.36380229708177],[-68.22571031194119,-21.490398082117856],[-67.82038545599046,-22.874501475162198],[-67.11702761772302,-22.737700558407816]]]]}},{"type":"Feature","properties":{"name":"China","Alpha-2":"CN","Alpha-3":"CHN","id":43},"geometry":{"type":"MultiPolygon","coordinates":[[[[110.34373137293863,18.672741654418708],[109.48539638386649,18.19796200215351],[108.65090403337973,18.503752286663307],[108.6151400755017,19.36479335094088],[109.12775680508645,19.81543166495532],[110.21259686071926,20.105127723964593],[110.79674150606002,20.089033498464083],[111.01132525332804,19.694724973701447],[110.582157758792,19.26018088518753],[110.34373137293863,18.672741654418708]]],[[[116.6858732366382,49.895539125418885],[117.87800516590505,49.509277713406526],[119.29664216173256,50.15304673342714],[119.28472084243992,50.587590821941056],[120.17881978939005,51.64176259222483],[120.73912179614547,51.963647102235136],[120.72720047685277,52.518897882002925],[120.17881978939005,52.75226415176041],[121.00139082058416,53.25118514227639],[122.24120802702168,53.436268735532316],[123.57639578780055,53.46041007378309],[125.06656069938407,53.16266690202355],[125.94873832704155,52.79249971551169],[126.56864693026029,51.77856350897921],[126.95012914762566,51.352066533215556],[127.27200476852772,50.74048596419596],[127.6534869858931,49.758738208664504],[129.39399960262273,49.44490081140446],[130.57421021259688,48.728707776631516],[130.9914563878403,47.787195584851354],[132.52930657659448,47.787195584851354],[133.37572024637393,48.18150410961399],[135.02086230876216,48.47120016862326],[134.48440294059213,47.57797065334466],[134.1148420425194,47.20780346683279],[133.7810451023247,46.121443245548],[133.1015299026426,45.13969549001654],[131.89747665408305,45.31673197052222],[131.03914166501096,44.97070612226113],[131.28948937015696,44.109665057983555],[131.15835485793764,42.93478659644591],[130.6338168090602,42.89455103269463],[130.6338168090602,42.395630042178645],[129.99006556725612,42.98306927294747],[129.58474071130541,42.41977138042942],[128.04689052255117,42.00132151741601],[128.20186767335588,41.47021207589899],[127.33161136499109,41.502400526900026],[126.86667991257701,41.816237924160085],[126.18716471289491,41.11613911488765],[125.07848201867677,40.568935447870125],[124.26783230677529,39.92516642784951],[122.86111663024042,39.635470368840224],[122.13391615338764,39.16873782932527],[121.04907609775483,38.91123022131702],[121.58553546592492,39.36991564808172],[121.3709517186569,39.756177060094096],[122.16968011126568,40.42408741836548],[121.63322074309559,40.94714974713224],[120.7629644347308,40.58502967337065],[119.64236042121996,39.901025089598726],[119.02245181800123,39.25725606957811],[118.0449036360024,39.20092628032631],[117.53228690641765,38.73419374081136],[118.06874627458774,38.05018915703945],[118.87939598648916,37.889246902034294],[118.91515994436719,37.446655700770116],[119.70196701768333,37.148912529010566],[120.82257103119412,37.86510556378351],[121.71666997814424,37.478844151771135],[122.36042121994836,37.446655700770116],[122.51539837075302,36.93164048475361],[121.10868269421815,36.658038651244844],[120.63182992251143,36.11083498422732],[119.678124379098,35.603866880961085],[119.15358633022055,34.911815184438915],[120.22650506656072,34.36461151742139],[120.61990860321879,33.37481664913967],[121.22789588714488,32.46549290836054],[121.91933240611962,31.701017197086053],[121.89548976753429,30.952635711312077],[121.25173852573022,30.670986765053065],[121.50208623087622,30.14792443628631],[122.09815219550967,29.842134151776513],[121.94317504470496,29.021328651250222],[121.6928273395589,28.21661737622444],[121.12060401351084,28.128099135971603],[120.40532485595077,27.05783314018732],[119.5827538247566,25.738106649145045],[118.6528909199285,24.555181074857153],[117.2938605205643,23.621715995827252],[115.88714484402942,22.784816269800437],[114.75461951122594,22.68020380404709],[114.14663222729985,22.23761260278291],[113.80091396781245,22.55145000004297],[113.22869064176439,22.044481896776723],[111.85773892310749,21.553608019011],[110.79674150606002,21.392665764005848],[110.46294456586531,20.346541106472337],[109.8907212398172,20.28216420447027],[109.6403735346712,21.014451464743722],[109.86687860123186,21.392665764005848],[108.50784820186766,21.714550274016155],[108.05483806874628,21.553608019011],[107.02960460957678,21.81111562701924],[106.56467315716276,22.22956549003265],[106.71965030796741,22.7928633825507],[105.82555136101729,22.969899863056362],[105.33677727001788,23.356161275068736],[104.47844228094579,22.81700472080147],[103.50089409894696,22.70434514229786],[102.71408702563087,22.712392255048123],[102.17762765746079,22.47097887254038],[101.65308960858334,22.318083730285487],[101.8199880786807,21.175393719748875],[101.27160739121797,21.19953505799966],[101.17623683687663,21.44094844050739],[101.1404728789986,21.843304078020275],[100.41327240214588,21.56165513176125],[99.97218358831714,21.738691612266926],[99.24498311146436,22.116905911529038],[99.5191734551957,22.94575852480559],[98.89926485197697,23.14693634356204],[98.67275978541625,24.05626008434117],[97.61176236836877,23.887270716585753],[97.71905424200281,25.086290516374156],[98.67275978541625,25.90709601690046],[98.72044506258692,26.74399574292726],[98.69660242400158,27.508471454201747],[98.2555136101729,27.74183772395923],[97.9097953506855,28.32927695472805],[97.32565070534474,28.264900052725984],[96.25273196900457,28.409748082230628],[96.59845022849197,28.820150832493773],[96.10967613749256,29.45587273976414],[95.40631829922512,29.02937576400047],[94.55990462944567,29.278836259258462],[93.40353665805685,28.63506723923785],[92.49751639181403,27.886685753463873],[91.71070931849795,27.76597906221],[91.2696205046692,28.039580895718764],[90.73316113649912,28.063722233969536],[90.01788197893899,28.297088503727018],[89.48142261076896,28.039580895718764],[88.8138287303795,27.291199409944788],[88.73037949533085,28.087863572220307],[88.12239221140476,27.87059152796335],[86.95410292072324,27.97520399371671],[85.82157758791976,28.200523150723917],[84.99900655672565,28.63506723923785],[84.23604212199484,28.828197945244035],[83.89032386250744,29.327118935760005],[83.35386449433736,29.463919852514387],[82.34055235446056,30.12378309803554],[81.52990264255914,30.42957338254532],[81.12457778660837,30.18011288728733],[79.7297834293662,30.888258809310024],[78.74031392807473,31.52398071658039],[78.442280945758,32.618388050615444],[79.16948142261077,32.48158713386106],[79.21716669978144,32.996602349877556],[78.79992052453804,33.51161756589405],[78.91913371746472,34.32437595367009],[77.82237234253927,35.491207302457475],[76.18915159944368,35.89356293997036],[75.90303993641965,36.666085763995106],[75.15199682098154,37.124771190759795],[74.98509835088419,37.41446724976908],[74.8181998807868,37.99385936778764],[74.86588515795748,38.372073667049754],[74.24597655473875,38.613487049557484],[73.92410093383668,38.500827471053874],[73.66183190939799,39.434292550083775],[73.94794357242202,39.659611707090995],[73.81680906020267,39.89297797684848],[74.77051460361614,40.367757629113676],[75.4619511225909,40.56088833511986],[76.53486985893107,40.42408741836548],[76.91635207629645,41.07590355113637],[78.1800119213193,41.18051601688972],[78.54957281939204,41.590918767152864],[80.12318696602426,42.12202820866988],[80.25432147824358,42.3473473656771],[80.18279356248757,42.92673948369566],[80.86230876216968,43.1842470917039],[79.96820981521955,44.91437633300932],[81.95907013709518,45.30868485777196],[82.45976554738724,45.53400401477918],[83.17504470494737,47.3204630453364],[85.1539837075303,46.9985785353261],[85.71428571428572,47.44921684934052],[85.7619709914564,48.44705883037249],[86.5964633419432,48.55167129612584],[87.37134909596665,49.21958165439724],[87.76475263262466,49.300052781899815],[88.01510033777072,48.5999539726274],[88.86151400755017,48.06884453111038],[90.28015100337774,47.698677344598515],[90.98350884164518,46.885918956822486],[90.60202662427974,45.7190876080351],[90.94774488376714,45.284543519521186],[92.1279554937413,45.11555415176577],[93.47506457381286,44.97875323501139],[94.69103914166504,44.351078440491285],[95.31094774488378,44.238418861987675],[95.75203655871252,43.321048008458284],[96.34810252334591,42.725561664939214],[97.45678521756412,42.74165589043972],[99.50725213590306,42.524383846182765],[100.85436121597456,42.66118476293715],[101.84383071726603,42.5163367334325],[103.32207430955691,41.90475616441292],[104.51420623882376,41.90475616441292],[104.9672163719452,41.607012992653374],[106.11166302404132,42.13007532142013],[107.73296244784422,42.484148282431484],[109.24696999801313,42.524383846182765],[110.41525928869464,42.87040969444386],[111.13053844625472,43.417613361461385],[111.84581760381485,43.74754498422195],[111.6789191337175,44.07747660698252],[111.35704351281544,44.455690906244634],[111.88158156169283,45.09945992626526],[112.45380488774094,45.00289457326216],[113.46711702761775,44.80171675450571],[114.46850784820191,45.33282619602273],[115.98251539837077,45.727134720785365],[116.72163719451623,46.3869979663065],[117.42499503278367,46.66864691256553],[118.87939598648916,46.80544782931991],[119.678124379098,46.6927882508163],[119.77349493343934,47.03881409907738],[118.85555334790382,47.74696002110007],[118.06874627458774,48.06884453111038],[117.30578183985693,47.698677344598515],[116.31631233856547,47.85157248685342],[115.73216769322471,47.73086579559955],[115.48181998807871,48.13322143311243],[116.18517782634615,49.13911052689466],[116.6858732366382,49.895539125418885]]]]},"id":42},{"type":"Feature","properties":{"name":"Ivory Coast","Alpha-2":"CI","Alpha-3":"CIV","id":44},"geometry":{"type":"Polygon","coordinates":[[[-2.861116630240417,4.992649978980488],[-3.3022054440691306,4.984602866230233],[-4.005563282336567,5.169686459486158],[-4.649314524140664,5.161639346735903],[-5.841446453407514,4.992649978980488],[-6.532882972382282,4.702953919971208],[-7.510431154381081,4.3408338462096125],[-7.713093582356436,4.364975184460384],[-7.617723028015092,5.17773357223642],[-7.522352473673749,5.314534488990802],[-7.5700377508444205,5.70884301375343],[-7.987283926087827,6.1272928767668375],[-8.30915954698986,6.199716891519159],[-8.595271210013891,6.473318725027923],[-8.3687661434532,6.915909926292102],[-8.476058017087212,7.390689578557307],[-8.440294059209208,7.6723385248163325],[-8.273395589111857,7.688432750316849],[-8.213788992648517,8.114929726080511],[-8.285316908404525,8.316107544836953],[-8.189946354063181,8.46095557434159],[-7.820385455990447,8.5736151528452],[-8.08265448042917,9.386373540621243],[-8.30915954698986,9.788729178134126],[-8.213788992648517,10.126707913644957],[-8.011126564673162,10.207179041147533],[-7.891913371746455,10.295697281400372],[-7.605801708722424,10.142802139145466],[-6.854758593284316,10.134755026395204],[-6.664017484601629,10.424451085404492],[-6.49711901450425,10.408356859903968],[-6.2110073514802195,10.52906355115784],[-6.067951519968204,10.094519462643923],[-5.829525134114846,10.223273266648043],[-5.400357639578772,10.368121296152687],[-4.95926882575003,10.15889636464599],[-4.780449036360011,9.82091762913516],[-4.3393602225312975,9.61973981037871],[-3.981720643751231,9.86115319288644],[-3.5167891913371534,9.901388756637736],[-2.8372739916550813,9.643881148629482],[-2.5511623286310225,8.21954219183386],[-2.9803298231670965,7.366548240306535],[-3.254520166898459,6.2479995680207026],[-2.8253526723624134,5.386958503743124],[-2.861116630240417,4.992649978980488]]]}},{"type":"Feature","properties":{"name":"Cameroon","Alpha-2":"CM","Alpha-3":"CMR","id":45},"geometry":{"type":"Polygon","coordinates":[[[13.0896085833499,2.2646787566431],[12.958474071130553,2.329055658645167],[12.362408106497128,2.1922547418907854],[11.754420822571035,2.329055658645167],[11.277568050864318,2.2566316438928453],[9.644347307768726,2.288820094893879],[9.775481819988102,3.077437144419136],[9.3939996026227,3.745347502690535],[8.94098946950129,3.9062897576956885],[8.738327041525935,4.356928071710129],[8.487979336379908,4.493728988464511],[8.499900655672576,4.7753779347235294],[8.750248360818603,5.475476743995955],[9.227101132525348,6.449177386777151],[9.513212795549379,6.457224499527406],[10.109278760182804,7.036616617545967],[10.490760977548177,7.0527108430464835],[11.074905622888934,6.650355205533593],[11.754420822571035,6.980286828294162],[11.83787005761971,7.390689578557307],[12.076296443473097,7.7930452160701975],[12.219352274985113,8.308060432086698],[12.755811643155198,8.718463182349844],[12.97039539042322,9.418561991622262],[13.184979137691244,9.635834035879235],[13.328034969203259,10.166943477396238],[13.578382674349314,10.802665384666604],[14.40095370554343,11.575188208691351],[14.472481621299437,11.90511983145192],[14.579773494933448,12.090203424707845],[14.186369958275378,12.48451194947048],[14.210212596860742,12.79834934673054],[14.496324259884773,12.862726248732592],[14.889727796542815,12.218957228711979],[14.96125571229885,11.559093983190841],[14.91357043512815,10.899230737669704],[15.473872441883572,9.981859884140313],[14.901649115835482,9.989906996890575],[14.615537452811452,9.917482982138246],[14.162527319690042,10.030142560641856],[13.959864891714687,9.555362908376644],[14.532088217762777,8.959876564857574],[14.973177031591518,8.79893430985242],[15.116232863103534,8.380484446839013],[15.438108484005568,7.688432750316849],[15.271210013908217,7.414830916808079],[14.770514603616135,6.408941823025856],[14.532088217762777,6.231905342520186],[14.448638982714101,5.4513354057451835],[14.555930856348112,5.024838429981521],[14.484402940592105,4.727095258221986],[14.949334393006183,4.212080042205486],[15.02086230876219,3.8580070811941454],[15.390423206834896,3.326897639677128],[15.855354659248974,3.013060242417076],[15.903039936419646,2.5543748156523804],[15.998410490760989,2.2646787566431],[15.93880389429765,1.7335693151260898],[15.14007550168887,1.966935584883565],[14.34134710908009,2.224443192891812],[13.0896085833499,2.2646787566431]]]}},{"type":"Feature","properties":{"name":"Democratic Republic of the Congo","Alpha-2":"CD","Alpha-3":"COD","id":46},"geometry":{"type":"Polygon","coordinates":[[[30.828531690840464,3.51198123293306],[30.780846413669792,2.345149884145684],[31.174249950327834,2.2003018546410402],[30.840453010133132,1.8542760063799548],[30.45897079276773,1.5887212856214532],[30.077488575402356,1.0656589568546977],[29.862904828134333,0.6069735300900021],[29.81521955096366,-0.20578485768603372],[29.588714484402942,-0.5759520441978907],[29.576793165110274,-1.3484748682226382],[29.290681502086244,-1.6301238144816637],[29.242996224915572,-2.225610158000734],[29.099940393403557,-2.2980341727530558],[29.02841247764755,-2.845237839770583],[29.25491754420824,-3.2878290410347617],[29.338366779256916,-4.502943066323688],[29.505265249354267,-5.420313919853072],[29.42181601430559,-5.943376248619828],[29.612557122988278,-6.522768366638388],[30.196701768329035,-7.078019146406177],[30.73316113649912,-8.341415848196647],[30.33975759984105,-8.244850495193553],[28.992648519769517,-8.405792750198714],[28.730379495330823,-8.526499441452579],[28.444267832306792,-9.154174235972683],[28.670772898867483,-9.596765437236861],[28.480031790184796,-10.787738124275016],[28.360818597258117,-11.785580105306977],[28.62308762169681,-11.978710811313164],[29.338366779256916,-12.356925110575283],[29.612557122988278,-12.179888630069605],[29.684085038744286,-13.25820173860415],[28.933041923306178,-13.250154625853895],[28.503874428770132,-12.694903846086106],[28.1700774885754,-12.276453983072699],[27.407113053844625,-12.139653066318317],[27.180607987283935,-11.608543624801307],[26.560699384065174,-11.922381022061359],[25.750049672163726,-11.785580105306977],[25.428174051261692,-11.342988904042798],[24.796344128750263,-11.246423551039705],[24.319491357043518,-11.270564889290476],[24.24796344128751,-10.956727492030424],[23.926087820385476,-10.932586153779653],[23.461156367971398,-10.884303477278102],[22.841247764752637,-11.029151506782746],[22.400158950923924,-10.996963055781713],[22.14981124577787,-11.093528408784806],[22.20941784224121,-9.886461496246142],[21.86369958275384,-9.52434142248454],[21.79217166699783,-8.90471374071469],[21.959070137095182,-8.30922739719562],[21.73256507053449,-7.914918872432985],[21.720643751241823,-7.279196965162619],[20.516590502682305,-7.287244077912881],[20.60003973773098,-6.9412182296517955],[20.0993443274389,-6.9412182296517955],[20.03973773097556,-7.110207597407211],[19.419829127756827,-7.150443161158499],[19.169481422610772,-7.72983527917706],[19.01450427180609,-7.979295774435045],[18.454202265050668,-7.842494857680663],[18.132326644148634,-7.979295774435045],[17.47665408305187,-8.067814014687883],[17.095171865686467,-7.536704573170873],[16.85674547983311,-7.222867175910814],[16.570633816809078,-6.619333719641482],[16.33220743095569,-5.878999346617768],[13.37572024637393,-5.870952233867513],[13.03000198688656,-5.983611812371116],[12.74389032386253,-5.967517586870606],[12.338565467911792,-6.104318503624988],[12.195509636399777,-5.798528219115191],[12.457778660838471,-5.685868640611581],[12.481621299423807,-5.251324552097664],[12.63659845022849,-4.985769831339155],[12.994238029008557,-4.7845920125827135],[13.268428372739919,-4.881157365585807],[13.60222531293465,-4.502943066323688],[14.138684681104706,-4.510990179073943],[14.210212596860742,-4.792639125332968],[14.579773494933448,-4.969675605838638],[15.175839459566873,-4.342000811318535],[15.748062785614962,-3.8591740463030675],[15.998410490760989,-3.5372895362927537],[15.974567852175653,-2.716484035766463],[16.39181402741903,-1.7427833929852667],[16.85674547983311,-1.2277681769687732],[17.52433936022254,-0.7368942992030512],[17.631631233856552,-0.42305690194299217],[17.679316511027224,-0.06093682818139712],[17.82237234253924,0.2931361328299502],[17.7627657460759,0.8483869125977321],[17.893900258295247,1.7416164278763446],[18.09656268627063,2.3692912223964555],[18.38267434929466,2.900400663913466],[18.454202265050668,3.51198123293306],[18.54957281939201,4.204032929455231],[18.94297635605008,4.702953919971208],[19.4675144049275,5.024838429981521],[20.302006755414283,4.686859694470698],[20.93383667792571,4.324739620709096],[21.637194516193148,4.22012715495574],[22.400158950923924,4.0269964489495536],[22.71011325253329,4.638577017969148],[22.841247764752637,4.702953919971208],[23.306179217166715,4.614435679718376],[24.41486191138486,5.11335667023436],[24.80826544804293,4.88803751322714],[25.130141068944965,4.928273076978428],[25.28511821974965,5.161639346735903],[25.642757798529715,5.258204699738997],[26.41764355255316,5.145545121235386],[27.049473475064588,5.121403782984615],[27.37134909596662,5.234063361488225],[27.979336379892715,4.413257860961927],[28.420425193721456,4.292551169708062],[28.68269421816015,4.453493424713216],[29.159546989866897,4.389116522711156],[29.70792767732962,4.606388566968114],[29.94635406318301,4.179891591204452],[30.828531690840464,3.51198123293306]]]}},{"type":"Feature","properties":{"name":"Republic of the Congo","Alpha-2":"CG","Alpha-3":"COG","id":47},"geometry":{"type":"Polygon","coordinates":[[[12.994238029008557,-4.7845920125827135],[12.624677130935822,-4.438566164321628],[12.326644148619124,-4.607555532077036],[11.921319292668386,-5.034052507840698],[11.110669580766938,-3.9798807375569325],[11.873634015497714,-3.4326770705394054],[11.49215179813234,-2.772813825018268],[11.825948738327043,-2.5153062170100142],[12.505463938009143,-2.394599525756149],[12.588913173057819,-1.9520083244919704],[13.125372541227904,-2.4348350895074375],[13.995628849592691,-2.475070653258726],[14.305583151202086,-2.0002910009935206],[14.424796344128765,-1.3404277554723834],[14.317504470494754,-0.5437635931968643],[13.864494337373344,0.04367563757195825],[14.269819193324082,1.2024598736090795],[14.031392807470695,1.4036376923655212],[13.292271011325255,1.3151194521126826],[13.006159348301225,1.838181780879438],[13.0896085833499,2.2646787566431],[14.34134710908009,2.224443192891812],[15.14007550168887,1.966935584883565],[15.93880389429765,1.7335693151260898],[15.998410490760989,2.2646787566431],[16.546791178223742,3.190096722922746],[17.13093582356447,3.7373003899402804],[17.81045102324657,3.5522167966843483],[18.454202265050668,3.51198123293306],[18.38267434929466,2.900400663913466],[18.09656268627063,2.3692912223964555],[17.893900258295247,1.7416164278763446],[17.7627657460759,0.8483869125977321],[17.82237234253924,0.2931361328299502],[17.679316511027224,-0.06093682818139712],[17.631631233856552,-0.42305690194299217],[17.52433936022254,-0.7368942992030512],[16.85674547983311,-1.2277681769687732],[16.39181402741903,-1.7427833929852667],[15.974567852175653,-2.716484035766463],[15.998410490760989,-3.5372895362927537],[15.748062785614962,-3.8591740463030675],[15.175839459566873,-4.342000811318535],[14.579773494933448,-4.969675605838638],[14.210212596860742,-4.792639125332968],[14.138684681104706,-4.510990179073943],[13.60222531293465,-4.502943066323688],[13.268428372739919,-4.881157365585807],[12.994238029008557,-4.7845920125827135]]]}},{"type":"Feature","properties":{"name":"Cook Islands","Alpha-2":"CK","Alpha-3":"COK","id":48},"geometry":{"type":"Polygon","coordinates":[[[-159.7933637989271,-21.30531448886193],[-160.03179018478045,-21.23289047410961],[-158.2793562487582,-19.98558799781965],[-159.60262269024437,-18.92336911478563],[-159.85297039539043,-19.044075806039494],[-159.94834094973177,-18.83485087453279],[-159.72183588317108,-18.681955732277892],[-158.1720643751242,-19.824645742814496],[-157.64752632624678,-19.70393905156063],[-157.13490959666203,-20.066059125322234],[-157.37333598251539,-20.243095605827904],[-157.69521160341745,-19.929258208567852],[-158.02900854361215,-20.041917787071455],[-159.7933637989271,-21.30531448886193]]]}},{"type":"Feature","properties":{"name":"Colombia","Alpha-2":"CO","Alpha-3":"COL","id":49},"geometry":{"type":"Polygon","coordinates":[[[-75.37850188754221,-0.1414079556839738],[-75.7957480627856,0.08391120132324659],[-76.28452215378502,0.42188993683407006],[-76.59447645539439,0.2529005690786619],[-77.42896880588118,0.38970148583304365],[-77.65547387244187,0.8322926870972225],[-77.85813630041724,0.8161984615967057],[-78.85952712100139,1.3875434668650044],[-78.99066163322074,1.7013808641250563],[-78.62110073514802,1.7657577661271233],[-78.65686469302602,2.2646787566431],[-78.41843830717265,2.6348459431549642],[-77.92966421617325,2.6911757324067622],[-77.52433936022253,3.318850526926873],[-77.14285714285714,3.8580070811941454],[-77.51241804092986,4.083326238201359],[-77.32167693224716,4.662718356219919],[-77.54818199880786,5.5720420969990485],[-77.3455195708325,5.837596817757557],[-77.48857540234452,6.690590769284881],[-77.88197893900258,7.221700210801892],[-77.75084442678323,7.704526975817359],[-77.44089012517385,7.632102961065044],[-77.25014901649115,7.929846132824579],[-77.48857540234452,8.517285363593395],[-77.36936220941784,8.6701805058483],[-76.84482416054043,8.637992054847267],[-76.08185972580965,9.338090864119685],[-75.66461355056626,9.442703329873048],[-75.65269223127359,9.780682065383864],[-75.47387244188356,10.62562890416094],[-74.91357043512815,11.092361443675891],[-74.26981919332405,11.1084556691764],[-74.18636995827538,11.317680600683097],[-73.41148420425193,11.221115247680011],[-72.62467713093582,11.736130463696504],[-72.23127359427777,11.953402507953463],[-71.75442082257102,12.436229272968937],[-71.39678124379097,12.37185237096687],[-71.13451221935227,12.106297650208369],[-71.32525332803496,11.7763660274478],[-71.96900456983906,11.615423772442647],[-72.2193522749851,11.116502781926663],[-72.61275581164315,10.826806722917375],[-72.91078879395987,10.448592423655263],[-73.01808066759388,9.740446501632583],[-73.30419233061792,9.161054383614022],[-72.7796542817405,9.096677481611955],[-72.64851976952116,8.629944942097005],[-72.43393602225312,8.404625785089785],[-72.36240810649711,8.002270147576901],[-72.46969998013113,7.624055848314782],[-72.43393602225312,7.4228780295583405],[-72.1835883171071,7.334359789305502],[-71.94516193125372,6.9883339410444165],[-70.65765944764553,7.092946406797772],[-70.10927876018279,6.95614549004339],[-69.39399960262269,6.095104425765804],[-68.98867474667196,6.207764004269414],[-68.27339558911186,6.159481327767871],[-67.70117226306377,6.264093793521219],[-67.35545400357638,6.095104425765804],[-67.53427379296642,5.555947871498532],[-67.74885754023445,5.217969135987708],[-67.82038545599046,4.501776101214766],[-67.62964434730776,3.8419128556936286],[-67.35545400357638,3.5441696839340935],[-67.30776872640571,3.310803414176611],[-67.8084641366978,2.819929536410889],[-67.43890323862507,2.6026574921539307],[-67.17663421418636,2.2485845311425905],[-66.89052255116232,1.2668367756111394],[-67.06934234055235,1.1300358588567576],[-67.27200476852771,1.725522202375835],[-67.54619511225908,2.039359599635887],[-67.8799920524538,1.7013808641250563],[-69.81124577786608,1.725522202375835],[-69.81124577786608,1.0898002951054693],[-69.22710113252533,0.9851878293521139],[-69.25094377111067,0.6069735300900021],[-69.45360619908602,0.7035388830930955],[-70.02582952513411,0.5425966280879422],[-70.02582952513411,-0.18164351943526214],[-69.5728193920127,-0.5437635931968643],[-69.41784224120802,-1.1392499367159346],[-69.44168487979336,-1.5576997997293418],[-69.90661633220742,-4.301765247567246],[-70.39539042320683,-3.770655806050229],[-70.69342340552355,-3.7465144677994573],[-70.04967216371945,-2.73257826126698],[-70.80071527915756,-2.2658457217520223],[-71.40870256308364,-2.338269736504344],[-71.76634214186369,-2.169280368748929],[-72.31472282932644,-2.4348350895074375],[-73.05384462547188,-2.3141283982535725],[-73.6499105901053,-1.2599566279698067],[-74.12676336181204,-1.0024490199615528],[-74.43671766342142,-0.5276693676963475],[-75.1162328631035,-0.06093682818139712],[-75.37850188754221,-0.1414079556839738]]]}},{"type":"Feature","properties":{"name":"Comoros","Alpha-2":"KM","Alpha-3":"COM","id":50},"geometry":{"type":"Polygon","coordinates":[[[43.32207430955694,-11.270564889290476],[43.44128750248362,-11.36713024229357],[43.44128750248362,-11.616590737551562],[43.53665805682496,-11.809721443557748],[43.62010729187364,-12.010899262314197],[43.226703755215595,-11.922381022061359],[43.15517583945959,-11.455648482546408],[43.32207430955694,-11.270564889290476]]]}},{"type":"Feature","properties":{"name":"Cabo Verde","Alpha-2":"CV","Alpha-3":"CPV","id":51},"geometry":{"type":"MultiPolygon","coordinates":[[[[-22.972382276971985,16.28274916759215],[-22.72203457182593,16.314937618593184],[-22.590900059606582,16.105712687086488],[-22.745877210411265,15.888440642829515],[-23.103516789191332,16.009147334083387],[-22.972382276971985,16.28274916759215]]],[[[-25.368567454798324,17.17597868287077],[-24.93939996026225,17.29668537412463],[-24.903636002384246,16.998942202365093],[-24.83210808662824,16.70924614335582],[-25.177826346115637,16.813858609109168],[-25.452016689847,16.95065952586355],[-25.368567454798324,17.17597868287077]]],[[[-23.830717266044104,15.36537831406276],[-23.330021855752022,15.260765848309411],[-23.425392410093366,14.858410210796528],[-23.818795946751436,14.9791169020504],[-23.830717266044104,15.36537831406276]]],[[[-24.581760381482212,15.115917818804782],[-24.176435525531474,15.083729367803748],[-24.25988476058015,14.713562181291884],[-24.7725014901649,14.874504436297038],[-24.581760381482212,15.115917818804782]]],[[[-24.402940592092193,16.7494817071071],[-23.806874627458768,16.61268079035272],[-24.36717663421419,16.25860782934138],[-24.402940592092193,16.7494817071071]]],[[[-22.93661831909398,16.902376849362007],[-22.626664017484586,16.459785648097828],[-23.067752831313328,16.580492339351686],[-22.93661831909398,16.902376849362007]]]]}},{"type":"Feature","properties":{"name":"Costa Rica","Alpha-2":"CR","Alpha-3":"CRI","id":52},"geometry":{"type":"Polygon","coordinates":[[[-82.97238227697198,8.227589304584114],[-83.50884164514206,8.44486134884108],[-83.71150407311742,8.662133393098038],[-83.6042121994834,8.831122760853454],[-83.63997615736142,9.056441917860674],[-83.90224518180011,9.297855300368404],[-84.29564871845817,9.490986006374591],[-84.65328829723822,9.61973981037871],[-84.70097357440889,9.909435869387998],[-84.97516391814027,10.086472349893661],[-84.89171468309159,9.796776290884388],[-85.09437711106695,9.563410021126906],[-85.34472481621299,9.83701185463567],[-85.6427577985297,9.93357720763877],[-85.78581363004172,10.126707913644957],[-85.78581363004172,10.440545310905001],[-85.6427577985297,10.75438270816506],[-85.91694814226108,10.899230737669704],[-85.70236439499304,11.100408556426139],[-85.54738724418836,11.213068134929749],[-84.89171468309159,10.963607639671757],[-84.66520961653089,11.092361443675891],[-84.36717663421418,11.003843203423052],[-84.18835684482416,10.802665384666604],[-83.89032386250744,10.73828848266455],[-83.65189747665409,10.947513414171247],[-83.40154977150804,10.392262634403458],[-83.02006755414266,9.989906996890575],[-82.54321478243592,9.571457133877168],[-82.93661831909398,9.474891780874067],[-82.91277568050864,9.080583256111446],[-82.73395589111861,8.92768811385654],[-82.86509040333796,8.806981422602682],[-82.84124776475262,8.629944942097005],[-82.90085436121598,8.420720010590308],[-82.97238227697198,8.227589304584114]]]}},{"type":"Feature","properties":{"name":"Cuba","Alpha-2":"CU","Alpha-3":"CUB","id":53},"geometry":{"type":"Polygon","coordinates":[[[-82.26902443870455,23.18717190731332],[-81.39876813033975,23.114747892561006],[-80.6238823763163,23.106700779810744],[-79.67017683290284,22.768722044299928],[-79.27677329624478,22.406601970538325],[-78.35883171070931,22.511214436291674],[-77.98927081263659,22.27784816653419],[-77.1547784621498,21.65822048476435],[-76.53486985893105,21.20758217074991],[-76.18915159944366,21.223676396250433],[-75.60500695410292,21.022498577493984],[-75.66461355056626,20.74084963123496],[-74.92549175442082,20.700614067483677],[-74.17444863898271,20.290211317220532],[-74.28174051261672,20.05684504746305],[-74.94933439300615,19.936138356209177],[-75.62884959268825,19.879808566957387],[-76.32028611166302,19.960279694459963],[-77.7627657460759,19.863714341456863],[-77.10709318497914,20.41896512122465],[-77.51241804092986,20.676472729232906],[-78.14424796344129,20.74084963123496],[-78.478044903636,21.030545690244246],[-78.72839260878203,21.601890695512544],[-79.27677329624478,21.56165513176125],[-80.21855752036558,21.819162739769503],[-80.52851182197496,22.028387671276214],[-81.81601430558315,22.197377039031615],[-82.1736538843632,22.398554857788064],[-81.79217166699782,22.639968240295794],[-82.78164116828928,22.6962980295476],[-83.49692032584939,22.173235700780843],[-83.90224518180011,22.157141475280334],[-84.04530101331214,21.915728092772603],[-84.54599642360421,21.79502140151873],[-84.97516391814027,21.891586754521818],[-84.45062586926286,22.21347126453214],[-84.23604212199483,22.56754422554348],[-83.78303198887343,22.784816269800437],[-83.2704152592887,22.985994088556886],[-82.5074508245579,23.082559441559972],[-82.26902443870455,23.18717190731332]]]}},{"type":"Feature","properties":{"name":"Curaçao","Alpha-2":"CW","Alpha-3":"CUW","id":54},"geometry":{"type":"Polygon","coordinates":[[[-69.15557321676931,12.395993709217642],[-69.11980925889131,12.37185237096687],[-69.07212398172064,12.35575814546636],[-69.06020266242797,12.323569694465327],[-69.06020266242797,12.291381243464294],[-69.03636002384263,12.251145679713012],[-69.0125173852573,12.227004341462226],[-68.98867474667196,12.210910115961717],[-68.95291078879396,12.186768777710945],[-68.92906815020862,12.186768777710945],[-68.91714683091595,12.178721664960683],[-68.85754023445261,12.170674552210421],[-68.80985495728193,12.14653321395965],[-68.78601231869659,12.098250537458107],[-68.73832704152592,12.041920748206302],[-68.76216968011126,12.041920748206302],[-68.78601231869659,12.041920748206302],[-68.8217762765746,12.049967860956563],[-68.85754023445261,12.066062086457073],[-68.85754023445261,12.074109199207335],[-68.83369759586726,12.074109199207335],[-68.85754023445261,12.082156311957597],[-68.88138287303795,12.074109199207335],[-68.91714683091595,12.098250537458107],[-68.96483210808663,12.11434476295863],[-69.00059606596463,12.138486101209402],[-69.0125173852573,12.170674552210421],[-69.02443870454996,12.186768777710945],[-69.0482813431353,12.202863003211455],[-69.06020266242797,12.186768777710945],[-69.07212398172064,12.194815890461207],[-69.0840453010133,12.218957228711979],[-69.11980925889131,12.25919279246326],[-69.11980925889131,12.275287017963784],[-69.11980925889131,12.283334130714032],[-69.13173057818398,12.267239905213522],[-69.15557321676931,12.291381243464294],[-69.16749453606198,12.379899483717132],[-69.15557321676931,12.395993709217642]]]}},{"type":"Feature","properties":{"name":"Christmas Island","Alpha-2":"CX","Alpha-3":"CXR","id":55},"geometry":{"type":"Polygon","coordinates":[[[105.67057421021264,-10.39342959951238],[105.77786608384662,-10.473900727014957],[105.69441684879797,-10.610701643769339],[105.47983310152989,-10.554371854517534],[105.50367574011523,-10.425618050513414],[105.67057421021264,-10.39342959951238]]]}},{"type":"Feature","properties":{"name":"Cayman Islands","Alpha-2":"KY","Alpha-3":"CYM","id":56},"geometry":{"type":"Polygon","coordinates":[[[-79.72978342936618,19.775196101204024],[-79.69401947148818,19.751054762953252],[-79.9086032187562,19.630348071699395],[-80.19471488178024,19.6866778609512],[-81.02920723226703,19.34869912544037],[-81.39876813033975,19.115332855682887],[-81.48221736538844,19.396981801941912],[-81.07689250943771,19.37284046369114],[-80.11126564673157,19.74300765020299],[-79.72978342936618,19.775196101204024]]]}},{"type":"Feature","properties":{"name":"Cyprus","Alpha-2":"CY","Alpha-3":"CYP","id":57},"geometry":{"type":"Polygon","coordinates":[[[33.98768130339758,35.064710326693806],[34.011523941982915,34.97619208644097],[32.986290482813445,34.581883561678346],[32.473673753228695,34.694543140181956],[32.247168686668005,35.09689877769484],[32.747864096960086,35.13713434144612],[32.93860520564277,35.08885166494458],[33.20087423008147,35.169322792447154],[33.391615338764154,35.153228566946645],[33.46314325452019,35.09689877769484],[33.47506457381286,35.00033342469174],[33.546592489568866,35.03252187569277],[33.67772700178821,35.01642765019226],[33.8684681104709,35.08885166494458],[33.98768130339758,35.064710326693806]]]}},{"type":"Feature","properties":{"name":"Czech Republic","Alpha-2":"CZ","Alpha-3":"CZE","id":58},"geometry":{"type":"Polygon","coordinates":[[[16.96403735346712,48.591906859877135],[16.49910590105307,48.77699045313306],[16.022253129346325,48.728707776631516],[15.247367375322881,49.04254517389156],[14.901649115835482,48.97012115913925],[14.34134710908009,48.55167129612584],[13.60222531293465,48.88160291888641],[13.03000198688656,49.30809989465008],[12.529306576594479,49.541466164407545],[12.4100933836678,49.95991602742095],[12.255116232863116,50.27375342468101],[12.97039539042322,50.48297835618771],[13.351877607788595,50.7324388514457],[14.079078084641367,50.92556955745189],[14.305583151202086,51.118700263458074],[14.56785217564078,51.00604068495446],[15.008940989469522,51.102606037957564],[15.48579376117624,50.788768640697505],[16.22491555732168,50.700250400444666],[16.177230280151008,50.4266485669359],[16.72561096761376,50.217423635429206],[16.85674547983311,50.474931243437446],[17.560103318100545,50.3703187776841],[17.64355255314922,50.05648138042405],[18.38267434929466,49.984057365671724],[18.84760580170874,49.501230600656264],[18.56149413868468,49.501230600656264],[18.39459566858733,49.31614700740034],[18.180011921319306,49.283958556399305],[18.108484005563298,49.05059228664182],[17.905821577587915,49.00230961014028],[17.88197893900258,48.90574425713718],[17.548181998807877,48.80113179138383],[17.107093184979135,48.817226016884355],[16.96403735346712,48.591906859877135]]]}},{"type":"Feature","id":58,"properties":{"name":"Germany","Alpha-2":"DE","Alpha-3":"DEU","id":59},"geometry":{"type":"Polygon","coordinates":[[[9.906616332207449,54.98936149633207],[9.942380290085453,54.59505297156944],[10.955692429962255,54.361686701811955],[10.955692429962255,54.007613740800615],[11.969004569839058,54.19269733405654],[12.529306576594479,54.4662991675653],[13.66183190939799,54.07199064280268],[14.126763361812039,53.75815324554262],[14.353268428372758,53.25118514227639],[14.090999403934035,52.985630421517875],[14.436717663421433,52.631557460506535],[14.68706536856746,52.09240090623927],[14.603616133518784,51.75442217072844],[15.008940989469522,51.102606037957564],[14.56785217564078,51.00604068495446],[14.305583151202086,51.118700263458074],[14.079078084641367,50.92556955745189],[13.351877607788595,50.7324388514457],[12.97039539042322,50.48297835618771],[12.255116232863116,50.27375342468101],[12.4100933836678,49.95991602742095],[12.529306576594479,49.541466164407545],[13.03000198688656,49.30809989465008],[13.60222531293465,48.88160291888641],[13.244585734154583,48.40682326662121],[12.898867474667213,48.28611657536734],[13.03000198688656,47.63430044259646],[12.946552751837885,47.46531107484105],[12.624677130935822,47.67453600634774],[12.147824359229105,47.698677344598515],[11.432545201669,47.51359375134259],[10.550367574011545,47.56187642784413],[10.383469103914166,47.29632170708563],[9.89469501291478,47.57797065334466],[9.584740711305386,47.51359375134259],[8.511821974965244,47.82743114860265],[8.321080866282557,47.610159104345676],[7.462745877210409,47.61820621709594],[7.581959070137117,48.33439925186888],[8.094575799721838,49.02645094839105],[6.664017484601629,49.20348742889673],[6.187164712894912,49.46904214965523],[6.246771309358252,49.90358623816915],[6.0441088813828685,50.13695250792663],[6.151400755016908,50.81290997894828],[5.984502284919529,51.850987523731526],[6.592489568845622,51.850987523731526],[6.854758593284345,52.22115471024339],[7.093184979137703,53.14657267652303],[6.902443870455016,53.48455141203386],[7.093184979137703,53.69377634354057],[7.939598648917155,53.750106132792375],[8.118418438307174,53.5328340885354],[8.786012318696606,54.01566085355088],[8.571428571428584,54.39387515281299],[8.511821974965244,54.95717304533104],[9.27478640969602,54.83646635407717],[9.906616332207449,54.98936149633207]]]}},{"type":"Feature","properties":{"name":"Djibouti","Alpha-2":"DJ","Alpha-3":"DJI","id":60},"geometry":{"type":"Polygon","coordinates":[[[43.07172660441091,12.701783993727439],[43.31015299026427,12.387946596467394],[43.27438903238627,11.969496733453987],[42.70216570633818,11.736130463696504],[43.13133320087425,11.462528630187741],[42.773693622094186,10.939466301420985],[42.53526723624083,11.116502781926663],[42.30876216968011,11.036031654424086],[41.77230280151005,11.052125879924596],[41.73653884363205,11.357916164434393],[41.66501092787604,11.639565110693418],[42.01072918736341,12.106297650208369],[42.34452612755814,12.540841738722285],[42.773693622094186,12.452323498469447],[43.07172660441091,12.701783993727439]]]}},{"type":"Feature","properties":{"name":"Dominica","Alpha-2":"DM","Alpha-3":"DMA","id":61},"geometry":{"type":"Polygon","coordinates":[[[-61.46632227299821,15.647027260321785],[-61.41863699582753,15.638980147571537],[-61.39479435724219,15.59069747106998],[-61.311345122193515,15.59069747106998],[-61.29942380290085,15.558509020068946],[-61.251738525730175,15.510226343567403],[-61.26365984502284,15.437802328815089],[-61.23981720643751,15.341236975811988],[-61.251738525730175,15.252718735559164],[-61.311345122193515,15.244671622808902],[-61.35903039936419,15.212483171807868],[-61.41863699582753,15.397566765063793],[-61.46632227299821,15.542414794568437],[-61.46632227299821,15.647027260321785]]]}},{"type":"Feature","properties":{"name":"Denmark","Alpha-2":"DK","Alpha-3":"DNK","id":62},"geometry":{"type":"MultiPolygon","coordinates":[[[[12.708126365984498,55.608989178101915],[12.100139082058433,54.796230790325886],[11.051062984303599,55.367575795594185],[10.896085833498915,55.78602565860759],[12.374329425789796,56.1079101686179],[12.708126365984498,55.608989178101915]]],[[[9.906616332207449,54.98936149633207],[9.27478640969602,54.83646635407717],[8.511821974965244,54.95717304533104],[8.118418438307174,55.520470937849076],[8.08265448042917,56.534407144381554],[8.249552950526521,56.79996186514007],[8.53566461355058,57.113799262400114],[9.405920921915367,57.17012905165192],[9.763560500695405,57.44373088516068],[10.574210212596881,57.72537983141971],[10.550367574011545,57.210364615403215],[10.252334591694819,56.88848010539291],[10.35962646532883,56.60683115913388],[10.919928472084251,56.45393601687898],[10.657659447645557,56.075721717616865],[10.35962646532883,56.188381296120475],[9.644347307768726,55.47218826134753],[9.906616332207449,54.98936149633207]]]]}},{"type":"Feature","properties":{"name":"Dominican Republic","Alpha-2":"DO","Alpha-3":"DOM","id":63},"geometry":{"type":"Polygon","coordinates":[[[-71.70673554540035,19.71081919920197],[-71.575601033181,19.895902792457896],[-70.80071527915756,19.895902792457896],[-70.22849195310947,19.622300958949133],[-69.9543016093781,19.646442297199904],[-69.77548181998807,19.300416448938826],[-69.22710113252533,19.316510674439336],[-69.26286509040334,19.0187675026798],[-68.80985495728193,18.978531938928505],[-68.32108086628253,18.608364752416655],[-68.69064176435525,18.206009114903758],[-69.16749453606198,18.41523404641047],[-69.63242598847606,18.383045595409435],[-69.9543016093781,18.423281159160716],[-70.1450427180608,18.246244678655053],[-70.52652493542618,18.181867776652986],[-70.65765944764553,18.423281159160716],[-70.99145638784024,18.278433129656086],[-71.39678124379097,17.602475658634425],[-71.64712894893701,17.75537080088933],[-71.70673554540035,18.045066859898604],[-71.67097158752235,18.31062158065712],[-71.93324061196105,18.616411865166903],[-71.69481422610768,18.77735412017207],[-71.62328631035167,19.171662644934692],[-71.70673554540035,19.71081919920197]]]}},{"type":"Feature","properties":{"name":"Algeria","Alpha-2":"DZ","Alpha-3":"DZA","id":64},"geometry":{"type":"Polygon","coordinates":[[[12.00476852771709,23.476867966322608],[8.571428571428584,21.56165513176125],[5.674547983310163,19.60620673344861],[4.26783230677529,19.155568419434182],[3.159149612557144,19.05900306643108],[3.147228293264476,19.694724973701447],[2.682296840850398,19.863714341456863],[2.0743095569243053,20.145363287715888],[1.8358831710709467,20.61209582723084],[-1.53785018875422,22.7928633825507],[-4.923504867872026,24.97363093787056],[-8.690641764355234,27.39581187569815],[-8.65487780647723,27.588942581704337],[-8.65487780647723,27.65331948370639],[-8.666799125769899,28.828197945244035],[-7.069342340552339,29.58462654376826],[-6.067951519968204,29.729474573272903],[-5.245380488774089,30.003076406781666],[-4.8638982714086865,30.50199739729765],[-3.695608980727201,30.89630592206027],[-3.647923703556529,31.644687407834247],[-3.07570037750844,31.725158535336824],[-2.62269024438703,32.09532572184869],[-1.299423802900833,32.27236220235435],[-1.120604013510814,32.65057650161648],[-1.3828730379495369,32.859801433123174],[-1.7285912974369069,33.92202031615721],[-1.7881978939002465,34.52555377242654],[-2.157758791972981,35.16127567969691],[-1.2159745678521574,35.71652645946468],[-0.13113451221934724,35.8855158272201],[0.5006954102920815,36.303965690233504],[1.4782435922908803,36.6097559747433],[3.159149612557144,36.78679245524898],[4.828134313530711,36.867263582751555],[5.328829723822764,36.71436844049665],[6.270613947943588,37.108676965259285],[7.331611364991062,37.108676965259285],[7.725014901649132,36.883357808252065],[8.404530101331233,36.94773471025413],[8.20186767335585,36.440766606987886],[8.368766143453229,35.47511307695695],[8.130339757599842,34.65430757643066],[7.510431154381081,34.09905679666287],[7.605801708722453,33.34262819813865],[8.440294059209236,32.755188967369826],[8.440294059209236,32.505728472111834],[9.060202662427997,32.1114199473492],[9.477448837671375,30.316913804041725],[9.799324458573437,29.431731401513368],[9.858931055036777,28.964998861998417],[9.68011126564673,28.136146248721865],[9.751639181402737,27.685507934707424],[9.62050466918339,27.138304267689897],[9.715875223524733,26.510629473169793],[9.322471686866692,26.092179610156386],[9.906616332207449,25.36793946263318],[9.942380290085453,24.941442486869526],[10.288098549572823,24.378144594351475],[10.764951321279568,24.5632281876074],[11.575601033181016,24.09649564809245],[12.00476852771709,23.476867966322608]]]}},{"type":"Feature","properties":{"name":"Ecuador","Alpha-2":"EC","Alpha-3":"ECU","id":65},"geometry":{"type":"Polygon","coordinates":[[[-80.29008543612159,-3.4085357322886267],[-79.77746870653685,-2.652107133764396],[-79.99205245380489,-2.225610158000734],[-80.37353467117028,-2.6923426975156843],[-80.96960063580369,-2.2497514962515126],[-80.76693820782833,-1.9681025499924871],[-80.93383667792568,-1.0587788092133579],[-80.5881184184383,-0.8978365542082045],[-80.39737730975561,-0.2862559851886104],[-80.01589509239022,0.36556014758226496],[-80.08742300814623,0.7759628978454174],[-79.53904232068348,0.9851878293521139],[-78.85952712100139,1.3875434668650044],[-77.85813630041724,0.8161984615967057],[-77.65547387244187,0.8322926870972225],[-77.42896880588118,0.38970148583304365],[-76.59447645539439,0.2529005690786619],[-76.28452215378502,0.42188993683407006],[-75.7957480627856,0.08391120132324659],[-75.37850188754221,-0.1414079556839738],[-75.2354460560302,-0.9139307797087213],[-75.54540035763958,-1.5657469124795966],[-76.64216173256507,-2.603824457262853],[-77.82237234253924,-2.9981329820254814],[-78.44228094575799,-3.8752682718035842],[-78.63302205444069,-4.551225742825231],[-79.1933240611961,-4.961628493088384],[-79.62249155573217,-4.454660389822138],[-80.02781641168289,-4.342000811318535],[-80.43314126763362,-4.430519051571366],[-80.46890522551162,-4.060351865059509],[-80.18279356248757,-3.826985595302034],[-80.29008543612159,-3.4085357322886267]]]}},{"type":"Feature","properties":{"name":"Egypt","Alpha-2":"EG","Alpha-3":"EGY","id":66},"geometry":{"type":"Polygon","coordinates":[[[36.860719252930664,22.004246333025428],[32.90284124776477,22.004246333025428],[29.004569839062185,22.004246333025428],[24.999006556725618,22.004246333025428],[24.999006556725618,25.68177685989324],[24.999006556725618,29.23860069550718],[24.712894893701588,30.05135908328321],[24.963242598847614,30.662939652302803],[24.80826544804293,31.08943662806646],[25.177826346115637,31.572263393081933],[26.489171468309166,31.588357618582442],[27.454798331015297,31.31475578507368],[28.444267832306792,31.033106838814653],[28.92112060401351,30.8721645838095],[29.672163719451618,31.19404909381982],[30.077488575402356,31.475698040078832],[30.97158752235248,31.55616916758141],[31.674945360619915,31.43546247632755],[31.961057023643946,30.936541485811567],[32.187562090204665,31.258425995821874],[32.99821180210611,31.033106838814653],[33.785018875422224,30.9687299368126],[34.27379296642164,31.22623754482084],[34.9294655275184,29.504155416265682],[34.65527518378701,29.1017997787528],[34.44069143651899,28.3373240674783],[34.1665010927876,27.822308851461806],[33.93999602622691,27.65331948370639],[33.59427776673954,27.96715688096645],[33.14126763361813,28.417795194980876],[32.42598847605802,29.858228377277023],[32.306775283131344,29.761663024273936],[32.747864096960086,28.707491253990163],[33.35585138088615,27.693555047457686],[34.10689449632426,26.14046228665793],[34.47645539439699,25.5932586196404],[34.810252334591695,25.038007839872613],[35.69242996224918,23.92750628033705],[35.47784621498113,23.75046979983137],[35.5255314921518,23.106700779810744],[36.681899463540645,22.21347126453214],[36.860719252930664,22.004246333025428]]]}},{"type":"Feature","properties":{"name":"Eritrea","Alpha-2":"ER","Alpha-3":"ERI","id":67},"geometry":{"type":"Polygon","coordinates":[[[42.34452612755814,12.540841738722285],[42.02265050665608,12.870773361482854],[41.6054043314127,13.458212592251677],[41.15239419829129,13.772049989511721],[40.902046493145264,14.118075837772814],[40.03179018478045,14.520431475285697],[39.32843234651301,14.536525700786221],[39.09000596065965,14.737703519542656],[38.517782634611564,14.504337249785188],[37.9097953506855,14.963022676549876],[37.58791972978344,14.2146411907759],[36.43155175839462,14.415819009532349],[36.31233856546791,14.818174647045232],[36.75342737929665,16.290796280342413],[36.848797933638,16.958706638613812],[37.17067355454006,17.256449810373347],[37.89787403139283,17.425439178128762],[38.41049076097755,17.9887370706468],[38.99463540631831,16.83799994735994],[39.26882575004967,15.92867620658081],[39.817206437512425,15.44584944156535],[41.188158156169294,14.496290137034926],[41.72461752433938,13.916898019016365],[42.28491953109477,13.345553013748066],[42.5829525134115,13.007574278237236],[43.07172660441091,12.701783993727439],[42.773693622094186,12.452323498469447],[42.34452612755814,12.540841738722285]]]}},{"type":"Feature","properties":{"name":"Western Sahara","Alpha-2":"EH","Alpha-3":"ESH","id":68},"geometry":{"type":"Polygon","coordinates":[[[-17.01172263063779,21.41680710225662],[-16.999801311345124,21.41680710225662],[-14.7466719650308,21.505325342509444],[-14.615537452811424,21.8593983035208],[-14.210212596860714,22.310036617535225],[-13.90025829525132,23.686092897829305],[-12.505463938009143,24.77245311911411],[-12.028611166302397,26.02780270815432],[-11.730578183985699,26.100226722906648],[-11.396781243790969,26.888843772431905],[-10.550367574011517,26.98540912543499],[-10.180806675938783,26.864702434181133],[-9.727796542817401,26.864702434181133],[-9.39399960262267,27.090021591188354],[-8.774090999403938,27.122210042189387],[-8.809854957281942,27.65331948370639],[-8.65487780647723,27.65331948370639],[-8.65487780647723,27.588942581704337],[-8.690641764355234,27.39581187569815],[-8.690641764355234,25.874907565899427],[-11.980925889131726,25.931237355151232],[-11.945161931253722,23.37225550056926],[-12.886946155374517,23.28373726031642],[-13.125372541227875,22.768722044299928],[-12.946552751837856,21.336335974754043],[-16.844824160540412,21.336335974754043],[-17.059407907808463,21.006404351993474],[-17.01172263063779,21.41680710225662]]]}},{"type":"Feature","properties":{"name":"Spain","Alpha-2":"ES","Alpha-3":"ESP","id":69},"geometry":{"type":"Polygon","coordinates":[[[-9.012517385257297,41.88061482616215],[-8.976753427379293,42.58876074818483],[-9.382078283330003,43.03135194944901],[-7.963441287502462,43.74754498422195],[-6.759388038942973,43.570508503716276],[-5.400357639578772,43.57855561646654],[-4.351281541823965,43.40956624871112],[-3.5167891913371534,43.457848925212666],[-1.895489767534258,43.42566047421163],[-1.5020862308762162,43.03135194944901],[0.3337969401947305,42.57266652268431],[0.7033578382674364,42.78993856694128],[1.2755811643155255,42.54852518443354],[1.8358831710709467,42.323206027426316],[2.9803298231670965,42.47610116968122],[3.039936419630436,41.8886619389124],[2.098152195509641,41.22879869339126],[0.8106497119014477,41.019573761884565],[0.7272004768527722,40.681595026373735],[0.10729187363401138,40.1182971338557],[-0.2741903437313624,39.31358585882992],[0.10729187363401138,38.73419374081136],[-0.47685277170671725,38.275508314046654],[-0.6795151996821005,37.63173929402604],[-1.4544009537055445,37.438608588019854],[-2.145837472680313,36.666085763995106],[-3.42141863699581,36.658038651244844],[-4.363202861116633,36.67413287674537],[-4.995032783628034,36.328107028484276],[-5.376515000993436,35.9418456164719],[-5.8772104112855175,36.02231674397448],[-6.246771309358223,36.36834259223557],[-6.520961653089614,36.93968759750387],[-7.450824557917741,37.10062985250902],[-7.522352473673749,37.42251436251933],[-7.1527915756010145,37.792681549031194],[-7.033578382674335,38.06628338253996],[-7.367375322869066,38.36402655429949],[-7.093184979137675,39.03193691257089],[-7.486588515795745,39.62742325608996],[-7.069342340552339,39.7159414963428],[-7.033578382674335,40.19072114860801],[-6.866679912576984,40.327522065362395],[-6.866679912576984,41.11613911488765],[-6.3898271408702385,41.389740948396415],[-6.687860123186965,41.88061482616215],[-7.248162129942386,41.92085038991343],[-7.4031392807470695,41.79209658590931],[-7.9992052453804945,41.79209658590931],[-8.261474269819189,42.282970463675035],[-8.666799125769899,42.13007532142013],[-9.012517385257297,41.88061482616215]]]}},{"type":"Feature","properties":{"name":"Estonia","Alpha-2":"EE","Alpha-3":"EST","id":70},"geometry":{"type":"Polygon","coordinates":[[[24.319491357043518,57.79780384617204],[24.438704549970197,58.385243076940846],[24.057222332604823,58.256489272936726],[23.425392410093394,58.602515121197804],[23.34194317504472,59.18995435196663],[24.605603020067576,59.47160329822565],[25.857341545797738,59.624498440480544],[26.954102920723244,59.44746195997488],[27.991257699185383,59.4796504109759],[28.134313530697398,59.3106610432205],[27.43095569242996,58.723221812451676],[27.728988674746688,57.79780384617204],[27.287899860917946,57.475919336161716],[26.46532882972383,57.475919336161716],[25.60699384065171,57.83803940992332],[25.177826346115637,57.96679321392744],[24.319491357043518,57.79780384617204]]]}},{"type":"Feature","properties":{"name":"Ethiopia","Alpha-2":"ET","Alpha-3":"ETH","id":71},"geometry":{"type":"Polygon","coordinates":[[[36.43155175839462,14.415819009532349],[37.58791972978344,14.2146411907759],[37.9097953506855,14.963022676549876],[38.517782634611564,14.504337249785188],[39.09000596065965,14.737703519542656],[39.32843234651301,14.536525700786221],[40.03179018478045,14.520431475285697],[40.902046493145264,14.118075837772814],[41.15239419829129,13.772049989511721],[41.6054043314127,13.458212592251677],[42.02265050665608,12.870773361482854],[42.34452612755814,12.540841738722285],[42.01072918736341,12.106297650208369],[41.66501092787604,11.639565110693418],[41.73653884363205,11.357916164434393],[41.77230280151005,11.052125879924596],[42.30876216968011,11.036031654424086],[42.53526723624083,11.116502781926663],[42.773693622094186,10.939466301420985],[42.547188555533495,10.577346227659383],[42.9167494536062,10.030142560641856],[43.286310351678935,9.547315795626396],[43.67971388833698,9.185195721864794],[46.94615537452813,7.994223034826639],[47.80449036360025,8.002270147576901],[44.9552950526525,5.00069709173075],[43.66779256904431,4.9524144152292],[42.773693622094186,4.252315605956774],[42.12994238029009,4.228174267706002],[41.85575203655873,3.9223839831962053],[41.176236836876626,3.9223839831962053],[40.782833300218556,4.252315605956774],[39.85297039539043,3.8419128556936286],[39.5668587323664,3.4154158799299665],[38.899264851976966,3.495887007432543],[38.672759785416275,3.6165936986864082],[38.43433339956289,3.5924523604356366],[38.112457778660854,3.6004994731858915],[36.848797933638,4.445446311962961],[36.169282733955896,4.445446311962961],[35.81164315517586,4.7753779347235294],[35.81164315517586,5.338675827241573],[35.29902642559111,5.499618082246734],[34.71488178025035,6.594025416281788],[34.2499503278363,6.827391686039263],[34.08305185773892,7.221700210801892],[33.58235644744687,7.712574088567621],[32.96244784422811,7.776950990569681],[33.29624478442281,8.356343108588241],[33.832704152592896,8.380484446839013],[33.98768130339758,8.68627473134881],[33.97575998410491,9.587551359377677],[34.27379296642164,10.64172312966145],[34.72680309954302,10.915324963170214],[34.8460162924697,11.32572771343336],[35.27518378700577,12.090203424707845],[35.85932843234653,12.573030189723319],[36.27657460758991,13.570872170755287],[36.43155175839462,14.415819009532349]]]}},{"type":"Feature","properties":{"name":"Finland","Alpha-2":"FI","Alpha-3":"FIN","id":72},"geometry":{"type":"Polygon","coordinates":[[[28.587323663818808,69.07985592203343],[28.444267832306792,68.35561577451023],[29.970196701768344,67.69575252898909],[29.052255116232885,66.93932393046487],[30.208623087621703,65.80468103267853],[29.54102920723227,64.95168708115119],[30.435128154182394,64.20330559537723],[30.029803298231684,63.55148946260635],[31.496125571229896,62.867484878834425],[31.13848599244983,62.35246966281793],[30.208623087621703,61.789171770299895],[28.074706934234058,60.5096808430089],[26.250745082455808,60.429209715506325],[24.48638982714087,60.05904252899446],[22.865090403337973,59.857864710238026],[22.304788396582552,60.39702126450529],[21.315318895291085,60.72695288726586],[21.541823961851776,61.708700642797304],[21.05304987085239,62.609977270826185],[21.51798132326644,63.189369388844746],[22.447844228094596,63.81704418336485],[24.736737532286924,64.90340440464965],[25.39241009338369,65.10458222340608],[25.308960858335013,65.53107919916977],[23.90224518180014,65.9978117386847],[23.56844824160541,66.4001673761976],[23.544605603020074,67.92911879874657],[21.982912775680518,68.62117049526873],[20.635803695608985,69.11204437303448],[21.23186966024241,69.37759909379298],[22.352473673753252,68.84648965227595],[23.663818795946753,68.89477232877752],[24.736737532286924,68.65335894626978],[25.690443075700387,69.10399726028422],[26.191138485992468,69.82823740780742],[27.740909994039356,70.16621614331822],[29.004569839062185,69.77190761855562],[28.587323663818808,69.07985592203343]]]}},{"type":"Feature","properties":{"name":"Fiji","Alpha-2":"FJ","Alpha-3":"FJI","id":73},"geometry":{"type":"MultiPolygon","coordinates":[[[[178.3787005761971,-17.338087902984846],[178.7244188356845,-17.627783961994126],[178.54559904629446,-18.15084629076088],[177.92569044307572,-18.29569432026552],[177.377309755613,-18.1669405162614],[177.27001788197896,-17.72434931499722],[177.66342141863703,-17.38637057948639],[178.1283528710511,-17.49903015799],[178.3787005761971,-17.338087902984846]]],[[[179.36817007748857,-16.798931348717574],[178.73634015497714,-17.000109167474015],[178.59328432346513,-16.63798909371242],[179.10590105304988,-16.43681127495597],[179.4039340353666,-16.37243437295391],[180,-16.066644088444114],[180,-16.54947085345958],[179.36817007748857,-16.798931348717574]]],[[[-179.91655076495132,-16.50118817695804],[-180,-16.54947085345958],[-180,-16.066644088444114],[-179.78541625273198,-16.026408524692826],[-179.91655076495132,-16.50118817695804]]]]}},{"type":"Feature","properties":{"name":"Falkland Islands","Alpha-2":"FK","Alpha-3":"FLK","id":74},"geometry":{"type":"Polygon","coordinates":[[[-61.192131929266836,-51.852154488840455],[-60,-51.24862103257112],[-59.153586330220534,-51.498081527829115],[-58.545599046294456,-51.10377300306648],[-57.746870653685676,-51.55441131708092],[-58.05682495529504,-51.89239005259174],[-59.39201271607391,-52.206227449851795],[-59.8450228491953,-51.852154488840455],[-60.703357838267436,-52.31083991560515],[-61.192131929266836,-51.852154488840455]]]}},{"type":"Feature","properties":{"name":"France","Alpha-2":"FR","Alpha-3":"FRA","id":75},"geometry":{"type":"MultiPolygon","coordinates":[[[[9.56089807272005,42.154216659670915],[9.21517981323268,41.389740948396415],[8.76216968011127,41.590918767152864],[8.53566461355058,42.25882912542426],[8.738327041525935,42.62899631193611],[9.382078283330031,43.00721061119824],[9.56089807272005,42.154216659670915]]],[[[5.674547983310163,49.525371938907035],[5.901053049870853,49.44490081140446],[6.187164712894912,49.46904214965523],[6.664017484601629,49.20348742889673],[8.094575799721838,49.02645094839105],[7.581959070137117,48.33439925186888],[7.462745877210409,47.61820621709594],[7.188555533479047,47.44921684934052],[6.735545400357637,47.5296879768431],[6.771309358235641,47.28022748158511],[6.0441088813828685,46.72497670181733],[6.032187562090201,46.27433838780289],[6.509040333796946,46.427233530057784],[6.854758593284345,45.98464232879362],[6.8070733161136445,45.71104049528484],[7.093184979137703,45.32477908327247],[6.747466719650305,45.018988798762685],[7.009735744089028,44.254513087488185],[7.534273792966417,44.125759283484065],[7.450824557917741,43.787780547973234],[6.532882972382282,43.13596441520236],[4.565865289091988,43.40956624871112],[3.099543016093776,43.079634625950554],[2.9803298231670965,42.47610116968122],[2.324657262070332,42.38758292942838],[1.8358831710709467,42.323206027426316],[1.6332207430955918,42.40367715492891],[1.8239618517782787,42.596807860935094],[1.4782435922908803,42.67727898843767],[1.3828730379495369,42.50024250793199],[1.2636598450228576,42.54852518443354],[1.1563679713888462,42.596807860935094],[0.7033578382674364,42.78993856694128],[0.3337969401947305,42.57266652268431],[-1.5020862308762162,43.03135194944901],[-1.895489767534258,43.42566047421163],[-1.3828730379495369,44.02919393048098],[-1.1921319292668215,46.01683077979464],[-2.2292867077289884,47.0549083245779],[-2.9684085038744286,47.569923540594395],[-4.494337373335981,47.94813783985651],[-4.589707927677324,48.68042510012997],[-3.2902841247764627,48.90574425713718],[-1.6212994238028955,48.632142423628416],[-1.9431750447049296,49.77483243416503],[-0.9894695012914667,49.34833545840136],[1.3351877607788651,50.13695250792663],[1.6451420623882598,50.941663782952396],[2.515398370753047,51.15088871445911],[2.6584542022650623,50.79681575344777],[3.12338565467914,50.78072152794724],[3.5883171070931894,50.38641300318462],[4.291674945360626,49.91163335091941],[4.792370355652707,49.976010252921476],[5.674547983310163,49.525371938907035]]]]}},{"type":"Feature","properties":{"name":"Faroe Islands","Alpha-2":"FO","Alpha-3":"FRO","id":76},"geometry":{"type":"Polygon","coordinates":[[[-7.272004768527722,62.33637543731742],[-6.8189946354063125,62.45708212857128],[-6.103715477846208,62.32832832456716],[-6.747466719650305,61.942066912554786],[-6.568646930260286,61.85354867230195],[-6.711702761772301,61.72479486829783],[-6.520961653089614,61.604088177043955],[-6.687860123186965,61.346580569035716],[-7.033578382674335,61.587993951543446],[-6.878601231869652,61.7489362065486],[-7.009735744088999,61.95011402530505],[-7.760778859527107,62.08691494205943],[-7.272004768527722,62.33637543731742]]]}},{"type":"Feature","properties":{"name":"Micronesia","Alpha-2":"FM","Alpha-3":"FSM","id":77},"geometry":{"type":"Polygon","coordinates":[[[158.12437909795352,7.068805068547],[158.55354659248957,6.972239715543907],[158.20782833300223,6.602072529032043],[157.87403139280747,6.875674362540813],[158.12437909795352,7.068805068547]]]}},{"type":"Feature","properties":{"name":"Gabon","Alpha-2":"GA","Alpha-3":"GAB","id":78},"geometry":{"type":"Polygon","coordinates":[[[11.110669580766938,-3.9798807375569325],[10.0735148023048,-2.965944531024455],[9.3939996026227,-2.1451390304981572],[8.786012318696606,-1.115108598465163],[8.82177627657461,-0.7690827502040776],[9.024438704549965,-0.4552453529440257],[9.286707728988688,0.27704190732943346],[9.489370156964043,1.0093291676028926],[9.823167097158773,1.0656589568546977],[11.289489370156986,1.0656589568546977],[11.277568050864318,2.2566316438928453],[11.754420822571035,2.329055658645167],[12.362408106497128,2.1922547418907854],[12.958474071130553,2.329055658645167],[13.0896085833499,2.2646787566431],[13.006159348301225,1.838181780879438],[13.292271011325255,1.3151194521126826],[14.031392807470695,1.4036376923655212],[14.269819193324082,1.2024598736090795],[13.864494337373344,0.04367563757195825],[14.317504470494754,-0.5437635931968643],[14.424796344128765,-1.3404277554723834],[14.305583151202086,-2.0002910009935206],[13.995628849592691,-2.475070653258726],[13.125372541227904,-2.4348350895074375],[12.588913173057819,-1.9520083244919704],[12.505463938009143,-2.394599525756149],[11.825948738327043,-2.5153062170100142],[11.49215179813234,-2.772813825018268],[11.873634015497714,-3.4326770705394054],[11.110669580766938,-3.9798807375569325]]]}},{"type":"Feature","properties":{"name":"United Kingdom","Alpha-2":"GB","Alpha-3":"GBR","id":79},"geometry":{"type":"MultiPolygon","coordinates":[[[[-6.199086032187552,53.86276571129597],[-6.962050466918328,54.07199064280268],[-7.5700377508444205,54.05589641730216],[-7.355454003576398,54.59505297156944],[-7.5700377508444205,55.142256638586964],[-6.735545400357637,55.174445089588],[-5.662626664017466,54.55481740781814],[-6.199086032187552,53.86276571129597]]],[[[-3.42141863699581,51.43253766071813],[-4.983111464335366,51.593479915723286],[-5.2692231273594246,51.98778844048592],[-4.232068348897258,52.293578724995704],[-4.768527717067343,52.84882950476349],[-4.577786608384656,53.50064563753438],[-3.099543016093776,53.40408028453128],[-2.9445658652890927,53.98347240254984],[-3.624081064971193,54.59505297156944],[-3.636002384263861,54.61114719706995],[-4.8519769521160185,54.788183677575624],[-5.090403337969406,55.06178551108439],[-4.720842439896671,55.51242382509883],[-5.06656069938407,55.78602565860759],[-5.591098748261459,55.31929311909264],[-5.650705344724798,56.26885242362305],[-6.15140075501688,56.7758205268893],[-5.781839856944174,57.82194518442281],[-5.006954102920702,58.626656459448576],[-4.208225710311922,58.546185331946],[-3.0041724617524324,58.626656459448576],[-4.0890125173852425,57.548343350914045],[-3.051857738923104,57.68514426766843],[-1.9550963639975976,57.68514426766843],[-2.2292867077289884,56.86433876714212],[-3.1233856546791117,55.97110925186352],[-2.0862308762169732,55.91477946261171],[-2.014702960460937,55.810166996858364],[-1.120604013510814,54.61919430982021],[-0.4291674945360455,54.4662991675653],[0.1788197893900474,53.33165626977897],[0.47685277170674567,52.92930063226607],[1.6809060202662636,52.744217039010145],[1.549771508046888,52.10044801898952],[1.0490760977548348,51.80270484722998],[1.4544009537055445,51.29573674396375],[0.5483806874627533,50.76462730244673],[-0.774885754023444,50.78072152794724],[-2.491555732167683,50.50711969443848],[-2.9564871845817606,50.700250400444666],[-3.624081064971193,50.233517860929716],[-4.542022650506652,50.35422455218359],[-5.257301808066757,49.95991602742095],[-5.769918537651506,50.16914095892766],[-4.315517583945962,51.20721850371091],[-3.42141863699581,51.43253766071813]]]]}},{"type":"Feature","properties":{"name":"Georgia","Alpha-2":"GE","Alpha-3":"GEO","id":80},"geometry":{"type":"Polygon","coordinates":[[[41.54579773494933,41.54263609065132],[41.70077488575404,41.96108595366473],[41.45042718060799,42.64509053743664],[40.86628253526726,43.00721061119824],[40.31790184780451,43.13596441520236],[39.94834094973177,43.433707586961894],[40.07947546195112,43.562461390966014],[40.9258891317306,43.39347202321061],[42.39221140472881,43.216435542704936],[43.76316312338565,42.74165589043972],[43.93006159348303,42.54852518443354],[44.538048877409096,42.70946743943869],[45.46791178223725,42.508289620682255],[45.789787403139286,42.08983975766885],[46.421617325650715,41.86452060066163],[46.14742698191935,41.727719683907246],[46.648122392211405,41.18051601688972],[46.49314524140672,41.07590355113637],[45.95668587323664,41.132233340388176],[45.2175640770912,41.4138822866472],[44.96721637194517,41.252940031642034],[43.5605006954103,41.10004488938714],[42.606795151996835,41.590918767152864],[41.54579773494933,41.54263609065132]]]}},{"type":"Feature","properties":{"name":"Guernsey","Alpha-2":"GG","Alpha-3":"GGY","id":81},"geometry":{"type":"Polygon","coordinates":[[[-2.503477051460351,49.517324826156774],[-2.5153983707530188,49.42075947315369],[-2.6942181601430377,49.40466524765316],[-2.68229684085037,49.46904214965523],[-2.503477051460351,49.517324826156774]]]}},{"type":"Feature","properties":{"name":"Ghana","Alpha-2":"GH","Alpha-3":"GHA","id":82},"geometry":{"type":"Polygon","coordinates":[[[1.0609974170475027,5.934162170760651],[-0.512616729584721,5.338675827241573],[-1.0609974170474743,5.00069709173075],[-1.9670176832902655,4.702953919971208],[-2.861116630240417,4.992649978980488],[-2.8253526723624134,5.386958503743124],[-3.254520166898459,6.2479995680207026],[-2.9803298231670965,7.366548240306535],[-2.5511623286310225,8.21954219183386],[-2.8372739916550813,9.643881148629482],[-2.9684085038744286,10.392262634403458],[-2.9445658652890927,10.971654752422019],[-1.2159745678521574,11.011890316173314],[-0.762964434730776,10.947513414171247],[-0.4530101331213814,11.1084556691764],[0.023842638585335862,11.019937428923562],[-0.047685277170671725,10.714147144413765],[0.3695608980727343,10.19108481564701],[0.35763957878006636,9.46684466812382],[0.46493145241407774,8.678227618598548],[0.7152791575601043,8.316107544836953],[0.4887740909994136,7.406783804057824],[0.5722233260480891,6.923957039042357],[0.8464136697794515,6.272140906271474],[1.0609974170475027,5.934162170760651]]]}},{"type":"Feature","properties":{"name":"Gibraltar","Alpha-2":"GI","Alpha-3":"GIB","id":83},"geometry":{"type":"Polygon","coordinates":[[[-5.304987085237428,36.01426963122423],[-5.209616530896085,36.11083498422732],[-5.185773892310749,35.9418456164719],[-5.257301808066757,35.957939841972426],[-5.257301808066757,36.00622251847397],[-5.304987085237428,36.01426963122423]]]}},{"type":"Feature","properties":{"name":"Guinea","Alpha-2":"GN","Alpha-3":"GIN","id":84},"geometry":{"type":"Polygon","coordinates":[[[-8.440294059209208,7.6723385248163325],[-8.71448440294057,7.712574088567621],[-8.929068150208622,7.31021845105473],[-9.203258493939984,7.31021845105473],[-9.39399960262267,7.519443382561434],[-9.334393006159331,7.9217990200743245],[-9.751639181402737,8.533379589093919],[-10.001986886548764,8.428767123340556],[-10.216570633816815,8.404625785089785],[-10.502682296840845,8.348295995837987],[-10.490760977548177,8.718463182349844],[-10.633816809060193,8.975970790358097],[-10.609974170474857,9.273713962117633],[-10.82455791774288,9.684116712380778],[-11.122590900059606,10.054283898892628],[-11.921319292668386,10.054283898892628],[-12.147824359229077,9.86115319288644],[-12.433936022253135,9.83701185463567],[-12.600834492350486,9.627786923128973],[-12.720047685277166,9.346137976869947],[-13.244585734154583,8.903546775605768],[-13.697595867275965,9.499033119124853],[-14.090999403934035,9.885294531137212],[-14.329425789787393,10.022095447891608],[-14.57977349493342,10.215226153897795],[-14.698986687860128,10.665864467912222],[-14.830121200079475,10.88313651216918],[-15.128154182396173,11.044078767174334],[-14.68706536856746,11.526905532189808],[-14.377111066958065,11.510811306689284],[-14.126763361812039,11.671753561694452],[-13.912179614544016,11.671753561694452],[-13.745281144446636,11.808554478448833],[-13.84065169878798,12.138486101209402],[-13.733359825153968,12.251145679713012],[-13.709517186568632,12.581077302473581],[-13.220743095569247,12.573030189723319],[-12.505463938009143,12.331616807215589],[-12.290880190741092,12.35575814546636],[-12.207430955692416,12.460370611219709],[-11.670971587522331,12.387946596467394],[-11.515994436717648,12.436229272968937],[-11.468309159546976,12.082156311957597],[-11.313332008742293,12.082156311957597],[-11.027220345718263,12.210910115961717],[-10.872243194913551,12.178721664960683],[-10.58613153188952,11.921214056952444],[-10.156964037353447,11.840742929449853],[-9.882773693622084,12.066062086457073],[-9.56089807272005,12.194815890461207],[-9.322471686866663,12.331616807215589],[-9.119809258891308,12.307475468964817],[-8.893304192330618,12.090203424707845],[-8.774090999403938,11.816601591199081],[-8.3687661434532,11.406198840935936],[-8.571428571428555,11.140644120177434],[-8.607192529306559,10.818759610167128],[-8.392608782038536,10.915324963170214],[-8.273395589111857,10.802665384666604],[-8.333002185575197,10.496875100156807],[-8.011126564673162,10.207179041147533],[-8.213788992648517,10.126707913644957],[-8.30915954698986,9.788729178134126],[-8.08265448042917,9.386373540621243],[-7.820385455990447,8.5736151528452],[-8.189946354063181,8.46095557434159],[-8.285316908404525,8.316107544836953],[-8.213788992648517,8.114929726080511],[-8.273395589111857,7.688432750316849],[-8.440294059209208,7.6723385248163325]]]}},{"type":"Feature","properties":{"name":"Guadeloupe","Alpha-2":"GP","Alpha-3":"GLP","id":85},"geometry":{"type":"Polygon","coordinates":[[[-61.54977150804689,16.28274916759215],[-61.52592886946155,16.35517318234448],[-61.502086230876216,16.347126069594218],[-61.49016491158355,16.37931452059525],[-61.53785018875422,16.403455858846023],[-61.53785018875422,16.475879873598338],[-61.454400953705544,16.516115437349633],[-61.38287303794952,16.443691422597304],[-61.40671567653486,16.37126740784499],[-61.28750248360818,16.322984731343446],[-61.18021060997417,16.24251360384087],[-61.26365984502284,16.25860782934138],[-61.38287303794952,16.226419378340346],[-61.454400953705544,16.186183814589064],[-61.53785018875422,16.234466491090608],[-61.58553546592489,16.234466491090608],[-61.58553546592489,16.17008958908854],[-61.52592886946155,16.04133578508442],[-61.71666997814424,15.920629093830549],[-61.72859129743691,15.993053108582878],[-61.77627657460758,16.049382897834683],[-61.800119213192914,16.363220295094727],[-61.71666997814424,16.363220295094727],[-61.60937810451023,16.306890505842922],[-61.60937810451023,16.25860782934138],[-61.54977150804689,16.28274916759215]]]}},{"type":"Feature","properties":{"name":"Gambia","Alpha-2":"GM","Alpha-3":"GMB","id":86},"geometry":{"type":"Polygon","coordinates":[[[-16.832902841247744,13.160469420492142],[-16.713689648321065,13.603060621756306],[-15.616928273395587,13.627201960007092],[-15.390423206834896,13.868615342514822],[-15.080468905225501,13.884709568015332],[-14.68706536856746,13.63524907275734],[-14.365189747665397,13.627201960007092],[-14.067156765348699,13.796191327762493],[-13.864494337373316,13.50649526875322],[-14.269819193324054,13.281176111746],[-14.710908007152796,13.297270337246523],[-15.140075501688841,13.50649526875322],[-15.509636399761575,13.281176111746],[-15.700377508444262,13.273128998995738],[-15.938803894297621,13.136328082241356],[-16.832902841247744,13.160469420492142]]]}},{"type":"Feature","properties":{"name":"Guinea Bissau","Alpha-2":"GW","Alpha-3":"GNB","id":87},"geometry":{"type":"Polygon","coordinates":[[[-15.128154182396173,11.044078767174334],[-15.65269223127359,11.462528630187741],[-16.093781045102304,11.526905532189808],[-16.320286111663023,11.808554478448833],[-16.308364792370355,11.953402507953463],[-16.606397774687053,12.170674552210421],[-16.68984700973573,12.379899483717132],[-16.141466322273004,12.548888851472547],[-15.819590701370942,12.516700400471514],[-15.557321676932247,12.621312866224862],[-13.709517186568632,12.581077302473581],[-13.733359825153968,12.251145679713012],[-13.84065169878798,12.138486101209402],[-13.745281144446636,11.808554478448833],[-13.912179614544016,11.671753561694452],[-14.126763361812039,11.671753561694452],[-14.377111066958065,11.510811306689284],[-14.68706536856746,11.526905532189808],[-15.128154182396173,11.044078767174334]]]}},{"type":"Feature","properties":{"name":"Equatorial Guinea","Alpha-2":"GQ","Alpha-3":"GNQ","id":88},"geometry":{"type":"Polygon","coordinates":[[[9.489370156964043,1.0093291676028926],[9.310550367574024,1.1541771971075292],[9.644347307768726,2.288820094893879],[11.277568050864318,2.2566316438928453],[11.289489370156986,1.0656589568546977],[9.823167097158773,1.0656589568546977],[9.489370156964043,1.0093291676028926]]]}},{"type":"Feature","id":88,"properties":{"name":"Greece","Alpha-2":"GR","Alpha-3":"GRC","id":89},"geometry":{"type":"MultiPolygon","coordinates":[[[[23.711504073117425,35.70043223396417],[24.24796344128751,35.36245349845334],[25.034770514603622,35.418783287705146],[25.78581363004173,35.35440638570309],[25.750049672163726,35.177369905197416],[26.310351678919147,35.29807659645129],[26.1792171666998,35.00033342469174],[24.736737532286924,34.91986229718916],[24.736737532286924,35.08885166494458],[23.520762964434738,35.281982370950765],[23.711504073117425,35.70043223396417]]],[[[26.06000397377312,40.82644305587838],[25.452016689847028,40.85863150687941],[24.93939996026228,40.94714974713224],[23.723425392410093,40.689642139124],[24.41486191138486,40.1182971338557],[23.90224518180014,39.96540199160079],[23.34194317504472,39.95735487885053],[22.8174051261673,40.480417207617286],[22.626664017484615,40.25509805061008],[22.841247764752637,39.659611707090995],[23.353864494337387,39.192879167576045],[22.972382276971985,38.97560712331909],[23.544605603020074,38.508874583804136],[24.02145837472682,38.21917852479486],[24.045301013312155,37.64783351952655],[23.115438108484028,37.913388240285066],[23.40154977150806,37.40642013701882],[22.76971984899663,37.30180767126547],[23.151202066362032,36.432719494237624],[22.495529505265267,36.40857815598685],[21.661037154778484,36.84312224450077],[21.29147625670575,37.6397864067763],[21.1245777866084,38.30769676504769],[20.731174249950328,38.76638219181239],[20.218557520365607,39.34577430983095],[20.1470296046096,39.62742325608996],[20.61196105702365,40.110250021105436],[20.67156765348699,40.43213453111574],[20.99344327438905,40.57698256062039],[21.017285912974387,40.85058439412915],[21.661037154778484,40.94714974713224],[22.054440691436525,41.15637467863895],[22.60282137889928,41.14028045313842],[22.75779852970396,41.30926982089384],[22.960460957679317,41.34145827189487],[23.699582753824757,41.3173169336441],[24.48638982714087,41.590918767152864],[25.201668984700973,41.236845806141524],[26.11961057023646,41.33341115914461],[26.11961057023646,41.832332149660594],[26.608384661235846,41.56677742890209],[26.310351678919147,40.94714974713224],[26.06000397377312,40.82644305587838]]]]}},{"type":"Feature","properties":{"name":"Grenada","Alpha-2":"GD","Alpha-3":"GRD","id":90},"geometry":{"type":"Polygon","coordinates":[[[-61.66898470097357,12.299428356214555],[-61.573614146632224,12.267239905213522],[-61.502086230876216,12.058014973706825],[-61.76435525531491,11.921214056952444],[-61.871647128948936,12.14653321395965],[-61.66898470097357,12.299428356214555]]]}},{"type":"Feature","properties":{"name":"Greenland","Alpha-2":"GL","Alpha-3":"GRL","id":91},"geometry":{"type":"Polygon","coordinates":[[[-46.767335585138085,82.63119379346753],[-43.405523544605586,83.2266801369866],[-39.9006556725611,83.17839746048506],[-38.61315318895291,83.54051753424665],[-35.096363997615725,83.64513],[-27.09715875223523,83.52442330874615],[-20.83846612358434,82.72775914647062],[-22.698191933240594,82.34149773445824],[-26.52493542618717,82.2932150579567],[-31.901450427180606,82.19664970495361],[-31.400755016888525,82.01156611169768],[-27.860123186966007,82.13227280295155],[-24.844029405920907,81.78624695469045],[-22.900854361215977,82.09203723920027],[-22.066362010729193,81.73796427818891],[-23.17504470494734,81.15857216017037],[-20.623882376316317,81.52069223393195],[-15.759984104907602,81.91500075869459],[-12.767732962447838,81.72991716543865],[-12.219352274985084,81.29537307692473],[-16.28452215378502,80.58722715490205],[-16.844824160540412,80.36190799789483],[-20.051659050268228,80.18487151738915],[-17.727001788197896,80.12854172813735],[-18.89529107887938,79.40430158061415],[-19.70594079078083,78.75248544784327],[-19.670176832902825,77.63393677555746],[-18.478044903636004,76.99016775553682],[-20.03973773097556,76.94188507903527],[-21.661037154778455,76.62804768177523],[-19.837075303000205,76.0969382402582],[-19.598648917146818,75.24394428873089],[-20.67156765348699,75.15542604847806],[-19.372143850586127,74.2863378714502],[-21.57758791972978,74.22196096944816],[-20.4331412676336,73.81960533193526],[-20.755016888535664,73.46553237092391],[-22.173653884363205,73.31263722866902],[-23.56844824160541,73.31263722866902],[-22.31670971587522,72.6286326448971],[-22.304788396582552,72.18604144363294],[-24.283727399165514,72.58839708114581],[-24.796344128750235,72.33088947313757],[-23.449235048678702,72.07338186512933],[-22.1378899264852,71.46984840886],[-21.74448638982713,70.66513713383421],[-23.544605603020074,70.47200642782803],[-24.319491357043518,70.85826783984041],[-25.55930856348101,71.4296128451087],[-25.201668984700973,70.75365537408706],[-26.36995827538246,70.23059304532029],[-23.73534671170276,70.19035748156901],[-22.352473673753224,70.1340276923172],[-25.034770514603622,69.26493951528937],[-27.752831313331995,68.46022824026358],[-30.673554540035752,68.12224950475277],[-31.782237234253927,68.12224950475277],[-32.819392012716065,67.7359880927404],[-34.21418636995827,66.67376920970636],[-36.348102523345915,65.97367040043395],[-37.03953904232068,65.93343483668264],[-38.37472680309955,65.69202145417492],[-39.817206437512425,65.45865518441744],[-40.675541426584545,64.83098038989732],[-40.68746274587721,64.14697580612543],[-41.188158156169266,63.47101833510376],[-42.80945757997219,62.6824012855785],[-42.41605404331412,61.90183134880349],[-42.84522153785019,61.07297873552695],[-43.357838267434914,60.10732520549602],[-44.80031790184779,60.04294830349395],[-46.27856149413867,60.85570669126998],[-48.2694218160143,60.86375380402024],[-49.23504867872043,61.40291035828752],[-49.902642559109864,62.3766110010687],[-51.63123385654677,63.62391347735866],[-52.13192926683885,64.2837767228798],[-52.27498509835088,65.16895912540815],[-53.657858136300405,66.09437709168779],[-53.30021855752035,66.83471146471152],[-53.95589111861712,67.18073731297261],[-52.96642161732565,68.34756866175996],[-51.46433538644942,68.7418771865226],[-51.07093184979138,69.15227993678576],[-50.85634810252333,69.93284987356077],[-52.01271607391217,69.57877691254942],[-52.549175442082245,69.42588177029452],[-53.45519570832505,69.28908085354013],[-54.69501291476256,69.61096536355046],[-54.766540830518565,70.29496994732236],[-54.36121597456784,70.81803227608913],[-53.431353069739714,70.83412650158962],[-51.380886151400745,70.56857178083112],[-53.097556129545,71.21234080085173],[-54.00357639578779,71.55836664911283],[-55.00496721637194,71.4135186196082],[-55.85138088615139,71.65493200211591],[-54.71885555334789,72.58034996839555],[-55.326842837273986,72.95051715490743],[-56.137492549175434,73.65061596417985],[-57.3177031591496,74.71283484721388],[-58.58136300417246,75.09909625922626],[-58.58136300417246,75.50949900948939],[-61.27558116431551,76.0969382402582],[-63.39757599841049,76.17740936776079],[-66.0679515199682,76.12912669125924],[-68.51182197496523,76.06474978925718],[-69.68011126564673,76.37858718651722],[-71.39678124379097,76.99821486828708],[-68.78601231869659,77.32009937829739],[-66.77130935823564,77.36838205479893],[-71.02722034571825,77.63393677555746],[-73.29227101132525,78.04433952582059],[-73.1611364991059,78.43060093783296],[-69.38207828333002,78.91342770284842],[-65.71031194118815,79.40430158061415],[-65.3169084045301,79.7583745416255],[-68.02304788396582,80.12049461538709],[-67.15279157560103,80.52285025289999],[-63.68368766143453,81.21490194942217],[-62.253129346314324,81.31951441517552],[-62.65845420226505,81.77015272918993],[-60.28611166302403,82.03570744994846],[-57.19848996622292,82.18860259220335],[-54.13471090800715,82.19664970495361],[-53.03794953308166,81.8908594204438],[-50.37949533081661,82.43001597471107],[-48.019074110868274,82.06789590094948],[-46.600437115040734,81.97937766069666],[-44.52612755811643,81.65749315068635],[-46.9103914166501,82.19664970495361],[-46.767335585138085,82.63119379346753]]]}},{"type":"Feature","properties":{"name":"Guatemala","Alpha-2":"GT","Alpha-3":"GTM","id":92},"geometry":{"type":"Polygon","coordinates":[[[-90.10133121398768,13.739861538510702],[-90.61394794357241,13.908850906266103],[-91.24577786608384,13.924945131766627],[-91.69878799920524,14.126122950523062],[-92.22332604808265,14.536525700786221],[-92.21140472878999,14.826221759795494],[-92.08027021657063,15.051540916802715],[-92.22332604808265,15.260765848309411],[-91.74647327637591,16.065477123335192],[-90.4708921120604,16.073524236085454],[-90.44704947347506,16.403455858846023],[-90.61394794357241,16.467832760848076],[-90.72123981720644,16.68510480510505],[-91.09080071527916,16.910423962112255],[-91.46036161335188,17.248402697623085],[-91.00735148023047,17.248402697623085],[-91.00735148023047,17.811700590141136],[-90.07748857540234,17.819747702891384],[-89.13570435128153,17.803653477390874],[-89.15954698986687,17.015036427865617],[-89.24299622491556,15.896487755579777],[-88.92112060401351,15.896487755579777],[-88.61116630240413,15.70335704957359],[-88.51579574806279,15.856252191828496],[-88.22968408503874,15.727498387824362],[-88.68269421816014,15.34928408856225],[-89.15954698986687,15.059588029552977],[-89.23107490562289,14.86645732354679],[-89.15954698986687,14.673326617540603],[-89.36220941784224,14.415819009532349],[-89.60063580369561,14.359489220280544],[-89.52910788793959,14.246829641776934],[-89.73177031591496,14.126122950523062],[-90.07748857540234,13.892756680765594],[-90.10133121398768,13.739861538510702]]]}},{"type":"Feature","properties":{"name":"French Guiana","Alpha-2":"GF","Alpha-3":"GUF","id":93},"geometry":{"type":"Polygon","coordinates":[[[-54.528114444665206,2.3129614331446504],[-54.277766739519166,2.7394584089083125],[-54.170474865885154,3.190096722922746],[-54.00357639578779,3.62464081143667],[-54.396979932445845,4.212080042205486],[-54.46850784820187,4.88803751322714],[-53.94396979932445,5.7571256902549806],[-53.6220941784224,5.6364189990011155],[-52.88297238227696,5.40305272924364],[-51.82197496522949,4.566153003216826],[-51.655076495132136,4.163797365703942],[-52.251142459765546,3.2383793994242964],[-52.549175442082245,2.5060921391508373],[-52.93065765944763,2.1359249526389803],[-53.419431750447046,2.0554538251364036],[-53.55056626266639,2.337102771395422],[-53.7770713292271,2.3773383351467103],[-54.08702563083648,2.103736501637947],[-54.528114444665206,2.3129614331446504]]]}},{"type":"Feature","properties":{"name":"Guam","Alpha-2":"GU","Alpha-3":"GUM","id":94},"geometry":{"type":"Polygon","coordinates":[[[144.84402940592094,13.723767313010178],[144.9036360023843,13.643296185507602],[145.04669183389632,13.627201960007092],[144.8321080866283,13.417977028500381],[144.80826544804296,13.281176111746],[144.6652096165309,13.096092518490074],[144.56983906218954,13.450165479501415],[144.7486588515796,13.514542381503482],[144.84402940592094,13.723767313010178]]]}},{"type":"Feature","properties":{"name":"Guyana","Alpha-2":"GY","Alpha-3":"GUY","id":95},"geometry":{"type":"Polygon","coordinates":[[[-59.76157361414663,8.364390221338496],[-59.093979733757195,8.002270147576901],[-58.474071130538434,7.342406902055764],[-58.4502284919531,6.835438798789518],[-58.08066759388038,6.811297460538746],[-57.54420822571031,6.320423582773024],[-57.15080468905225,5.974397734511939],[-57.305781839856934,5.073121106483065],[-57.91376912378303,4.815613498474818],[-57.85416252731969,4.574200115967088],[-58.044903636002374,4.059184899950587],[-57.59189350288098,3.326897639677128],[-57.2819392012716,3.326897639677128],[-57.15080468905225,2.771646859909346],[-56.53089608583349,1.902558682881505],[-56.78124379097953,1.8703702318804716],[-57.32962447844227,1.9508413593830483],[-57.663421418636986,1.6933337513748015],[-58.116431551758396,1.5162972708691314],[-58.43830717266043,1.468014594367581],[-58.53367772700179,1.2748838883613942],[-59.02245181800119,1.3151194521126826],[-59.654281740512616,1.78185199162764],[-59.713888336975955,2.2485845311425905],[-59.964236042121996,2.7555526344088292],[-59.8092588913173,3.6085465859361534],[-59.53506854758592,3.9626195469474936],[-59.76157361414663,4.421304973712189],[-60.11921319292668,4.574200115967088],[-59.98807868070733,5.008744204481005],[-60.202662427975355,5.24211047423848],[-60.73912179614544,5.193827797736937],[-61.40671567653486,5.958303509011422],[-61.144446652096164,6.239952455270448],[-61.15636797138883,6.690590769284881],[-60.54838068746274,6.851533024290035],[-60.2980329823167,7.036616617545967],[-60.64375124180408,7.406783804057824],[-60.54838068746274,7.776950990569681],[-59.76157361414663,8.364390221338496]]]}},{"type":"Feature","properties":{"name":"Hong Kong","Alpha-2":"HK","Alpha-3":"HKG","id":96},"geometry":{"type":"Polygon","coordinates":[[[114.14663222729985,22.23761260278291],[114.59964236042123,22.56754422554348],[114.70693423405527,22.47902598529064],[114.56387840254325,22.060576122277233],[114.09894695012918,21.78697428876847],[113.83667792569048,22.189329926281367],[113.93204848003182,22.430743308789097],[114.14663222729985,22.23761260278291]]]},"id":95},{"type":"Feature","properties":{"name":"Heard Island and McDonald Islands","Alpha-2":"HM","Alpha-3":"HMD","id":97},"geometry":{"type":"Polygon","coordinates":[[[73.20882177627658,-52.97875027387654],[73.30419233061792,-52.938514710125254],[73.4353268428373,-52.99484449937706],[73.51877607788597,-52.986797386626804],[73.66183190939799,-52.99484449937706],[73.697595867276,-53.075315626879636],[73.90025829525135,-53.115551190630924],[73.60222531293465,-53.228210769134535],[73.3876415656666,-53.17188097988273],[73.33995628849593,-53.0431271758786],[73.26842837273992,-53.051174288628864],[73.20882177627658,-52.97875027387654]]]}},{"type":"Feature","id":97,"properties":{"name":"Honduras","Alpha-2":"HN","Alpha-3":"HND","id":98},"geometry":{"type":"Polygon","coordinates":[[[-87.32366381879594,12.991480052736726],[-87.4905622888933,13.297270337246523],[-87.80051659050268,13.385788577499348],[-87.72898867474667,13.788144215012245],[-87.86012318696602,13.900803793515855],[-88.06278561494138,13.965180695517908],[-88.50387442877012,13.84447400426405],[-88.55155970594079,13.97322780826817],[-88.8495926882575,14.134170063273324],[-89.05225511623286,14.343394994780034],[-89.36220941784224,14.415819009532349],[-89.15954698986687,14.673326617540603],[-89.23107490562289,14.86645732354679],[-89.15954698986687,15.059588029552977],[-88.68269421816014,15.34928408856225],[-88.22968408503874,15.727498387824362],[-88.12239221140473,15.68726282407308],[-87.89588714484402,15.864299304578743],[-87.62169680111265,15.888440642829515],[-87.5263262467713,15.79992240257669],[-87.38327041525929,15.848205079078234],[-86.89449632425988,15.759686838825395],[-86.42956487184581,15.783828177076167],[-86.10768925094376,15.896487755579777],[-86.00039737730975,16.001100221333125],[-85.66660043711504,15.952817544831582],[-85.42817405126166,15.888440642829515],[-85.16590502682297,15.9125819810803],[-84.97516391814027,15.993053108582878],[-84.52215378501887,15.856252191828496],[-84.37909795350686,15.832110853577724],[-84.05722233260481,15.647027260321785],[-83.78303198887343,15.429755216064827],[-83.41347109080071,15.276860073809935],[-83.151202066362,14.99521112755091],[-83.48499900655672,15.019352465801681],[-83.62805483806873,14.874504436297038],[-83.98569441684879,14.745750632292918],[-84.23604212199483,14.745750632292918],[-84.45062586926286,14.616996828288798],[-84.65328829723822,14.665279504790341],[-84.80826544804292,14.818174647045232],[-84.90363600238426,14.785986196044213],[-85.03477051460361,14.55261992628673],[-85.14206238823763,14.560667039036993],[-85.1539837075303,14.359489220280544],[-85.49970196701769,14.077840274021518],[-85.6785217564077,13.95713358276766],[-85.78581363004172,13.836426891513788],[-86.08384661235843,14.045651823020485],[-86.29843035962647,13.772049989511721],[-86.50109278760182,13.780097102261983],[-86.75144049274786,13.755955764011212],[-86.72759785416252,13.26508188624549],[-86.87065368567454,13.257034773495228],[-87.0017881978939,13.02366850373776],[-87.32366381879594,12.991480052736726]]]}},{"type":"Feature","properties":{"name":"Croatia","Alpha-2":"HR","Alpha-3":"HRV","id":99},"geometry":{"type":"Polygon","coordinates":[[[18.823763163123402,45.90417120129103],[19.086032187562097,45.517909789278654],[19.384065169878795,45.22016661751912],[19.00258295251342,44.85804654375752],[18.56149413868468,45.07531858801449],[17.858136300417243,45.059224362513966],[16.999801311345124,45.22016661751912],[16.546791178223742,45.20407239201861],[16.320286111663023,45.00289457326216],[15.962646532882985,45.22016661751912],[15.748062785614962,44.817810980006236],[16.236836876614348,44.351078440491285],[16.4514206238824,44.04528815598149],[16.928273395589116,43.66707385671938],[17.30975561295452,43.44980181246242],[17.679316511027224,43.03135194944901],[18.56149413868468,42.6531376501869],[18.442280945758,42.484148282431484],[17.512418040929873,42.84626835619307],[16.940194714881784,43.208388429954674],[16.010331810053657,43.50613160171422],[15.175839459566873,44.24646597473794],[15.36658056824956,44.326937102240514],[14.91357043512815,44.73733985250366],[14.901649115835482,45.06727147526423],[14.245976554738746,45.22016661751912],[13.959864891714687,44.80171675450571],[13.66183190939799,45.13164837726628],[13.697595867275993,45.485721338277635],[13.721438505861329,45.501815563778145],[14.40095370554343,45.46158000002686],[14.591694814226116,45.63861648053253],[14.937413073713486,45.46962711277711],[15.330816610371556,45.4535328872766],[15.330816610371556,45.73518183353563],[15.65269223127359,45.83174718653871],[15.75998410490763,46.2341028240516],[16.570633816809078,46.507704657560375],[16.880588118418444,46.37895085355624],[17.619709914563884,45.952453877792586],[18.454202265050668,45.7593231717864],[18.823763163123402,45.90417120129103]]]}},{"type":"Feature","properties":{"name":"Haiti","Alpha-2":"HT","Alpha-3":"HTI","id":100},"geometry":{"type":"Polygon","coordinates":[[[-71.70673554540035,19.71081919920197],[-71.62328631035167,19.171662644934692],[-71.69481422610768,18.77735412017207],[-71.93324061196105,18.616411865166903],[-71.67097158752235,18.31062158065712],[-71.70673554540035,18.045066859898604],[-72.37432942578978,18.21405622765402],[-72.83926087820385,18.141632212901705],[-73.43532684283727,18.21405622765402],[-73.92410093383667,18.020925521647833],[-74.46056030200675,18.33476291890789],[-74.3651897476654,18.66469454166846],[-73.43532684283727,18.52789362491408],[-72.69620504669183,18.43937538466124],[-72.32664414861911,18.66469454166846],[-72.7796542817405,19.099238630182377],[-72.7796542817405,19.48550004219475],[-73.41148420425193,19.638395184449642],[-73.18497913769123,19.92809124345893],[-72.56507053447248,19.871761454207125],[-71.70673554540035,19.71081919920197]]]}},{"type":"Feature","properties":{"name":"Hungary","Alpha-2":"HU","Alpha-3":"HUN","id":101},"geometry":{"type":"Polygon","coordinates":[[[16.201072918736344,46.84568339307119],[16.522948539638406,47.48945241309182],[16.34412875024836,47.70672445734878],[16.90443075700378,47.70672445734878],[16.975958672759788,48.125174320362184],[17.488575402344537,47.87571382510419],[17.846214981124575,47.75500713385032],[18.704549970196723,47.883760937854454],[18.77607788595273,48.08493875661089],[19.18140274190344,48.10908009486166],[19.658255513610186,48.261975237116566],[19.765547387244197,48.1975983351145],[20.230478839658275,48.33439925186888],[20.468905225511634,48.5597184088761],[20.802702165706336,48.616048198127906],[21.86369958275384,48.31830502636837],[22.07828333002186,48.41487037937146],[22.638585336777282,48.149315658612956],[22.722034571825958,47.883760937854454],[22.102125968607197,47.67453600634774],[21.613351877607812,46.990531422575835],[21.017285912974387,46.31457395155419],[20.218557520365607,46.121443245548],[19.598648917146846,46.169725922049544],[18.823763163123402,45.90417120129103],[18.454202265050668,45.7593231717864],[17.619709914563884,45.952453877792586],[16.880588118418444,46.37895085355624],[16.570633816809078,46.507704657560375],[16.367971388833695,46.83763628032094],[16.201072918736344,46.84568339307119]]]}},{"type":"Feature","properties":{"name":"Indonesia","Alpha-2":"ID","Alpha-3":"IDN","id":102},"geometry":{"type":"MultiPolygon","coordinates":[[[[120.71527915756013,-10.224440231756965],[120.29803298231673,-10.256628682757999],[118.96284522153786,-9.548482760735318],[119.90462944565866,-9.355352054729131],[120.4291674945361,-9.661142339238921],[120.78680707331614,-9.966932623748718],[120.71527915756013,-10.224440231756965]]],[[[124.97119014504273,-8.888619515214174],[125.06656069938407,-9.08175022122036],[125.07848201867677,-9.387540505730158],[124.43473077687264,-10.135921991504134],[123.57639578780055,-10.361241148511347],[123.45718259487387,-10.224440231756965],[123.55255314921521,-9.894508608996397],[123.98172064375126,-9.290975152727064],[124.97119014504273,-8.888619515214174]]],[[[117.91376912378303,-8.100002465688917],[118.24756606397779,-8.365557186447418],[118.87939598648916,-8.285086058944842],[119.12974369163521,-8.711583034708504],[117.9733757202464,-8.90471374071469],[117.27001788197896,-9.041514657469072],[116.73355851380887,-9.033467544718818],[117.09119809258891,-8.454075426700257],[117.627657460759,-8.446028313950002],[117.91376912378303,-8.100002465688917]]],[[[122.90880190741109,-8.100002465688917],[122.75382475660643,-8.647206132706444],[121.23981720643752,-8.92885507896547],[119.92847208424399,-8.808148387711597],[119.92847208424399,-8.446028313950002],[120.71527915756013,-8.228756269693037],[121.34710908007156,-8.534546554202834],[122.00278164116833,-8.462122539450512],[122.90880190741109,-8.100002465688917]]],[[[108.60321875620906,-6.780275974646642],[110.54639380091396,-6.8768413276497355],[110.76097754818204,-6.466438577386583],[112.6207033578383,-6.9412182296517955],[112.96642161732564,-7.584987249672416],[114.48042916749455,-7.762023730178086],[115.70832505463937,-8.37360429919768],[114.56387840254325,-8.751818598459792],[113.46711702761775,-8.349462960946909],[112.57301808066762,-8.37360429919768],[111.52394198291279,-8.301180284445358],[110.59407907808463,-8.132190916689943],[109.43771110669582,-7.72983527917706],[108.6866679912577,-7.641317038924221],[108.2694218160143,-7.753976617427831],[106.45738128352872,-7.351620979914941],[106.26664017484603,-6.925124004151279],[105.36061990860321,-6.852699989398957],[106.05205642757801,-5.903140684868539],[107.2561096761375,-5.959470474120344],[108.06675938803897,-6.345731886132718],[108.48400556328232,-6.426203013635295],[108.60321875620906,-6.780275974646642]]],[[[134.7109080071528,-6.208930969378336],[134.21021259686074,-6.892935553150245],[134.1148420425194,-6.152601180126531],[134.28174051261675,-5.790481106364929],[134.48440294059213,-5.444455258103851],[134.7109080071528,-5.734151317113131],[134.7109080071528,-6.208930969378336]]],[[[127.23624081064975,-3.464865521540432],[126.86667991257701,-3.7947971443010005],[126.18716471289491,-3.6177606637953303],[125.98450228491953,-3.1832165752814134],[126.99781442479633,-3.1268867860296083],[127.23624081064975,-3.464865521540432]]],[[[130.4549970196702,-3.094698335028575],[130.82455791774294,-3.8672211590533223],[129.97814424796343,-3.4407241832896602],[129.1555732167693,-3.3602530557870836],[128.58334989072125,-3.4326770705394054],[127.90383469103915,-3.400488619538372],[128.1422610768925,-2.845237839770583],[129.3582356447447,-2.7969551632690397],[130.4549970196702,-3.094698335028575]]],[[[141.0053645936817,-2.595777344512598],[141.0172859129744,-5.862905121117251],[141.04112855155972,-9.113938672221394],[140.15895092390224,-8.301180284445358],[139.1217961454401,-8.100002465688917],[138.88336975958674,-8.381651411947935],[137.60778859527124,-8.413839862948969],[138.0369560898073,-7.593034362422678],[138.66878601231872,-7.319432528913907],[138.40651698788002,-6.24111942037937],[137.9177428968806,-5.388125468852046],[135.98648917146835,-4.551225742825231],[135.16391814027418,-4.4627075025724],[133.67375322869066,-3.5453366490430156],[133.37572024637393,-4.028163414058476],[132.99423802900856,-4.124728767061569],[132.76773296244784,-3.7465144677994573],[132.76773296244784,-3.3119703792855333],[131.9928472084244,-2.8130493887695565],[133.06576594476456,-2.458976427758209],[133.79296642161734,-2.483117766008988],[133.697595867276,-2.225610158000734],[132.2312735942778,-2.217563045250479],[131.83787005761974,-1.6301238144816637],[130.95569242996226,-1.4289459957252149],[130.5265249354262,-0.9380721179594929],[131.86171269620507,-0.6966587354517557],[132.39817206437516,-0.3667271126911871],[133.99562884959272,-0.7690827502040776],[134.15060600039737,-1.1633912749667132],[134.42479634412877,-2.772813825018268],[135.45002980329826,-3.3683001685373384],[136.28452215378502,-2.3141283982535725],[137.4408901251739,-1.7025478292339784],[138.32306775283132,-1.7025478292339784],[139.1933240611961,-2.0646679029955806],[139.92052453804888,-2.410693751256666],[141.0053645936817,-2.595777344512598]]],[[[125.23345916948142,1.4277790306162927],[124.43473077687264,0.429937049584332],[123.69560898072723,0.23680634357814512],[122.7299821180211,0.429937049584332],[121.04907609775483,0.3816543730827817],[120.17881978939005,0.23680634357814512],[120.03576395787803,-0.5196222549460856],[120.9417842241208,-1.412851770224698],[121.46632227299824,-0.9541663434600096],[123.33796940194719,-0.6081404951989242],[123.25452016689849,-1.0829201474641295],[122.82535267236244,-0.9300250052092309],[122.3842638585337,-1.5255113487283083],[121.50208623087622,-1.911772760740682],[122.45579177428971,-3.1912636880316683],[122.28889330419236,-3.5372895362927537],[123.17107093184978,-4.68802665957962],[123.17107093184978,-5.339842792350495],[122.62269024438706,-5.637585964110038],[122.22928670772899,-5.2754658903484355],[122.7180607987284,-4.4627075025724],[121.74051261672957,-4.848968914584773],[121.49016491158358,-4.57536708107601],[121.60937810451026,-4.189105669063636],[120.89409894695012,-3.6097135510450755],[120.96562686270613,-2.6279657955136244],[120.30995430160937,-2.9337560800234215],[120.38148221736543,-4.1086345415610595],[120.4291674945361,-5.5249263856064275],[119.79733757202467,-5.669774415111064],[119.36817007748857,-5.380078356101784],[119.65428174051266,-4.4627075025724],[119.49930458970795,-3.4970539725414653],[119.08205841446454,-3.4890068597912105],[118.76018279356248,-2.7969551632690397],[119.17742896880588,-2.1451390304981572],[119.3324061196106,-1.364569093723155],[119.82118021061001,0.16438232882582327],[120.03576395787803,0.5667379663387138],[120.88217762765748,1.3070723393624277],[121.68090602026626,1.0093291676028926],[122.93264454599642,0.8725282508485108],[124.0890125173853,0.920810927350054],[125.06656069938407,1.6450510748732512],[125.23345916948142,1.4277790306162927]]],[[[128.6787204450626,1.1300358588567576],[128.61911384859928,0.2529005690786619],[128.11841843830717,0.35751303483201013],[127.96344128750252,-0.254067534187584],[128.36876614345323,-0.7690827502040776],[128.0826544804292,-0.8978365542082045],[127.68925094377113,-0.2621146469378388],[127.3912179614544,1.0093291676028926],[127.59388038942978,1.8140404426286665],[127.92767732962449,2.1842076291405235],[127.98728392608785,1.6289568493727415],[128.58334989072125,1.5484857218701578],[128.6787204450626,1.1300358588567576]]],[[[109.67613749254917,2.0071711486348534],[109.84303596264652,1.3392607903634612],[110.52255116232863,0.7759628978454174],[111.16630240413275,0.9771407166018591],[111.81005364593682,0.9047167018495372],[112.38227697198494,1.419731917866038],[112.8710510629843,1.5082501581188694],[113.80091396781245,1.2185540991095891],[114.61156367971392,1.4358261433665547],[115.12418040929862,2.819929536410889],[115.51758394595669,3.1659553846719746],[115.86330220544409,4.308645395208579],[117.00774885754026,4.308645395208579],[117.87800516590505,4.147703140203426],[117.31770315914963,3.2383793994242964],[118.0449036360024,2.288820094893879],[117.87800516590505,1.8301346681291832],[118.9866878601232,0.9047167018495372],[117.80647725014904,0.7840100105956722],[117.48460162924698,0.10000542682376334],[117.53228690641765,-0.7932240884548492],[116.55473872441883,-1.4933228977272819],[116.54281740512619,-2.483117766008988],[116.13749254917548,-4.012069188557966],[115.99443671766346,-3.6660433402968806],[114.86191138485992,-4.116681654311314],[114.46850784820191,-3.4970539725414653],[113.75322869064178,-3.4407241832896602],[113.25253328034972,-3.1188396732793535],[112.08424398966821,-3.4809597470409486],[111.71468309159548,-2.9981329820254814],[111.05901053049871,-3.0464156585270317],[110.2364394993046,-2.9337560800234215],[110.08146234849994,-1.605982476230885],[109.58076693820783,-1.3243335299718666],[109.10391416650111,-0.4552453529440257],[108.9489370156964,0.42188993683407006],[109.06815020862308,1.3392607903634612],[109.67613749254917,2.0071711486348534]]],[[[105.82555136101729,-5.854858008366996],[104.71686866679914,-5.878999346617768],[103.87045499701969,-5.034052507840698],[102.5829525134115,-4.2293412328149245],[102.15378501887545,-3.6258077765455923],[101.40274190343735,-2.7969551632690397],[100.90204649314524,-2.0646679029955806],[100.13908205841449,-0.6403289461999577],[99.256904430757,0.18047655432634002],[98.97079276773297,1.049564731354181],[98.61315318895294,1.8301346681291832],[97.69521160341748,2.457809462649287],[97.15875223524739,3.310803414176611],[96.41963043910192,3.874101306694662],[95.38247566063978,4.968508640729716],[95.28710510629844,5.475476743995955],[95.93085634810251,5.435241180244667],[97.48062785614945,5.250157586988742],[98.37472680309958,4.260362718707036],[99.13769123783032,3.5924523604356366],[99.69799324458575,3.1659553846719746],[100.63977746870654,2.103736501637947],[101.65308960858334,2.08764227613743],[102.4995032783628,1.4036376923655212],[103.08364792370355,0.5586908535884518],[103.84661235843436,0.1160996523242801],[103.45320882177629,-0.7127529609522725],[104.01351082853171,-1.0587788092133579],[104.37115040731175,-1.0909672602143914],[104.54997019670179,-1.791066069486817],[104.8837671368965,-2.338269736504344],[105.6348102523346,-2.4348350895074375],[106.09974170474868,-3.0625098840275484],[105.86131531889532,-4.309812360317501],[105.82555136101729,-5.854858008366996]]]]}},{"type":"Feature","properties":{"name":"Isle of Man","Alpha-2":"IM","Alpha-3":"IMN","id":103},"geometry":{"type":"Polygon","coordinates":[[[-4.375124180409301,54.41801649106376],[-4.387045499701969,54.32949825081092],[-4.315517583945962,54.2973097998099],[-4.375124180409301,54.19269733405654],[-4.625471885555328,54.06394353005242],[-4.804291674945347,54.03980219180165],[-4.708921120604003,54.22488578505757],[-4.589707927677324,54.361686701811955],[-4.375124180409301,54.41801649106376]]]}},{"type":"Feature","properties":{"name":"India","Alpha-2":"IN","Alpha-3":"IND","id":104},"geometry":{"type":"Polygon","coordinates":[[[77.82237234253927,35.491207302457475],[78.91913371746472,34.32437595367009],[78.79992052453804,33.51161756589405],[79.21716669978144,32.996602349877556],[79.16948142261077,32.48158713386106],[78.442280945758,32.618388050615444],[78.74031392807473,31.52398071658039],[79.7297834293662,30.888258809310024],[81.12457778660837,30.18011288728733],[80.4808265448043,29.729474573272903],[80.08742300814623,28.779915268742478],[81.05304987085236,28.409748082230628],[82.00675541426585,27.918874204464906],[83.29425789787405,27.363623424697117],[84.66520961653089,27.234869620692983],[85.237432942579,26.72790151742675],[86.01231869660245,26.623289051673403],[87.22829326445463,26.397969894666183],[88.06278561494139,26.414064120166692],[88.18199880786807,26.808372644929328],[88.03894297635605,27.436047439449432],[88.12239221140476,27.87059152796335],[88.73037949533085,28.087863572220307],[88.8138287303795,27.291199409944788],[88.84959268825753,27.0980687039386],[89.7556129545003,26.71985440467649],[90.38744287701172,26.880796659681643],[91.23385654679117,26.808372644929328],[92.03258493939995,26.8325139831801],[92.09219153586332,27.444094552199694],[91.71070931849795,27.76597906221],[92.49751639181403,27.886685753463873],[93.40353665805685,28.63506723923785],[94.55990462944567,29.278836259258462],[95.40631829922512,29.02937576400047],[96.10967613749256,29.45587273976414],[96.59845022849197,28.820150832493773],[96.25273196900457,28.409748082230628],[97.32565070534474,28.264900052725984],[97.39717862110075,27.87059152796335],[97.06338168090605,27.693555047457686],[97.12298827736936,27.08197447843809],[96.41963043910192,27.25901095894377],[95.12020663620109,26.566959262421598],[95.14404927478643,25.995614257153285],[94.60758990661634,25.166761643876747],[94.53606199086033,24.67588776611101],[94.10689449632429,23.847035152834458],[93.32008742300815,24.07235430984168],[93.27240214583748,23.05037099055894],[93.04589707927681,22.70434514229786],[93.1531889529108,22.27784816653419],[92.66441486191138,22.03643478402646],[92.1279554937413,23.6297631085775],[91.8656864693026,23.621715995827252],[91.71070931849795,22.985994088556886],[91.16232863103517,23.50100930457338],[91.47228293264453,24.07235430984168],[91.90145042718063,24.128684099093483],[92.37830319888735,24.97363093787056],[91.7941585535466,25.158714531126485],[90.87621696801114,25.134573192875713],[89.92251142459764,25.263326996879833],[89.839062189549,25.963425806152266],[89.36220941784228,26.01170848265381],[88.5634810252335,26.446252571167726],[88.2177627657461,25.77029510014608],[88.92112060401354,25.23918565862906],[88.30121200079475,24.869018472117197],[88.08662825352673,24.498851285605348],[88.70653685674552,24.23329656484683],[88.52771706735547,23.6297631085775],[88.8853566461355,22.889428735553786],[89.04033379694022,22.044481896776723],[88.8853566461355,21.690408935765383],[88.2177627657461,21.69845604851563],[86.97794555930858,21.497278229759196],[87.02563083647925,20.74889674398522],[86.48917146830917,20.161457513216398],[85.04669183389632,19.48550004219475],[83.93800913967812,18.294527355156596],[83.18696602424001,17.674899673386754],[82.1855752036559,17.015036427865617],[82.1855752036559,16.556351001100914],[81.68487979336379,16.306890505842922],[80.79078084641367,15.94477043208132],[80.32584939399959,15.904534868330039],[80.02781641168292,15.132012044305291],[80.23047883965825,13.836426891513788],[80.27816411682892,13.007574278237236],[79.86091794158557,12.058014973706825],[79.86091794158557,10.360074183402425],[79.34830121200082,10.30374439415062],[78.88336975958674,9.555362908376644],[79.18140274190347,9.217384172865827],[78.27538247566065,8.935735226606802],[77.94158553546595,8.251730642834893],[77.54818199880788,7.953987471075351],[76.60639777468708,8.895499662855507],[76.12954500298036,10.295697281400372],[75.74806278561496,11.30963348793285],[75.3904232068349,11.784413140198062],[74.86588515795748,12.742019557478734],[74.61553745281145,13.98932203376868],[74.43671766342143,14.608949715538536],[73.53069739717864,15.985005995832616],[73.1253725412279,17.932407281394994],[72.81541823961854,19.211898208685987],[72.81541823961854,20.427012233974914],[72.62467713093582,21.352430200254553],[71.17027617723028,20.756943856735482],[70.4907609775482,20.885697660739602],[69.16749453606201,22.084717460528005],[69.64434730776873,22.45488464703987],[69.3582356447447,22.849193171802504],[68.17802503477051,23.686092897829305],[68.83369759586728,24.354003256100704],[71.02722034571826,24.345956143350442],[70.82455791774291,25.21504432037829],[70.28809854957282,25.72201242364452],[70.16888535664614,26.48648813491902],[69.52513411484205,26.94517356168371],[70.60997417047489,27.98325110646696],[71.77826346115637,27.902779978964382],[72.81541823961854,28.964998861998417],[73.4353268428373,29.978935068530895],[74.4128750248361,30.976777049562862],[74.40095370554343,31.701017197086053],[75.24736737532288,32.28040931510461],[74.43671766342143,32.771283192870335],[74.11484204251937,33.439193551141734],[73.74528114444666,34.32437595367009],[74.23405523544608,34.75087292943375],[75.75998410490763,34.50141243417577],[76.88058811841847,34.65430757643066],[77.82237234253927,35.491207302457475]]]}},{"type":"Feature","properties":{"name":"British Indian Ocean Territory","Alpha-2":"IO","Alpha-3":"IOT","id":105},"geometry":{"type":"Polygon","coordinates":[[[72.36240810649713,-7.255055626911847],[72.39817206437513,-7.2470085141615925],[72.42201470296047,-7.206772950410304],[72.45777866083847,-7.255055626911847],[72.50546393800914,-7.295291190663136],[72.48162129942381,-7.343573867164686],[72.50546393800914,-7.383809430915974],[72.45777866083847,-7.448186332918034],[72.4100933836678,-7.448186332918034],[72.42201470296047,-7.335526754414424],[72.33856546791179,-7.271149852412364],[72.36240810649713,-7.255055626911847]]]}},{"type":"Feature","properties":{"name":"Ireland","Alpha-2":"IE","Alpha-3":"IRL","id":106},"geometry":{"type":"Polygon","coordinates":[[[-6.199086032187552,53.86276571129597],[-6.032187562090201,53.15461978927329],[-6.783230677528309,52.25334316124442],[-8.559507252135887,51.6659039304756],[-9.96622292867076,51.818799072730506],[-9.155573216769312,52.872970843014265],[-9.692032584939398,53.878859936796495],[-8.321080866282529,54.675524099072014],[-7.5700377508444205,55.142256638586964],[-7.355454003576398,54.59505297156944],[-7.5700377508444205,54.05589641730216],[-6.962050466918328,54.07199064280268],[-6.199086032187552,53.86276571129597]]]}},{"type":"Feature","properties":{"name":"Iran","Alpha-2":"IR","Alpha-3":"IRN","id":107},"geometry":{"type":"Polygon","coordinates":[[[53.92012716073913,37.18914809276186],[54.80230478839658,37.39032591151831],[55.529505265249355,37.95362380403635],[56.18517782634612,37.929482465785576],[56.62626664017486,38.1145660590415],[57.3296244784423,38.018000706038414],[58.438307172660444,37.52712682827269],[59.24895688456189,37.40642013701882],[60.3814822173654,36.529284847240724],[61.13252533280351,36.48904928348943],[61.20405324855952,35.64410244471237],[60.79872839260878,34.40484708117267],[60.52453804887742,33.680606933649464],[60.95370554341349,33.52771179139457],[60.536459368170085,32.980508124377046],[60.870256308364816,32.18384396210153],[60.94178422412082,31.55616916758141],[61.7047486588516,31.379132687075746],[61.77627657460761,30.74341077980538],[60.882177627657484,29.83408703902625],[61.37095171865687,29.302977597509233],[61.77627657460761,28.691397028489654],[62.74190343731374,28.256852939975722],[62.753824756606406,27.379717650197627],[63.23067752831315,27.21072828244221],[63.31412676336183,26.74399574292726],[61.88356844824162,26.245074752411277],[61.502086230876216,25.078243403623908],[59.618517782634626,25.384033688133705],[58.52175640770912,25.617399957891173],[57.38923107490564,25.738106649145045],[56.960063580369564,26.96931489993448],[56.48321080866285,27.138304267689897],[55.73216769322474,26.96931489993448],[54.71885555334791,26.47844102216876],[53.49095966620308,26.808372644929328],[52.47764752632625,27.580895468954076],[51.51202066362012,27.8625444152131],[50.84442678323069,28.80405660699325],[50.10530498708525,30.14792443628631],[49.56884561891516,29.986982181281142],[48.93701569640373,30.324960916791973],[48.56745479833103,29.92260527927909],[48.03099543016094,30.453714720796107],[48.019074110868274,30.98482416231311],[47.68527717067357,30.98482416231311],[47.85217564077092,31.709064309836315],[47.327637591893506,32.4735400211108],[46.11166302404135,33.01269657537808],[45.42022650506658,33.97030299265875],[45.65865289091994,34.75087292943375],[46.15934830121202,35.08885166494458],[46.075899066163345,35.6762908957134],[45.43214782435925,35.9820811802232],[44.78839658255515,37.16500675451109],[44.22809457579973,37.96167091678661],[44.430757003775085,38.267461201296406],[44.10888138287305,39.434292550083775],[44.80031790184782,39.7159414963428],[44.9552950526525,39.33772719708069],[45.455990462944584,38.87099465756574],[46.14742698191935,38.73419374081136],[46.51698787999206,38.77442930456264],[47.68527717067357,39.506716564836104],[48.066759388038946,39.58718769233868],[48.352871051063005,39.29749163332939],[48.019074110868274,38.79052353006316],[48.6509040333797,38.259414088546144],[48.88933041923306,38.31574387779795],[49.211206040135124,37.575409504774235],[50.14106894496325,37.37423168601779],[50.83250546393802,36.8753106955018],[52.26306377905823,36.69827421499614],[53.824756606397784,36.96382893575464],[53.92012716073913,37.18914809276186]]]}},{"type":"Feature","properties":{"name":"Iraq","Alpha-2":"IQ","Alpha-3":"IRQ","id":108},"geometry":{"type":"Polygon","coordinates":[[[44.78839658255515,37.16500675451109],[45.43214782435925,35.9820811802232],[46.075899066163345,35.6762908957134],[46.15934830121202,35.08885166494458],[45.65865289091994,34.75087292943375],[45.42022650506658,33.97030299265875],[46.11166302404135,33.01269657537808],[47.327637591893506,32.4735400211108],[47.85217564077092,31.709064309836315],[47.68527717067357,30.98482416231311],[48.019074110868274,30.98482416231311],[48.03099543016094,30.453714720796107],[48.56745479833103,29.92260527927909],[47.9713888336976,29.978935068530895],[47.30379495330817,30.05940619603347],[46.56467315716273,29.093752666002537],[44.704947347506476,29.190318019005623],[41.89151599443673,31.19404909381982],[40.41327240214585,31.89414790309224],[39.197297834293664,32.159702623850755],[38.791972978342955,33.37481664913967],[41.02125968607194,34.41289419392293],[41.39082058414465,35.619961106461595],[41.295450029803305,36.36029547948531],[41.83190939797339,36.6097559747433],[42.34452612755814,37.22938365651314],[42.773693622094186,37.38227879876805],[43.9419829127757,37.25352499476393],[44.29962249155574,36.996017386755675],[44.78839658255515,37.16500675451109]]]}},{"type":"Feature","properties":{"name":"Iceland","Alpha-2":"IS","Alpha-3":"ISL","id":109},"geometry":{"type":"Polygon","coordinates":[[[-14.508245579177412,66.4564971654494],[-14.734750645738131,65.80468103267853],[-13.614146632227289,65.12067644890661],[-14.901649115835482,64.36424785038238],[-17.798529703953903,63.68024326661047],[-18.644943373733355,63.49515967335454],[-19.968209815219552,63.648054815609434],[-22.757798529703933,63.96189221286949],[-21.768329028412467,64.3964363013834],[-23.96185177826345,64.89535729189939],[-22.185575203655873,65.08044088515533],[-22.221339161533876,65.37818405691485],[-24.331412676336186,65.60350321392207],[-23.639976157361417,66.2633664594432],[-22.1378899264852,66.4001673761976],[-20.576197099145645,65.7322570179262],[-19.050268229684065,66.27946068494373],[-17.798529703953903,65.98976462593444],[-16.153387641565672,66.5289211802017],[-14.508245579177412,66.4564971654494]]]}},{"type":"Feature","properties":{"name":"Israel","Alpha-2":"IL","Alpha-3":"ISR","id":110},"geometry":{"type":"Polygon","coordinates":[[[35.716272600834515,32.70690629086828],[35.549374130737135,32.39306889360822],[35.203655871249765,32.529869810362605],[34.98907212398174,31.870006564841468],[35.2274985098351,31.757346986337858],[34.977150804689074,31.620546069583476],[34.9294655275184,31.354991348824974],[35.40631829922512,31.491792265579356],[35.41823961851779,31.09748374081672],[34.9294655275184,29.504155416265682],[34.27379296642164,31.22623754482084],[34.571825948738336,31.55616916758141],[34.48837671368966,31.612498956833214],[34.76256705742102,32.07118438359792],[34.96522948539641,32.82761298212214],[35.096363997615754,33.07707347738013],[35.12020663620109,33.085120590130394],[35.45400357639579,33.085120590130394],[35.5612954500298,33.26215707063607],[35.823564474468526,33.27825129613658],[35.835485793761194,32.859801433123174],[35.69242996224918,32.72300051636879],[35.716272600834515,32.70690629086828]]]}},{"type":"Feature","properties":{"name":"Italy","Alpha-2":"IT","Alpha-3":"ITA","id":111},"geometry":{"type":"MultiPolygon","coordinates":[[[[15.521557719054243,38.22722563754511],[15.151996820981537,37.438608588019854],[15.318895291078888,37.124771190759795],[15.104311543810866,36.62585020024381],[14.329425789787422,36.996017386755675],[13.82873037949534,37.108676965259285],[12.433936022253135,37.60759795577527],[12.57699185376515,38.1145660590415],[13.745281144446665,38.026047818788676],[14.758593284323467,38.13870739729227],[15.521557719054243,38.22722563754511]]],[[[9.203258493940012,41.20465735514049],[9.799324458573437,40.49651143311781],[9.656268627061394,39.176784942075535],[9.203258493940012,39.24920895682785],[8.786012318696606,38.91927733406728],[8.404530101331233,39.16873782932527],[8.380687462745897,40.37580474186394],[8.14226107689251,40.9551968598825],[8.70256308364793,40.91496129613122],[9.203258493940012,41.20465735514049]]],[[[13.816809060202672,46.507704657560375],[13.709517186568661,46.01683077979464],[13.94794357242202,45.598380916781245],[13.14921517981324,45.73518183353563],[12.338565467911792,45.38110887252427],[12.386250745082464,44.8821878820083],[12.267037552155784,44.592491822999015],[12.600834492350486,44.09357083248303],[13.530697397178642,43.59464984196705],[14.031392807470695,42.749703003189985],[15.14007550168887,41.953038840914466],[15.926882575004981,41.96108595366473],[16.177230280151008,41.74381390940777],[15.891118617126978,41.55068320340158],[16.773296244784433,41.18051601688972],[17.512418040929873,40.882772845130184],[18.370753030001993,40.351663403613166],[18.489966222928672,40.1746269231075],[18.299225114245985,39.8125068493459],[17.738923107490564,40.27119227611059],[16.85674547983311,40.440181643866005],[16.43949930458973,39.79641262384538],[17.17862110073517,39.42624543733353],[17.047486588515795,38.91927733406728],[16.630240413272418,38.838806206564705],[16.105702364395,37.98581225503738],[15.688456189151594,37.905341127534804],[15.688456189151594,38.2111314120446],[15.891118617126978,38.74224085356162],[16.105702364395,38.967560010568825],[15.724220147029627,39.55499924133765],[15.402344526127564,40.04587311910337],[14.997019670176854,40.1746269231075],[14.710908007152796,40.60917101162142],[14.079078084641367,40.794254604877345],[13.626067951519985,41.18856312963998],[12.898867474667213,41.260987144392296],[12.112060401351101,41.711625458406736],[11.194118815815614,42.35539447842735],[10.502682296840845,42.93478659644591],[10.192727995231479,43.91653435197737],[9.703953904232065,44.03724104323123],[8.88138287303795,44.367172665991795],[8.404530101331233,44.23037174923741],[7.844228094575811,43.771686322472725],[7.438903238625073,43.69926230772041],[7.534273792966417,44.125759283484065],[7.009735744089028,44.254513087488185],[6.747466719650305,45.018988798762685],[7.093184979137703,45.32477908327247],[6.8070733161136445,45.71104049528484],[6.854758593284345,45.98464232879362],[7.272004768527722,45.77541739728691],[7.748857540234468,45.82370007378845],[8.30915954698989,46.15363169654902],[8.487979336379908,46.00073655429413],[8.964832108086625,46.04097211804541],[9.179415855354677,46.435280642808046],[9.906616332207449,46.31457395155419],[10.35962646532883,46.48356331930959],[10.431154381084838,46.885918956822486],[11.051062984303599,46.749118040068105],[11.182197496522946,46.94224874607429],[12.159745678521773,47.11123811382971],[12.386250745082464,46.765212265568614],[13.816809060202672,46.507704657560375]]],[[[12.493542618716475,43.997005479479945],[12.541227895887147,44.02114681773072],[12.529306576594479,43.98091125397942],[12.57699185376515,43.95676991572865],[12.517385257301811,43.86825167547581],[12.386250745082464,43.86825167547581],[12.338565467911792,43.96481702847891],[12.493542618716475,43.997005479479945]]],[[[12.445857341545803,41.928897502663695],[12.46969998013114,41.928897502663695],[12.505463938009143,41.90475616441292],[12.46969998013114,41.87256771341189],[12.4100933836678,41.88061482616215],[12.398172064375132,41.91280327716317],[12.445857341545803,41.928897502663695]]]]}},{"type":"Feature","properties":{"name":"Jamaica","Alpha-2":"JM","Alpha-3":"JAM","id":112},"geometry":{"type":"Polygon","coordinates":[[[-77.5720246373932,18.47961094841252],[-76.91635207629643,18.399139820909944],[-76.37989270812636,18.157726438402214],[-76.18915159944366,17.892171717643713],[-76.91635207629643,17.86803037939294],[-77.22630637790581,17.699041011637526],[-77.7627657460759,17.85998326664268],[-78.34691039141664,18.22210334040428],[-78.2157758791973,18.4474224974115],[-77.7985297039539,18.519846512163816],[-77.5720246373932,18.47961094841252]]]}},{"type":"Feature","properties":{"name":"Jersey","Alpha-2":"JE","Alpha-3":"JEY","id":113},"geometry":{"type":"Polygon","coordinates":[[[-2.265050665606992,49.259817218148534],[-2.145837472680313,49.26786433089878],[-2.026624279753605,49.24372299264801],[-2.0027816411682693,49.15520475239517],[-2.110073514802309,49.171298977895695],[-2.265050665606992,49.17934609064594],[-2.2173653884363205,49.21153454164698],[-2.265050665606992,49.259817218148534]]]}},{"type":"Feature","properties":{"name":"Jordan","Alpha-2":"JO","Alpha-3":"JOR","id":114},"geometry":{"type":"Polygon","coordinates":[[[35.549374130737135,32.39306889360822],[35.716272600834515,32.70690629086828],[36.83687661434533,32.32064487885591],[38.791972978342955,33.37481664913967],[39.197297834293664,32.159702623850755],[39.018478044903645,32.01485459434611],[36.99185376515001,31.515933603830128],[37.993244585734175,30.510044510047898],[37.67136896483211,30.341055142292497],[37.49254917544209,30.011123519531928],[36.72958474071132,29.874322602777546],[36.49115835485796,29.512202529015944],[36.061990860321885,29.206412244506147],[34.96522948539641,29.3673544995113],[34.9294655275184,29.504155416265682],[35.41823961851779,31.09748374081672],[35.40631829922512,31.491792265579356],[35.549374130737135,31.78148832458863],[35.549374130737135,32.39306889360822]]]}},{"type":"Feature","properties":{"name":"Japan","Alpha-2":"JP","Alpha-3":"JPN","id":115},"geometry":{"type":"MultiPolygon","coordinates":[[[[134.6393800913968,34.15538658591468],[134.77051460361616,33.8093607376536],[134.19829127756805,33.205827281384266],[133.80488774091003,33.51966467864431],[133.29227101132528,33.28629840888684],[133.0300019868866,32.69885917811802],[132.37432942578982,32.988555237127294],[132.37432942578982,33.463334889392506],[132.9346314325452,34.05882123291159],[133.5068547585933,33.94616165440798],[133.91217961454402,34.36461151742139],[134.6393800913968,34.15538658591468]]],[[[140.98152195509635,37.13281830351006],[140.60003973773098,36.3442012539848],[140.77885952712103,35.83723315071855],[140.25432147824358,35.12908722869587],[138.97874031392809,34.66235468918092],[137.21438505861317,34.614072012679365],[135.7957480627856,33.463334889392506],[135.10431154381087,33.85764341415514],[135.06854758593283,34.60602489992912],[133.3518776077886,34.3807057429219],[132.17166699781444,33.905926090656685],[130.9914563878403,33.889831865156175],[132.01668984700973,33.14949749213246],[131.33717464732763,31.459603814578323],[130.68150208623086,31.033106838814653],[130.1927279952315,31.419368250827027],[130.4430757003775,32.32064487885591],[129.81124577786608,32.61034093786518],[129.40592092191537,33.28629840888684],[130.34770514603616,33.60013580614689],[130.8603218756209,34.22781060066699],[131.89747665408305,34.75087292943375],[132.62467713093582,35.42683040045541],[134.6036161335188,35.732620684965205],[135.67653486985893,35.53144286620876],[136.71368964832112,37.30180767126547],[137.39320484800317,36.82702801900026],[138.8476058017087,37.82487000003223],[139.43175044704947,38.2111314120446],[140.05165905026826,39.44233966283404],[139.8847605801709,40.56088833511986],[140.30200675541425,41.19661024239023],[141.33916153387645,41.389740948396415],[141.9113848599245,39.997590442601826],[141.88754222133917,39.176784942075535],[140.95767931651102,38.170895848293306],[140.98152195509635,37.13281830351006]]],[[[143.91416650109278,44.17404195998561],[144.6294456586529,43.95676991572865],[145.32088217762765,44.38326689149232],[145.54738724418837,43.26471821920648],[144.05722233260485,42.98306927294747],[143.18696602424,42.00132151741601],[141.60143055831514,42.67727898843767],[141.06497119014506,41.590918767152864],[139.9562884959269,41.574824541652355],[139.8132326644149,42.5565722971838],[140.30200675541425,43.33714223395881],[141.37492549175442,43.40151913596086],[141.66103715477846,44.76952830350469],[141.97099145638788,45.55814535302995],[143.13928074706934,44.51202069549644],[143.91416650109278,44.17404195998561]]]]}},{"type":"Feature","properties":{"name":"Kazakhstan","Alpha-2":"KZ","Alpha-3":"KAZ","id":116},"geometry":{"type":"Polygon","coordinates":[[[70.95569242996226,42.266876238174525],[70.39539042320683,42.07374553216834],[69.060202662428,41.39778806114668],[68.63103516789192,40.67354791362347],[68.27339558911189,40.665500800873225],[67.9992052453805,41.14028045313842],[66.7117027617723,41.17246890413946],[66.52096165308961,41.9852272919155],[66.02026624279756,42.00132151741601],[66.1156367971389,42.991116385697715],[64.89966222928672,43.73145075872143],[63.18299225114248,43.65097963121885],[62.014702960460966,43.50613160171422],[61.0609974170475,44.39936111699283],[60.250347705146055,44.76952830350469],[58.6886548778065,45.501815563778145],[58.50983508841645,45.59033380403098],[55.93483012120009,44.9948474605119],[55.9705940790781,41.30926982089384],[55.469898668786016,41.26903425714256],[54.76654083051858,42.04960419391755],[54.07510431154381,42.323206027426316],[52.93065765944766,42.11398109591962],[52.50149016491159,41.78404947315905],[52.44188356844825,42.03350996841704],[52.6922312735943,42.44391271868019],[52.50149016491159,42.78993856694128],[51.3332008742301,43.13596441520236],[50.89211206040136,44.03724104323123],[50.33181005364594,44.28670153848922],[50.296046095767935,44.60053893574928],[51.27359427776676,44.5200678082467],[51.309358235644766,45.24430795576989],[52.15577190542422,45.413297323525306],[53.03794953308167,45.25235506852015],[53.21676932247169,46.2341028240516],[53.03794953308167,46.84568339307119],[52.03655871249754,46.80544782931991],[51.17822372342539,47.03881409907738],[50.03377707132924,46.60427001056346],[49.10391416650111,46.395045079056764],[48.60321875620903,46.564034446812165],[48.698589310550375,47.06295543732815],[48.066759388038946,47.74696002110007],[47.31571627260084,47.70672445734878],[46.46930260282139,48.390729041120686],[47.05344724816214,49.15520475239517],[46.75541426584542,49.35638257115162],[47.554142658454225,50.458837017936936],[48.579376117623696,49.879444899918376],[48.71051062984304,50.61173216019183],[50.76097754818201,51.69004526872637],[52.32267037552157,51.714186606977144],[54.52811444466522,51.030182023205235],[55.72024637393207,50.62782638569235],[56.76932247168688,51.04627624870576],[58.36677925690444,51.07041758695653],[59.65428174051263,50.55540237094004],[59.92847208424399,50.85314554269957],[61.335187760778865,50.79681575344777],[61.58553546592492,51.27964251846323],[59.964236042121996,51.963647102235136],[60.929862904828155,52.44647386725061],[60.73912179614544,52.720075700759374],[61.7047486588516,52.985630421517875],[60.96562686270616,53.661587892539536],[61.43055831512021,54.007613740800615],[65.16193125372541,54.345592476311445],[65.67454798331016,54.59505297156944],[68.17802503477051,54.96522015808129],[69.060202662428,55.383670021094694],[70.86032187562091,55.166397976837736],[71.17027617723028,54.12832043205449],[72.21935227498511,54.37778092731248],[73.5068547585933,54.02370796630114],[73.41148420425196,53.49259852478412],[74.3771110669581,53.548928314035926],[76.89250943771111,54.48239339306583],[76.53486985893107,54.17660310855603],[77.79852970395393,53.40408028453128],[80.02781641168292,50.86119265544982],[80.564275779853,51.384254984216575],[81.95907013709518,50.82095709169854],[83.38962845221539,51.07041758695653],[83.93800913967812,50.885333993700606],[84.41486191138489,50.31398898843229],[85.10629843035963,50.12890539517637],[85.52354460560304,49.69436130666245],[86.82296840850387,49.82311511066657],[87.37134909596665,49.21958165439724],[86.5964633419432,48.55167129612584],[85.7619709914564,48.44705883037249],[85.71428571428572,47.44921684934052],[85.1539837075303,46.9985785353261],[83.17504470494737,47.3204630453364],[82.45976554738724,45.53400401477918],[81.95907013709518,45.30868485777196],[79.96820981521955,44.91437633300932],[80.86230876216968,43.1842470917039],[80.18279356248757,42.92673948369566],[80.25432147824358,42.3473473656771],[79.64633419431749,42.50024250793199],[79.14563878402544,42.854315468943334],[77.65547387244192,42.966975047446944],[75.99841049076099,42.98306927294747],[75.62884959268828,42.87040969444386],[74.19829127756807,43.304953782957774],[73.63798927081265,43.095728851451064],[73.49493343930064,42.508289620682255],[71.82594873832704,42.838221243442824],[71.18219749652297,42.70142032668844],[70.95569242996226,42.266876238174525]]]}},{"type":"Feature","properties":{"name":"Kenya","Alpha-2":"KE","Alpha-3":"KEN","id":117},"geometry":{"type":"Polygon","coordinates":[[[41.59348301212003,-1.6864536037334688],[40.890125173852596,-2.088809241246352],[40.63977746870654,-2.4992119915095046],[40.270216570633835,-2.5716360062618193],[40.11523941982915,-3.271734815534245],[39.80528511821976,-3.6821375657973974],[39.6026226902444,-4.342000811318535],[39.20921915358633,-4.671932434079103],[37.77866083846612,-3.6821375657973974],[37.69521160341745,-3.094698335028575],[34.08305185773892,-1.0587788092133579],[33.91615338764157,-0.9541663434600096],[33.904232068348904,0.1160996523242801],[34.19034373137296,0.5184552898371635],[34.67911782237235,1.170271422608046],[35.04867872044508,1.91060579563176],[34.60758990661634,3.0613429189186263],[34.48837671368966,3.5522167966843483],[34.011523941982915,4.244268493206519],[34.631432545201676,4.847801949475851],[35.29902642559111,5.499618082246734],[35.81164315517586,5.338675827241573],[35.81164315517586,4.7753779347235294],[36.169282733955896,4.445446311962961],[36.848797933638,4.445446311962961],[38.112457778660854,3.6004994731858915],[38.43433339956289,3.5924523604356366],[38.672759785416275,3.6165936986864082],[38.899264851976966,3.495887007432543],[39.5668587323664,3.4154158799299665],[39.85297039539043,3.8419128556936286],[40.782833300218556,4.252315605956774],[41.176236836876626,3.9223839831962053],[41.85575203655873,3.9223839831962053],[40.98549572819394,2.7877410854098557],[40.99741704748661,-0.8495538777066542],[41.59348301212003,-1.6864536037334688]]]}},{"type":"Feature","properties":{"name":"Kyrgyzstan","Alpha-2":"KG","Alpha-3":"KGZ","id":118},"geometry":{"type":"Polygon","coordinates":[[[70.95569242996226,42.266876238174525],[71.18219749652297,42.70142032668844],[71.82594873832704,42.838221243442824],[73.49493343930064,42.508289620682255],[73.63798927081265,43.095728851451064],[74.19829127756807,43.304953782957774],[75.62884959268828,42.87040969444386],[75.99841049076099,42.98306927294747],[77.65547387244192,42.966975047446944],[79.14563878402544,42.854315468943334],[79.64633419431749,42.50024250793199],[80.25432147824358,42.3473473656771],[80.12318696602426,42.12202820866988],[78.54957281939204,41.590918767152864],[78.1800119213193,41.18051601688972],[76.91635207629645,41.07590355113637],[76.53486985893107,40.42408741836548],[75.4619511225909,40.56088833511986],[74.77051460361614,40.367757629113676],[73.81680906020267,39.89297797684848],[73.94794357242202,39.659611707090995],[73.66183190939799,39.434292550083775],[71.77826346115637,39.281397407828884],[70.55036757401155,39.60328191783919],[69.45360619908604,39.53890501583714],[69.56089807272005,40.102202908355174],[70.63381680906022,39.93321354059976],[71.00337770713293,40.24705093785982],[71.7663421418637,40.15048558485672],[73.04192330617923,40.87472573237992],[71.86171269620505,41.39778806114668],[71.15835485793761,41.148327565888685],[70.41923306179217,41.51849475240055],[71.25372541227898,42.170310885171425],[70.95569242996226,42.266876238174525]]]}},{"type":"Feature","properties":{"name":"Cambodia","Alpha-2":"KH","Alpha-3":"KHM","id":119},"geometry":{"type":"Polygon","coordinates":[[[102.5829525134115,12.186768777710945],[102.34452612755814,13.39383569024961],[102.98827736936221,14.222688303526162],[104.2757798529704,14.415819009532349],[105.2294853963839,14.270970980027705],[106.02821378899267,13.884709568015332],[106.49314524140675,14.56871415178724],[107.36340154977154,14.206594078025653],[107.6018279356249,13.530636607003991],[107.48261474269822,12.339663919965837],[105.82555136101729,11.575188208691351],[106.2427975362607,10.971654752422019],[105.2175640770912,10.891183624919442],[104.33538644943377,10.488827987406559],[103.50089409894696,10.64172312966145],[103.09556924299625,11.156738345677944],[102.5829525134115,12.186768777710945]]]}},{"type":"Feature","properties":{"name":"Kiribati","Alpha-2":"KI","Alpha-3":"KIR","id":120},"geometry":{"type":"Polygon","coordinates":[[[-157.55215577190543,2.152019178139497],[-157.24220147029604,2.0474067123861417],[-157.2898867474667,1.8864644573809883],[-157.05146036161335,1.7657577661271233],[-157.19451619312537,1.5645799473706745],[-157.74289688058812,1.7979462171281497],[-157.55215577190543,2.152019178139497]]]}},{"type":"Feature","properties":{"name":"Saint Kitts and Nevis","Alpha-2":"KN","Alpha-3":"KNA","id":121},"geometry":{"type":"Polygon","coordinates":[[[-62.87303794953307,17.4173920653785],[-62.80151003377706,17.425439178128762],[-62.65845420226505,17.30473248687489],[-62.71806079872839,17.26449692312361],[-62.610768925094376,17.224261359372314],[-62.49155573216768,17.159884457370246],[-62.59884760580171,17.07941332986767],[-62.63461156367971,17.127696006369213],[-62.622690244387044,17.21621424662205],[-62.8253526723624,17.28863826137438],[-62.87303794953307,17.4173920653785]]]}},{"type":"Feature","properties":{"name":"South Korea","Alpha-2":"KR","Alpha-3":"KOR","id":122},"geometry":{"type":"Polygon","coordinates":[[[128.3449235048679,38.613487049557484],[129.20325849393998,37.43056147526959],[129.45360619908604,36.78679245524898],[129.45360619908604,35.62800821921186],[129.07212398172067,35.08885166494458],[128.17802503477054,34.88767384618814],[127.3912179614544,34.47727109592498],[126.48519769521164,34.38875285567216],[126.3779058215776,34.935956522689686],[126.56864693026029,35.68433800846366],[126.1156367971389,36.72241555324691],[126.85475859328432,36.883357808252065],[126.18716471289491,37.74439887252965],[126.23484999006558,37.83291711278249],[126.69978144247966,37.792681549031194],[127.0574210212597,38.243319863045635],[127.77270017881978,38.29964965229744],[128.20186767335588,38.36402655429949],[128.3449235048679,38.613487049557484]]]}},{"type":"Feature","properties":{"name":"Kuwait","Alpha-2":"KW","Alpha-3":"KWT","id":123},"geometry":{"type":"Polygon","coordinates":[[[47.9713888336976,29.978935068530895],[48.19789390025829,29.536343867266716],[48.09060202662428,29.311024710259495],[48.42439896681901,28.554596111735272],[47.70911980925891,28.52240766073424],[47.45877210411285,29.0052344257497],[46.56467315716273,29.093752666002537],[47.30379495330817,30.05940619603347],[47.9713888336976,29.978935068530895]]]}},{"type":"Feature","properties":{"name":"Laos","Alpha-2":"LA","Alpha-3":"LAO","id":124},"geometry":{"type":"Polygon","coordinates":[[[105.2294853963839,14.270970980027705],[105.5513610172859,14.721609294042146],[105.58712497516393,15.57460324556947],[104.77647526326245,16.435644309847056],[104.71686866679914,17.425439178128762],[103.95390423206834,18.23819756590479],[103.21478243592293,18.302574467906858],[102.98827736936221,17.956548619645766],[102.41605404331415,17.940454394145256],[102.11802106099742,18.10944376190067],[101.06894496324259,17.50591030563134],[101.03318100536461,18.407186933660206],[101.28352871051067,19.469405816694227],[100.6159348301212,19.509641380445522],[100.5563282336579,20.113174836714855],[100.11523941982915,20.427012233974914],[100.32982316709717,20.789132307736516],[101.17623683687663,21.44094844050739],[101.27160739121797,21.19953505799966],[101.8199880786807,21.175393719748875],[101.65308960858334,22.318083730285487],[102.17762765746079,22.47097887254038],[102.74985098350885,21.67431471026486],[103.21478243592293,20.76499096948573],[104.44267832306775,20.756943856735482],[104.83608185972582,19.895902792457896],[104.18040929862906,19.622300958949133],[103.89429763560503,19.268227997937792],[105.09835088416452,18.66469454166846],[105.92092191535863,17.481768967380567],[106.55275183787006,16.604633677602457],[107.30379495330817,15.9125819810803],[107.55414265845423,15.204436059057606],[107.36340154977154,14.206594078025653],[106.49314524140675,14.56871415178724],[106.02821378899267,13.884709568015332],[105.2294853963839,14.270970980027705]]]}},{"type":"Feature","properties":{"name":"Lebanon","Alpha-2":"LB","Alpha-3":"LBN","id":125},"geometry":{"type":"Polygon","coordinates":[[[35.823564474468526,33.27825129613658],[35.5612954500298,33.26215707063607],[35.45400357639579,33.085120590130394],[35.12020663620109,33.085120590130394],[35.47784621498113,33.905926090656685],[35.97854162527321,34.614072012679365],[35.99046294456588,34.63821335093015],[36.44347307768729,34.597977787178856],[36.61037154778464,34.20366926241622],[36.061990860321885,33.83350207590437],[35.823564474468526,33.27825129613658]]]}},{"type":"Feature","properties":{"name":"Liberia","Alpha-2":"LR","Alpha-3":"LBR","id":126},"geometry":{"type":"Polygon","coordinates":[[[-7.713093582356436,4.364975184460384],[-7.963441287502462,4.356928071710129],[-8.988674746671961,4.8317077239753345],[-9.90661633220742,5.588136322499565],[-10.753030001986872,6.143387102267354],[-11.456387840254308,6.787156122287975],[-11.206040135108282,7.109040632298289],[-11.146433538644942,7.390689578557307],[-10.693423405523532,7.929846132824579],[-10.216570633816815,8.404625785089785],[-10.001986886548764,8.428767123340556],[-9.751639181402737,8.533379589093919],[-9.334393006159331,7.9217990200743245],[-9.39399960262267,7.519443382561434],[-9.203258493939984,7.31021845105473],[-8.929068150208622,7.31021845105473],[-8.71448440294057,7.712574088567621],[-8.440294059209208,7.6723385248163325],[-8.476058017087212,7.390689578557307],[-8.3687661434532,6.915909926292102],[-8.595271210013891,6.473318725027923],[-8.30915954698986,6.199716891519159],[-7.987283926087827,6.1272928767668375],[-7.5700377508444205,5.70884301375343],[-7.522352473673749,5.314534488990802],[-7.617723028015092,5.17773357223642],[-7.713093582356436,4.364975184460384]]]}},{"type":"Feature","properties":{"name":"Libya","Alpha-2":"LY","Alpha-3":"LBY","id":127},"geometry":{"type":"Polygon","coordinates":[[[14.842042519372143,22.873334510053276],[14.138684681104706,22.487073098040902],[13.590303993641982,23.04232387780869],[12.00476852771709,23.476867966322608],[11.575601033181016,24.09649564809245],[10.764951321279568,24.5632281876074],[10.288098549572823,24.378144594351475],[9.942380290085453,24.941442486869526],[9.906616332207449,25.36793946263318],[9.322471686866692,26.092179610156386],[9.715875223524733,26.510629473169793],[9.62050466918339,27.138304267689897],[9.751639181402737,27.685507934707424],[9.68011126564673,28.136146248721865],[9.858931055036777,28.964998861998417],[9.799324458573437,29.431731401513368],[9.477448837671375,30.316913804041725],[9.966222928670788,30.54223296104893],[10.061593483012132,30.96068282406234],[9.942380290085453,31.379132687075746],[10.621895489767553,31.76539409908812],[10.955692429962255,32.087278609098426],[11.456387840254337,32.36892755535745],[11.504073117425008,33.13340326663194],[12.672362408106494,32.79542453112111],[13.101529902642568,32.883942771373945],[13.936022253129352,32.70690629086828],[15.235446056030213,32.27236220235435],[15.712298827736959,31.379132687075746],[16.606397774687082,31.18600198106956],[18.013113451221955,30.76755211805615],[19.097953506854765,30.27667824029043],[19.57480627856151,30.52613873554842],[20.051659050268228,30.98482416231311],[19.825153983707537,31.749299873587596],[20.13510828531693,32.24017375135333],[20.850387442877008,32.70690629086828],[21.541823961851776,32.8356600948724],[22.900854361215977,32.63448227611595],[23.234651301410707,32.191891074851775],[23.604212199483413,32.18384396210153],[23.938009139678144,32.02290170709637],[24.92747864096961,31.9021950158425],[25.177826346115637,31.572263393081933],[24.80826544804293,31.08943662806646],[24.963242598847614,30.662939652302803],[24.712894893701588,30.05135908328321],[24.999006556725618,29.23860069550718],[24.999006556725618,25.68177685989324],[24.999006556725618,22.004246333025428],[24.999006556725618,20.000515258211244],[23.8426385853368,20.000515258211244],[23.8426385853368,19.57401828244759],[19.848996622292873,21.497278229759196],[15.855354659248974,23.404443951570293],[14.842042519372143,22.873334510053276]]]}},{"type":"Feature","properties":{"name":"Saint Lucia","Alpha-2":"LC","Alpha-3":"LCA","id":128},"geometry":{"type":"Polygon","coordinates":[[[-60.96562686270613,14.118075837772814],[-60.882177627657455,14.077840274021518],[-60.84641366977945,13.924945131766627],[-60.89409894695012,13.683531749258897],[-61.060997417047474,13.723767313010178],[-61.12060401351083,13.876662455265084],[-60.96562686270613,14.118075837772814]]]}},{"type":"Feature","properties":{"name":"Liechtenstein","Alpha-2":"LI","Alpha-3":"LIE","id":129},"geometry":{"type":"Polygon","coordinates":[[[9.632425988476058,47.03881409907738],[9.477448837671375,47.103191001079445],[9.56089807272005,47.23999191783383],[9.656268627061394,47.15147367758099],[9.632425988476058,47.03881409907738]]]}},{"type":"Feature","properties":{"name":"Sri Lanka","Alpha-2":"LK","Alpha-3":"LKA","id":130},"geometry":{"type":"Polygon","coordinates":[[[81.79217166699783,7.519443382561434],[81.63719451619312,6.481365837778178],[81.21994834094977,6.199716891519159],[80.36161335187762,5.966350621761684],[79.87283926087821,6.763014784037203],[79.68209815219552,8.195400853583088],[80.1470296046096,9.828964741885422],[80.83846612358434,9.273713962117633],[81.29147625670578,8.55752092734469],[81.79217166699783,7.519443382561434]]]}},{"type":"Feature","properties":{"name":"Lesotho","Alpha-2":"LS","Alpha-3":"LSO","id":131},"geometry":{"type":"Polygon","coordinates":[[[28.96880588118418,-28.958118714357077],[29.326445459964248,-29.26390899886687],[29.004569839062185,-29.746735763882338],[28.837671368964834,-30.06862027389265],[28.28929068150211,-30.229562528897805],[28.098549572819394,-30.543399926157857],[27.752831313332024,-30.63996527916095],[27.001788197893916,-29.867442455136203],[27.55016888535667,-29.2397676606161],[28.074706934234058,-28.845459135853467],[28.539638386648136,-28.65232842984728],[28.96880588118418,-28.958118714357077]]]}},{"type":"Feature","properties":{"name":"Lithuania","Alpha-2":"LT","Alpha-3":"LTU","id":132},"geometry":{"type":"Polygon","coordinates":[[[22.733955891118626,54.321451138060674],[22.638585336777282,54.57895874606891],[22.75779852970396,54.86060769232794],[22.328631035167888,55.02154994733309],[21.243790979535078,55.19053931508851],[21.05304987085239,56.02743904111532],[22.19749652294854,56.33322932562512],[23.866481223922136,56.26885242362305],[24.855950725213603,56.3734648893764],[24.999006556725618,56.15619284511944],[25.54738724418837,56.09986305586764],[26.489171468309166,55.61703629085218],[26.596463341943178,55.166397976837736],[25.78581363004173,54.85256057957768],[25.54738724418837,54.27316846155913],[24.450625869262865,53.91104838779753],[23.484999006556734,53.91104838779753],[23.234651301410707,54.22488578505757],[22.733955891118626,54.321451138060674]]]}},{"type":"Feature","properties":{"name":"Luxembourg","Alpha-2":"LU","Alpha-3":"LUX","id":133},"geometry":{"type":"Polygon","coordinates":[[[6.0441088813828685,50.13695250792663],[6.246771309358252,49.90358623816915],[6.187164712894912,49.46904214965523],[5.901053049870853,49.44490081140446],[5.674547983310163,49.525371938907035],[5.781839856944174,50.096716944175334],[6.0441088813828685,50.13695250792663]]]}},{"type":"Feature","properties":{"name":"Latvia","Alpha-2":"LV","Alpha-3":"LVA","id":134},"geometry":{"type":"Polygon","coordinates":[[[21.05304987085239,56.02743904111532],[21.100735148023062,56.7758205268893],[21.57758791972978,57.4034953214094],[22.519372143850603,57.74952116967048],[23.33002185575205,57.009186796646766],[24.12875024836083,57.02528102214729],[24.319491357043518,57.79780384617204],[25.177826346115637,57.96679321392744],[25.60699384065171,57.83803940992332],[26.46532882972383,57.475919336161716],[27.287899860917946,57.475919336161716],[27.788595271210028,57.24255306640425],[27.860123186966035,56.751679188638526],[28.18199880786807,56.164239957869704],[27.09715875223526,55.78602565860759],[26.489171468309166,55.61703629085218],[25.54738724418837,56.09986305586764],[24.999006556725618,56.15619284511944],[24.855950725213603,56.3734648893764],[23.866481223922136,56.26885242362305],[22.19749652294854,56.33322932562512],[21.05304987085239,56.02743904111532]]]}},{"type":"Feature","properties":{"name":"Macao","Alpha-2":"MO","Alpha-3":"MAC","id":135},"geometry":{"type":"Polygon","coordinates":[[[113.22869064176439,22.044481896776723],[113.59825153983707,22.374413519537292],[113.65785813630043,21.964010769274147],[113.27637591893506,21.875492529021308],[113.22869064176439,22.044481896776723]]]},"id":134},{"type":"Feature","properties":{"name":"Saint Martin (French part)","Alpha-2":"MF","Alpha-3":"MAF","id":136},"geometry":{"type":"Polygon","coordinates":[[[-63.051857738923104,18.133585100151443],[-63.0160937810451,18.141632212901705],[-62.9803298231671,18.10139664915041],[-63.00417246175243,18.053113972648866],[-63.051857738923104,18.069208198149376],[-63.07570037750844,18.053113972648866],[-63.159149612557115,18.020925521647833],[-63.17107093184978,18.0853024236499],[-63.099543016093776,18.077255310899638],[-63.051857738923104,18.133585100151443]]]}},{"type":"Feature","properties":{"name":"Morocco","Alpha-2":"MA","Alpha-3":"MAR","id":137},"geometry":{"type":"Polygon","coordinates":[[[-2.157758791972981,35.16127567969691],[-1.7881978939002465,34.52555377242654],[-1.7285912974369069,33.92202031615721],[-1.3828730379495369,32.859801433123174],[-1.120604013510814,32.65057650161648],[-1.299423802900833,32.27236220235435],[-2.62269024438703,32.09532572184869],[-3.07570037750844,31.725158535336824],[-3.647923703556529,31.644687407834247],[-3.695608980727201,30.89630592206027],[-4.8638982714086865,30.50199739729765],[-5.245380488774089,30.003076406781666],[-6.067951519968204,29.729474573272903],[-7.069342340552339,29.58462654376826],[-8.666799125769899,28.828197945244035],[-8.65487780647723,27.65331948370639],[-8.809854957281942,27.65331948370639],[-8.774090999403938,27.122210042189387],[-9.39399960262267,27.090021591188354],[-9.727796542817401,26.864702434181133],[-10.180806675938783,26.864702434181133],[-10.550367574011517,26.98540912543499],[-11.396781243790969,26.888843772431905],[-11.730578183985699,26.100226722906648],[-12.028611166302397,26.02780270815432],[-12.505463938009143,24.77245311911411],[-13.90025829525132,23.686092897829305],[-14.210212596860714,22.310036617535225],[-14.615537452811424,21.8593983035208],[-14.7466719650308,21.505325342509444],[-16.999801311345124,21.41680710225662],[-17.01172263063779,21.41680710225662],[-16.975958672759788,21.88353964177157],[-16.582555136101718,22.165188588030595],[-16.248758195907016,22.68825091679735],[-16.33220743095569,23.01818253955792],[-15.974567852175625,23.718281348830338],[-15.4261871647129,24.354003256100704],[-15.09239022451817,24.514945511105857],[-14.818199880786807,25.10238474187468],[-14.806278561494139,25.633494183391697],[-14.436717663421405,26.25312186516154],[-13.78104510232464,26.61524193892314],[-13.149215179813211,27.645272370956143],[-13.125372541227875,27.65331948370639],[-12.624677130935822,28.031533782968502],[-11.706735545400363,28.144193361472112],[-10.896085833498887,28.820150832493773],[-10.383469103914166,29.093752666002537],[-9.56089807272005,29.93065239202935],[-9.811245777866077,31.177954868319297],[-9.429763560500675,32.03899593259688],[-9.28670772898866,32.5701053741139],[-8.65487780647723,33.238015732385286],[-7.653486985893096,33.69670115914999],[-6.914365189747656,34.115151022163396],[-6.246771309358223,35.13713434144612],[-5.936817007748857,35.75676202321598],[-5.197695211603417,35.75676202321598],[-4.589707927677324,35.32221793470206],[-3.647923703556529,35.394641949454375],[-2.5988476058016943,35.169322792447154],[-2.157758791972981,35.16127567969691]]]}},{"type":"Feature","properties":{"name":"Monaco","Alpha-2":"MC","Alpha-3":"MCO","id":138},"geometry":{"type":"Polygon","coordinates":[[[7.450824557917741,43.787780547973234],[7.438903238625073,43.69926230772041],[7.355454003576398,43.72340364597118],[7.450824557917741,43.787780547973234]]]}},{"type":"Feature","properties":{"name":"Moldova","Alpha-2":"MD","Alpha-3":"MDA","id":139},"geometry":{"type":"Polygon","coordinates":[[[26.620305980528514,48.22173967336527],[26.8587323663819,48.374634815620176],[27.538247566064,48.463153055873015],[28.24160540433141,48.149315658612956],[28.658851579574815,48.11712720761192],[29.123783031988893,47.84352537410316],[29.040333796940217,47.49749952584208],[29.409894695012923,47.33655727083691],[29.564871845817606,46.91810740782352],[29.898668786012337,46.66864691256553],[29.82714087025633,46.523798883060884],[30.005960659646348,46.419186417307536],[29.75561295450032,46.35480951530547],[29.171468309159565,46.37895085355624],[29.064176435525553,46.51575177031062],[28.849592688257502,46.435280642808046],[28.933041923306178,46.25824416230238],[28.658851579574815,45.93635965229206],[28.468110470892128,45.598380916781245],[28.22968408503874,45.485721338277635],[28.06278561494139,45.944406765042324],[28.1700774885754,46.37090374080598],[28.134313530697398,46.80544782931991],[27.562090204649337,47.39288706008872],[27.240214583747274,47.82743114860265],[26.942181601430576,48.125174320362184],[26.620305980528514,48.22173967336527]]]}},{"type":"Feature","properties":{"name":"Madagascar","Alpha-2":"MG","Alpha-3":"MDG","id":140},"geometry":{"type":"Polygon","coordinates":[[[49.53308166103716,-12.469584689078886],[49.80727200476855,-12.90412877759281],[50.057619709914576,-13.563992023113947],[50.21259686071926,-14.754964710152095],[50.462944565865314,-15.229744362417307],[50.355652692231274,-15.704524014682512],[50.18875422213392,-16.002267186442054],[49.85495728193922,-15.414827955673232],[49.664216173256506,-15.712571127432774],[49.85495728193922,-16.452905500456488],[49.771508046890546,-16.871355363469895],[49.48539638386649,-17.10472163322737],[49.437711106695815,-17.949668472004433],[49.05622888933044,-19.116499820791816],[48.55553347903836,-20.50060321383615],[47.9356248758196,-22.39167471014673],[47.554142658454225,-23.775778103191065],[47.101132525332815,-24.950656564728703],[46.29048281343137,-25.17597572173592],[45.42022650506658,-25.602472697499582],[44.83608185972582,-25.344965089491332],[44.04927478640971,-24.99089212847999],[43.76316312338565,-24.459782686962978],[43.691635207629645,-23.574600284434624],[43.33399562884961,-22.78598323490936],[43.23862507450826,-22.061743087386162],[43.42936618319095,-21.337502939862958],[43.89429763560503,-21.16851357210755],[43.906218954897696,-20.83053483659672],[44.35922908801908,-20.07410623807249],[44.46652096165309,-19.430337218051868],[44.22809457579973,-18.963604678536917],[44.04927478640971,-18.32788277126655],[43.95390423206837,-17.418559030487422],[44.311543810848406,-16.847214025219117],[44.45459964236042,-16.219539230699013],[44.943373733359834,-16.179303666947725],[45.51559705940792,-15.978125848191283],[45.88515795748063,-15.79304225493535],[46.3143254520167,-15.776948029434834],[46.88654877806479,-15.21365013691679],[47.70911980925891,-14.594022455146941],[48.019074110868274,-14.087054351880703],[47.86409696006359,-13.668604488867295],[48.30518577389233,-13.789311180121167],[48.85356646135506,-13.097259483598997],[48.877409099940394,-12.485678914579402],[49.199284720842456,-12.035040600564969],[49.53308166103716,-12.469584689078886]]]}},{"type":"Feature","properties":{"name":"Maldives","Alpha-2":"MV","Alpha-3":"MDV","id":141},"geometry":{"type":"Polygon","coordinates":[[[72.97039539042322,6.698637882035136],[73.31611364991059,5.016791317231267],[73.78104510232467,4.348880958959867],[73.26842837273992,3.882148419444917],[73.697595867276,3.254473624924813],[73.17305781839858,2.329055658645167],[73.62606795151999,0.7759628978454174],[73.36379892708126,0.550643740838197],[72.88694615537455,2.0715480506369133],[72.62467713093582,4.115514689202392],[72.87502483608188,5.016791317231267],[72.97039539042322,6.698637882035136]]]}},{"type":"Feature","properties":{"name":"Mexico","Alpha-2":"MX","Alpha-3":"MEX","id":142},"geometry":{"type":"Polygon","coordinates":[[[-88.30121200079475,18.503752286663307],[-88.49195310947745,18.47961094841252],[-88.86151400755017,17.87607749214319],[-89.02841247764752,17.99678418339706],[-89.15954698986687,17.956548619645766],[-89.13570435128153,17.803653477390874],[-90.07748857540234,17.819747702891384],[-91.00735148023047,17.811700590141136],[-91.00735148023047,17.248402697623085],[-91.46036161335188,17.248402697623085],[-91.09080071527916,16.910423962112255],[-90.72123981720644,16.68510480510505],[-90.61394794357241,16.467832760848076],[-90.44704947347506,16.403455858846023],[-90.4708921120604,16.073524236085454],[-91.74647327637591,16.065477123335192],[-92.22332604808265,15.260765848309411],[-92.08027021657063,15.051540916802715],[-92.21140472878999,14.826221759795494],[-92.22332604808265,14.536525700786221],[-93.35585138088615,15.614838809320752],[-93.86846811047089,15.936723319331072],[-94.691039141665,16.202278040089574],[-95.25134114842042,16.12985402533726],[-96.06199086032187,15.751639726075133],[-96.55076495132127,15.655074373072047],[-97.26604410888137,15.920629093830549],[-98.01708722431948,16.105712687086488],[-98.94695012914762,16.564398113851176],[-99.69799324458573,16.701199030605558],[-100.8424398966819,17.16793157012051],[-101.66501092787601,17.65075833513597],[-101.91535863302205,17.916313055894484],[-102.47566063977746,17.97264284514629],[-103.50089409894694,18.286480242406334],[-103.930061593483,18.745165669171037],[-104.99105901053049,19.316510674439336],[-105.49175442082257,19.960279694459963],[-105.73018080667593,20.443106459475423],[-105.39638386648122,20.539671812478524],[-105.50367574011524,20.829367871487797],[-105.27717067355454,21.07882836674579],[-105.26524935426187,21.41680710225662],[-105.59904629445658,21.867445416271046],[-105.7063381680906,22.269801053783944],[-106.00437115040731,22.776769157050175],[-106.89847009735743,23.774611138082143],[-107.89986091794158,24.555181074857153],[-108.38863500894098,25.174808756626994],[-109.27081263659845,25.577164394139892],[-109.46155374528114,25.826624889397884],[-109.30657659447645,26.438205458417464],[-109.80727200476852,26.671571728174946],[-110.39141665010928,27.17049271869093],[-110.65368567454799,27.8625444152131],[-111.19014504271806,27.943015542715678],[-111.76236836876615,28.466077871482433],[-112.22729982118021,28.956951749248155],[-112.27498509835088,29.2707891465082],[-112.81144446652095,30.027217745032438],[-113.169084045301,30.791693456306923],[-113.133320087423,31.177954868319297],[-113.87244188356844,31.572263393081933],[-114.19431750447049,31.532027829330637],[-114.76654083051858,31.8056296628394],[-114.93343930061593,31.395226912576256],[-114.76654083051858,30.912400147560795],[-114.68309159546989,30.16401866178682],[-114.32545201668984,29.753615911523674],[-113.5863302205444,29.061564215001503],[-113.41943175044705,28.81210371974351],[-113.26445459964236,28.755773930491706],[-113.133320087423,28.409748082230628],[-112.95450029803298,28.417795194980876],[-112.76375918935028,27.782073287710524],[-112.46572620703357,27.52456567970227],[-112.25114245976555,27.178539831441178],[-111.61931253725412,26.655477502674422],[-111.29743691635207,25.730059536394783],[-110.98748261474269,25.287468335130605],[-110.71329227101133,24.820735795615654],[-110.67752831313332,24.289626354098637],[-110.17683290284124,24.265485015847865],[-109.77150804689052,23.81484670183344],[-109.4019471488178,23.37225550056926],[-109.44963242598847,23.18717190731332],[-109.86687860123186,22.81700472080147],[-110.02185575203656,22.83309894630198],[-110.3079674150606,23.428585289821065],[-110.95171865686468,23.999930295089364],[-111.69084045301013,24.490804172855086],[-112.1915358633022,24.740264668113078],[-112.16769322471687,25.47255192838653],[-112.31074905622889,26.01170848265381],[-112.78760182793562,26.317498767163606],[-113.46711702761772,26.760089968427785],[-113.5863302205444,26.63133616442365],[-113.83667792569044,26.904937997932414],[-114.46850784820187,27.138304267689897],[-115.06457381283528,27.717696385708457],[-114.9811245777866,27.798167513211034],[-114.56387840254321,27.733790611208967],[-114.19431750447049,28.112004910471093],[-114.14663222729982,28.56264322448552],[-114.93343930061593,29.278836259258462],[-115.51758394595669,29.560485205517487],[-115.88714484402941,30.18011288728733],[-116.24478442280946,30.83192902005822],[-116.72163719451619,31.644687407834247],[-117.12696205046691,32.53791692311287],[-115.98251539837075,32.61034093786518],[-114.71885555334791,32.72300051636879],[-114.81422610768925,32.52182269761234],[-113.31213987681303,32.03899593259688],[-111.0232465726207,31.33889712332445],[-109.04430757003774,31.33889712332445],[-108.2336578581363,31.33889712332445],[-108.2336578581363,31.757346986337858],[-106.49314524140671,31.757346986337858],[-106.12358434333399,31.403274025326517],[-105.63481025233459,31.08138951531621],[-105.05066560699383,30.646845426802294],[-104.71686866679912,30.131830210785786],[-104.46652096165309,29.576579431017997],[-103.94198291277567,29.2707891465082],[-103.10749056228889,28.973045974748665],[-102.48758195907013,29.761663024273936],[-101.66501092787601,29.777757249774446],[-100.96165308960857,29.391495837762072],[-100.46095767931651,28.68334991573939],[-100.10331810053646,28.10395779772083],[-99.5191734551957,27.54065990520278],[-99.29266838863501,26.84056109593036],[-99.01847804490363,26.357734330914887],[-98.25551361017286,26.059991159155352],[-97.51639181402741,25.842719114898394],[-97.13490959666203,25.866860453149165],[-97.51639181402741,24.99777227612133],[-97.70713292271012,24.273532128598127],[-97.76673951917346,22.92966429930508],[-97.87403139280747,22.45488464703987],[-97.69521160341745,21.891586754521818],[-97.38525730180807,21.408759989506358],[-97.19451619312537,20.63623716548161],[-96.51500099344327,19.903949905208158],[-96.28849592688258,19.316510674439336],[-95.89509239022452,18.825636796673614],[-94.8460162924697,18.560082075915098],[-94.41684879793364,18.141632212901705],[-93.53467117027617,18.41523404641047],[-92.78362805483806,18.52789362491408],[-92.03258493939995,18.69688299266948],[-91.4126763361812,18.865872360424895],[-90.78084641366978,19.292369336188564],[-90.53049870852374,19.871761454207125],[-90.45897079276773,20.708661180233925],[-90.2801510033777,21.006404351993474],[-89.61255712298828,21.263911960001714],[-88.55155970594079,21.497278229759196],[-87.65746075899065,21.465089778758163],[-87.0375521557719,21.54556090626074],[-86.79912576991853,21.336335974754043],[-86.83488972779654,20.86155632248883],[-87.39519173455196,20.2580228662195],[-87.62169680111265,19.646442297199904],[-87.43095569242996,19.47745292944449],[-87.59785416252731,19.042908840930572],[-87.84820186767335,18.254291791405315],[-88.0985495728194,18.519846512163816],[-88.30121200079475,18.503752286663307]]]}},{"type":"Feature","properties":{"name":"Marshall Islands","Alpha-2":"MH","Alpha-3":"MHL","id":143},"geometry":{"type":"Polygon","coordinates":[[[167.69719848996624,8.823075648103192],[167.76872640572225,8.959876564857574],[168.0190741108683,8.251730642834893],[168.16212994238032,8.187353740832826],[168.5555334790384,8.501191138092885],[168.66282535267237,8.428767123340556],[168.23365785813633,8.122976838830766],[167.97138883369763,8.147118177081538],[167.6733558513809,8.6701805058483],[167.69719848996624,8.823075648103192]]]}},{"type":"Feature","properties":{"name":"Macedonia","Alpha-2":"MK","Alpha-3":"MKD","id":144},"geometry":{"type":"Polygon","coordinates":[[[20.588118418438313,41.856473487911366],[20.71925293065766,41.84842637516112],[20.755016888535664,42.057651306667815],[21.33916153387642,42.21054644892272],[21.565666600437112,42.24273489992374],[21.91138485992451,42.30711180192581],[22.376316312338588,42.323206027426316],[22.87701172263064,42.00936863016627],[22.960460957679317,41.34145827189487],[22.75779852970396,41.30926982089384],[22.60282137889928,41.14028045313842],[22.054440691436525,41.15637467863895],[21.661037154778484,40.94714974713224],[21.017285912974387,40.85058439412915],[20.60003973773098,41.09199777663688],[20.456983906218966,41.51849475240055],[20.588118418438313,41.856473487911366]]]}},{"type":"Feature","properties":{"name":"Mali","Alpha-2":"ML","Alpha-3":"MLI","id":145},"geometry":{"type":"Polygon","coordinates":[[[-12.18358831710708,14.608949715538536],[-11.83787005761971,14.802080421544723],[-11.670971587522331,15.389519652313545],[-11.361017285912965,15.421708103314565],[-10.633816809060193,15.132012044305291],[-10.08543612159744,15.33318986306174],[-9.703953904232065,15.268812961059673],[-9.537055434134714,15.486085005316632],[-5.531492151798119,15.502179230817156],[-5.328829723822764,16.202278040089574],[-5.495728193920115,16.322984731343446],[-5.972580965626861,20.644284278231872],[-6.461355056626246,24.949489599619774],[-4.923504867872026,24.97363093787056],[-1.53785018875422,22.7928633825507],[1.8358831710709467,20.61209582723084],[2.0743095569243053,20.145363287715888],[2.682296840850398,19.863714341456863],[3.147228293264476,19.694724973701447],[3.159149612557144,19.05900306643108],[4.26783230677529,19.155568419434182],[4.26783230677529,16.8460470601102],[3.7313729386052046,16.186183814589064],[3.647923703556529,15.57460324556947],[2.753824756606406,15.413660990564317],[1.3828730379495369,15.325142750311478],[1.025233459169499,14.971069789300138],[0.3695608980727343,14.922787112798595],[-0.2622690244386945,14.914740000048333],[-0.512616729584721,15.115917818804782],[-1.0609974170474743,14.971069789300138],[-1.9908603218756014,14.560667039036993],[-2.1935227498509846,14.246829641776934],[-2.9684085038744286,13.796191327762493],[-3.1114643353864437,13.538683719754253],[-3.5167891913371534,13.337505900997805],[-4.005563282336567,13.474306817752186],[-4.279753626067929,13.224846322494194],[-4.446652096165309,12.548888851472547],[-5.233459169481421,11.720036238195995],[-5.197695211603417,11.374010389934902],[-5.483806874627447,10.963607639671757],[-5.400357639578772,10.368121296152687],[-5.829525134114846,10.223273266648043],[-6.067951519968204,10.094519462643923],[-6.2110073514802195,10.52906355115784],[-6.49711901450425,10.408356859903968],[-6.664017484601629,10.424451085404492],[-6.854758593284316,10.134755026395204],[-7.605801708722424,10.142802139145466],[-7.891913371746455,10.295697281400372],[-8.011126564673162,10.207179041147533],[-8.333002185575197,10.496875100156807],[-8.273395589111857,10.802665384666604],[-8.392608782038536,10.915324963170214],[-8.607192529306559,10.818759610167128],[-8.571428571428555,11.140644120177434],[-8.3687661434532,11.406198840935936],[-8.774090999403938,11.816601591199081],[-8.893304192330618,12.090203424707845],[-9.119809258891308,12.307475468964817],[-9.322471686866663,12.331616807215589],[-9.56089807272005,12.194815890461207],[-9.882773693622084,12.066062086457073],[-10.156964037353447,11.840742929449853],[-10.58613153188952,11.921214056952444],[-10.872243194913551,12.178721664960683],[-11.027220345718263,12.210910115961717],[-11.313332008742293,12.082156311957597],[-11.468309159546976,12.082156311957597],[-11.515994436717648,12.436229272968937],[-11.480230478839644,12.750066670228982],[-11.56367971388832,13.144375194991618],[-11.945161931253722,13.434071254000905],[-12.135903039936409,13.98932203376868],[-12.18358831710708,14.608949715538536]]]}},{"type":"Feature","properties":{"name":"Malta","Alpha-2":"MT","Alpha-3":"MLT","id":146},"geometry":{"type":"MultiPolygon","coordinates":[[[[14.56785217564078,35.845280263468815],[14.520166898470109,35.80504469971752],[14.436717663421433,35.821138925218044],[14.353268428372758,35.86942160171959],[14.353268428372758,35.9820811802232],[14.436717663421433,35.949892729222164],[14.532088217762777,35.8855158272201],[14.56785217564078,35.845280263468815]]],[[[14.317504470494754,36.02231674397448],[14.245976554738746,36.00622251847397],[14.186369958275378,36.038410969475],[14.162527319690042,36.05450519497551],[14.245976554738746,36.078646533226284],[14.305583151202086,36.05450519497551],[14.317504470494754,36.03036385672474],[14.317504470494754,36.02231674397448]]]]}},{"type":"Feature","properties":{"name":"Myanmar","Alpha-2":"MM","Alpha-3":"MMR","id":147},"geometry":{"type":"Polygon","coordinates":[[[98.56546791178226,9.93357720763877],[98.47009735744092,10.681958693412746],[98.76813033975759,11.43838729193697],[98.44625471885558,12.03387363545604],[98.51778263461159,13.128280969491108],[98.10053645936819,13.643296185507602],[97.76673951917348,14.834268872545756],[97.59984104907613,16.105712687086488],[97.15875223524739,16.918471074862516],[96.50307967415063,16.419550084346533],[95.35863302205445,15.711404162323852],[94.79833101529903,15.79992240257669],[94.1784224120803,16.04133578508442],[94.5241406715677,17.28059114862412],[94.32147824359231,18.21405622765402],[93.52274985098353,19.36479335094088],[93.65388436320285,19.72691342470248],[93.08166103715479,19.8556672287066],[92.36638187959471,20.676472729232906],[92.2948539638387,21.481184004258672],[92.64057222332605,21.32828886200378],[92.66441486191138,22.03643478402646],[93.1531889529108,22.27784816653419],[93.04589707927681,22.70434514229786],[93.27240214583748,23.05037099055894],[93.32008742300815,24.07235430984168],[94.10689449632429,23.847035152834458],[94.53606199086033,24.67588776611101],[94.60758990661634,25.166761643876747],[95.14404927478643,25.995614257153285],[95.12020663620109,26.566959262421598],[96.41963043910192,27.25901095894377],[97.12298827736936,27.08197447843809],[97.06338168090605,27.693555047457686],[97.39717862110075,27.87059152796335],[97.32565070534474,28.264900052725984],[97.9097953506855,28.32927695472805],[98.2555136101729,27.74183772395923],[98.69660242400158,27.508471454201747],[98.72044506258692,26.74399574292726],[98.67275978541625,25.90709601690046],[97.71905424200281,25.086290516374156],[97.61176236836877,23.887270716585753],[98.67275978541625,24.05626008434117],[98.89926485197697,23.14693634356204],[99.5191734551957,22.94575852480559],[99.24498311146436,22.116905911529038],[99.97218358831714,21.738691612266926],[100.41327240214588,21.56165513176125],[101.1404728789986,21.843304078020275],[101.17623683687663,21.44094844050739],[100.32982316709717,20.789132307736516],[100.11523941982915,20.427012233974914],[99.5310947744884,20.19364596421743],[98.95887144844033,19.759101875703514],[98.26743492946554,19.71081919920197],[97.79058215775882,18.624458977917165],[97.38525730180805,18.43937538466124],[97.86211007351483,17.562240094883144],[98.5058613153189,16.83799994735994],[98.89926485197697,16.17008958908854],[98.54162527319693,15.309048524810969],[98.20782833300223,15.12396493155503],[98.44625471885558,14.616996828288798],[99.10192727995235,13.828379778763527],[99.22114047287903,13.273128998995738],[99.20921915358633,12.79834934673054],[99.57878005165907,11.88902560595141],[99.03039936419634,10.971654752422019],[98.56546791178226,9.93357720763877]]]}},{"type":"Feature","properties":{"name":"Montenegro","Alpha-2":"ME","Alpha-3":"MNE","id":148},"geometry":{"type":"Polygon","coordinates":[[[20.063580369560896,42.58071363543457],[19.8013113451222,42.50024250793199],[19.74170474865886,42.68532610118792],[19.312537254122788,42.194452223422196],[19.372143850586127,41.88061482616215],[19.169481422610772,41.953038840914466],[18.883369759586742,42.282970463675035],[18.442280945758,42.484148282431484],[18.56149413868468,42.6531376501869],[18.71647128948939,43.200341317204426],[19.038346910391425,43.433707586961894],[19.217166699781444,43.52222582721473],[19.491357043512835,43.35323645945932],[19.622491555732182,43.208388429954674],[19.956288495926884,43.11182307695159],[20.337770713292286,42.89455103269463],[20.25432147824361,42.81407990519205],[20.063580369560896,42.58071363543457]]]}},{"type":"Feature","properties":{"name":"Mongolia","Alpha-2":"MN","Alpha-3":"MNG","id":149},"geometry":{"type":"Polygon","coordinates":[[[87.76475263262466,49.300052781899815],[88.8138287303795,49.47708926240549],[90.72123981720642,50.346177439433326],[92.23524736737534,50.81290997894828],[93.09358235644748,50.50711969443848],[94.13073713490962,50.48297835618771],[94.82217365388436,50.01624581667276],[95.82356447446853,49.967963140171214],[97.25412278958873,49.73459687041373],[98.2435922908802,50.4266485669359],[97.8263461156368,51.014087797704725],[98.86350089409893,52.04411822973771],[99.97218358831714,51.63371547947457],[100.8901251738526,51.52105590097096],[102.07033578382675,51.27159540571298],[102.26107689250944,50.51516680718874],[103.679713888337,50.096716944175334],[104.63341943175044,50.28180053743126],[105.87323663818796,50.41055434143539],[106.87462745877212,50.28180053743126],[107.86409696006359,49.79092665966554],[108.47208424398968,49.29200566914955],[109.40194714881784,49.29200566914955],[110.67752831313334,49.1310634141444],[111.58354857937616,49.38052390940239],[112.91873634015496,49.541466164407545],[114.36121597456787,50.24961208643024],[114.95728193920127,50.14499962067688],[115.48181998807871,49.80702088516606],[116.6858732366382,49.895539125418885],[116.18517782634615,49.13911052689466],[115.48181998807871,48.13322143311243],[115.73216769322471,47.73086579559955],[116.31631233856547,47.85157248685342],[117.30578183985693,47.698677344598515],[118.06874627458774,48.06884453111038],[118.85555334790382,47.74696002110007],[119.77349493343934,47.03881409907738],[119.678124379098,46.6927882508163],[118.87939598648916,46.80544782931991],[117.42499503278367,46.66864691256553],[116.72163719451623,46.3869979663065],[115.98251539837077,45.727134720785365],[114.46850784820191,45.33282619602273],[113.46711702761775,44.80171675450571],[112.45380488774094,45.00289457326216],[111.88158156169283,45.09945992626526],[111.35704351281544,44.455690906244634],[111.6789191337175,44.07747660698252],[111.84581760381485,43.74754498422195],[111.13053844625472,43.417613361461385],[110.41525928869464,42.87040969444386],[109.24696999801313,42.524383846182765],[107.73296244784422,42.484148282431484],[106.11166302404132,42.13007532142013],[104.9672163719452,41.607012992653374],[104.51420623882376,41.90475616441292],[103.32207430955691,41.90475616441292],[101.84383071726603,42.5163367334325],[100.85436121597456,42.66118476293715],[99.50725213590306,42.524383846182765],[97.45678521756412,42.74165589043972],[96.34810252334591,42.725561664939214],[95.75203655871252,43.321048008458284],[95.31094774488378,44.238418861987675],[94.69103914166504,44.351078440491285],[93.47506457381286,44.97875323501139],[92.1279554937413,45.11555415176577],[90.94774488376714,45.284543519521186],[90.60202662427974,45.7190876080351],[90.98350884164518,46.885918956822486],[90.28015100337774,47.698677344598515],[88.86151400755017,48.06884453111038],[88.01510033777072,48.5999539726274],[87.76475263262466,49.300052781899815]]]}},{"type":"Feature","properties":{"name":"Northern Mariana Islands","Alpha-2":"MP","Alpha-3":"MNP","id":150},"geometry":{"type":"Polygon","coordinates":[[[145.82157758791976,15.33318986306174],[145.86926286509043,15.301001412060707],[145.85734154579774,15.132012044305291],[145.70236439499308,15.027399578551943],[145.73812835287106,14.963022676549876],[145.60699384065174,14.858410210796528],[145.53546592489573,15.083729367803748],[145.66660043711505,15.132012044305291],[145.66660043711505,15.22053028455813],[145.82157758791976,15.33318986306174]]]}},{"type":"Feature","properties":{"name":"Mozambique","Alpha-2":"MZ","Alpha-3":"MOZ","id":151},"geometry":{"type":"Polygon","coordinates":[[[34.571825948738336,-11.52807249729873],[35.31094774488378,-11.439554257045891],[36.50307967415063,-11.721203203304917],[36.77727001788199,-11.59244939930079],[37.46870653685676,-11.568308061050018],[37.826346115636795,-11.270564889290476],[38.43433339956289,-11.286659114790993],[39.51917345519573,-10.90039770277862],[40.31790184780451,-10.312958472009804],[40.47287899860919,-10.763596786024237],[40.437115040731186,-11.761438767056205],[40.56824955295053,-12.638574056834301],[40.60401351082854,-14.199713930384313],[40.782833300218556,-14.690587808150035],[40.47287899860919,-15.406780842922977],[40.07947546195112,-16.098832539445148],[39.44764553943972,-16.718460221214997],[38.52970395390423,-17.09667452047711],[37.421021259686086,-17.587548398242838],[36.27657460758991,-18.65781439402712],[35.895092390224534,-18.83485087453279],[35.21557719054243,-19.551043909305733],[34.79833101529903,-19.784410179063208],[34.702960460957684,-20.50060321383615],[35.1917345519571,-21.25703181236038],[35.370554341347116,-21.844471043129197],[35.382475660639784,-22.158308440389256],[35.5612954500298,-22.09393153838719],[35.5255314921518,-23.067632181168385],[35.370554341347116,-23.526317607933073],[35.608980727200475,-23.711401201189005],[35.45400357639579,-24.12180395145215],[35.04867872044508,-24.48392402521375],[34.226107689250966,-24.821902760724576],[33.033975759984116,-25.35301220224159],[32.56904430757004,-25.731226501503706],[32.652493542618714,-26.141629251766854],[32.93860520564277,-26.214053266519173],[32.84323465130143,-26.745162708036187],[32.068348897277986,-26.73711559528593],[31.98489966222931,-26.286477281271495],[31.8299225114246,-25.835838967257057],[31.746473276375923,-25.489813118995972],[31.93721438505861,-24.3793115594604],[31.663024041327247,-23.6550714119372],[31.186171269620502,-22.25487379339235],[32.23524736737534,-21.120230895606],[32.49751639181403,-20.38794363533254],[32.652493542618714,-20.307472507829964],[32.78362805483809,-19.711986164310886],[32.60480826544804,-19.41424299255135],[32.652493542618714,-18.665861506777375],[32.8551559705941,-17.981856923005466],[32.8551559705941,-16.710413108464735],[32.31869660242401,-16.388528598454428],[31.841843830717266,-16.316104583702106],[31.627260083449244,-16.066644088444114],[31.174249950327834,-15.85741915693741],[30.33975759984105,-15.88156049518819],[30.256308364792375,-15.511393308676325],[30.1728591297437,-14.795200273903383],[33.2247168686668,-13.974394773377092],[33.80886151400756,-14.45722153839256],[34.071130538446255,-14.360656185389466],[34.464534075104325,-14.610116680647458],[34.524140671567665,-15.012472318160349],[34.30955692429964,-15.479204857675299],[34.404927478640985,-16.18735077969798],[35.04867872044508,-16.798931348717574],[35.34671170276178,-16.098832539445148],[35.763957878005186,-15.8976547206887],[35.68050864295651,-14.610116680647458],[35.27518378700577,-13.885876533124254],[34.917544208225706,-13.572039135864202],[34.571825948738336,-13.588133361364719],[34.285714285714306,-12.28450109582296],[34.571825948738336,-11.52807249729873]]]}},{"type":"Feature","properties":{"name":"Mauritania","Alpha-2":"MR","Alpha-3":"MRT","id":152},"geometry":{"type":"Polygon","coordinates":[[[-12.18358831710708,14.608949715538536],[-12.839260878203845,15.309048524810969],[-13.459169481422606,16.04133578508442],[-14.11484204251937,16.298843393092675],[-14.57977349493342,16.59658656485221],[-15.128154182396173,16.588539452101948],[-15.616928273395587,16.37126740784499],[-16.11762368368764,16.451738535347566],[-16.45142062388237,16.137901138087507],[-16.55871249751638,16.669010579604524],[-16.27260083449235,17.159884457370246],[-16.141466322273004,18.10944376190067],[-16.248758195907016,19.091191517432115],[-16.367971388833695,19.59815962069836],[-16.27260083449235,20.097080611214345],[-16.546791178223714,20.571860263479543],[-17.059407907808463,21.006404351993474],[-16.844824160540412,21.336335974754043],[-12.946552751837856,21.336335974754043],[-13.125372541227875,22.768722044299928],[-12.886946155374517,23.28373726031642],[-11.945161931253722,23.37225550056926],[-11.980925889131726,25.931237355151232],[-8.690641764355234,25.874907565899427],[-8.690641764355234,27.39581187569815],[-4.923504867872026,24.97363093787056],[-6.461355056626246,24.949489599619774],[-5.972580965626861,20.644284278231872],[-5.495728193920115,16.322984731343446],[-5.328829723822764,16.202278040089574],[-5.531492151798119,15.502179230817156],[-9.537055434134714,15.486085005316632],[-9.703953904232065,15.268812961059673],[-10.08543612159744,15.33318986306174],[-10.633816809060193,15.132012044305291],[-11.361017285912965,15.421708103314565],[-11.670971587522331,15.389519652313545],[-11.83787005761971,14.802080421544723],[-12.18358831710708,14.608949715538536]]]}},{"type":"Feature","properties":{"name":"Montserrat","Alpha-2":"MS","Alpha-3":"MSR","id":153},"geometry":{"type":"Polygon","coordinates":[[[-62.20544406914365,16.85409417286045],[-62.193522749850985,16.8460470601102],[-62.15775879197297,16.789717270858397],[-62.12199483409496,16.773623045357873],[-62.09815219550963,16.701199030605558],[-62.1458374726803,16.63682212860349],[-62.253129346314324,16.669010579604524],[-62.253129346314324,16.765575932607625],[-62.20544406914365,16.85409417286045]]]}},{"type":"Feature","properties":{"name":"Martinique","Alpha-2":"MQ","Alpha-3":"MTQ","id":154},"geometry":{"type":"Polygon","coordinates":[[[-61.251738525730175,14.850363098046266],[-61.144446652096164,14.99521112755091],[-60.73912179614544,14.560667039036993],[-60.72720047685277,14.415819009532349],[-60.90602026624279,14.367536333030806],[-60.941784224120795,14.472148798784154],[-61.12060401351083,14.375583445781054],[-61.144446652096164,14.55261992628673],[-61.001390820584135,14.544572813536469],[-61.03715477846214,14.592855490038026],[-61.1682892906815,14.56871415178724],[-61.251738525730175,14.850363098046266]]]}},{"type":"Feature","properties":{"name":"Mauritius","Alpha-2":"MU","Alpha-3":"MUS","id":155},"geometry":{"type":"Polygon","coordinates":[[[57.54420822571032,-19.85683419381553],[58.02106099741707,-20.218954267577132],[57.90184780449039,-20.42817919908383],[57.353467117027634,-20.629357017840277],[57.15080468905228,-20.339660958830997],[57.54420822571032,-19.85683419381553]]]}},{"type":"Feature","properties":{"name":"Malawi","Alpha-2":"MW","Alpha-3":"MWI","id":156},"geometry":{"type":"Polygon","coordinates":[[[34.571825948738336,-11.52807249729873],[34.285714285714306,-12.28450109582296],[34.571825948738336,-13.588133361364719],[34.917544208225706,-13.572039135864202],[35.27518378700577,-13.885876533124254],[35.68050864295651,-14.610116680647458],[35.763957878005186,-15.8976547206887],[35.34671170276178,-16.098832539445148],[35.04867872044508,-16.798931348717574],[34.404927478640985,-16.18735077969798],[34.30955692429964,-15.479204857675299],[34.524140671567665,-15.012472318160349],[34.464534075104325,-14.610116680647458],[34.071130538446255,-14.360656185389466],[33.80886151400756,-14.45722153839256],[33.2247168686668,-13.974394773377092],[32.67633618120405,-13.716887165368846],[32.99821180210611,-12.7914691990892],[33.30816610371548,-12.43739623807786],[33.11742499503279,-11.608543624801307],[33.32008742300815,-10.795785237025271],[33.486985893105526,-10.522183403516507],[33.23663818795947,-9.677236564739438],[32.78362805483809,-9.226598250725004],[33.74925491754422,-9.41168184398093],[33.951917345519576,-9.693330790239955],[34.285714285714306,-10.160063329754905],[34.571825948738336,-11.52807249729873]]]}},{"type":"Feature","properties":{"name":"Malaysia","Alpha-2":"MY","Alpha-3":"MYS","id":157},"geometry":{"type":"MultiPolygon","coordinates":[[[[102.14186369958276,6.223858229769931],[102.36836876614348,6.1272928767668375],[102.96443473077687,5.523759420497505],[103.38168090602028,4.855849062226106],[103.45320882177629,4.187938703954714],[103.3339956288496,3.7373003899402804],[103.44128750248365,3.383227428928933],[103.50089409894696,2.7957881981601176],[103.858533677727,2.514139251901092],[104.25193721438507,1.6370039621229964],[104.31154381084843,1.355355015863978],[103.81084840055632,1.6289568493727415],[103.41744486389831,1.4358261433665547],[102.5710311941188,1.966935584883565],[101.37889926485201,2.763599747159084],[101.27160739121797,3.270567850425323],[100.69938406516991,3.938478208696722],[100.5563282336579,4.767330821973275],[100.2106099741705,5.314534488990802],[100.29405920921914,6.038774636513999],[100.09139678124382,6.473318725027923],[100.25829525134117,6.642308092783338],[101.08086628253528,6.207764004269414],[101.15239419829129,5.6927487882529135],[101.8199880786807,5.797361254006269],[102.14186369958276,6.223858229769931]]],[[[117.87800516590505,4.147703140203426],[117.00774885754026,4.308645395208579],[115.86330220544409,4.308645395208579],[115.51758394595669,3.1659553846719746],[115.12418040929862,2.819929536410889],[114.61156367971392,1.4358261433665547],[113.80091396781245,1.2185540991095891],[112.8710510629843,1.5082501581188694],[112.38227697198494,1.419731917866038],[111.81005364593682,0.9047167018495372],[111.16630240413275,0.9771407166018591],[110.52255116232863,0.7759628978454174],[109.84303596264652,1.3392607903634612],[109.67613749254917,2.0071711486348534],[110.3914166501093,1.6691924131240299],[111.17822372342539,1.8542760063799548],[111.36896483210808,2.6911757324067622],[111.81005364593682,2.8762593256626943],[112.99026425591103,3.1015784826699146],[113.7055434134711,3.8982426449454337],[114.19431750447052,4.5259174394655375],[114.67117027617724,4.010902223449044],[114.87383270415262,4.348880958959867],[115.3387641565667,4.316692507958834],[115.4102920723227,4.9524144152292],[115.45797734949338,5.443288292994929],[116.20902046493148,6.151434215017609],[116.72163719451623,6.923957039042357],[117.12696205046694,6.923957039042357],[117.627657460759,6.425036048526373],[117.699185376515,5.998539072762711],[118.34293661831913,5.70884301375343],[119.17742896880588,5.40305272924364],[119.10590105304988,5.008744204481005],[118.43830717266047,4.9604615279794615],[118.60520564275782,4.477634762963994],[117.87800516590505,4.147703140203426]]]]}},{"type":"Feature","properties":{"name":"Mayotte","Alpha-2":"YT","Alpha-3":"MYT","id":158},"geometry":{"type":"Polygon","coordinates":[[[45.03874428770118,-12.598338493083013],[45.14603616133519,-12.67880962058559],[45.3010133121399,-12.702950958836361],[45.32485595072524,-12.871940326591776],[45.229485396383865,-13.040929694347192],[45.01490164911584,-13.048976807097446],[44.96721637194517,-12.896081664842548],[45.062586926286514,-12.863893213841521],[44.89568845618916,-12.751233635337911],[45.03874428770118,-12.598338493083013]]]}},{"type":"Feature","properties":{"name":"Namibia","Alpha-2":"NA","Alpha-3":"NAM","id":159},"geometry":{"type":"Polygon","coordinates":[[[16.34412875024836,-28.571857302344704],[15.593085634810251,-27.815428703820473],[15.211603417444877,-27.09923566904753],[14.985098350884186,-26.11748791351608],[14.734750645738131,-25.385200653242624],[14.40095370554343,-23.856249230693646],[14.377111066958093,-22.657229430905232],[14.245976554738746,-22.118072876637967],[13.876415656666012,-21.707670126374815],[13.363798927081262,-20.870770400348007],[12.827339558911206,-19.663703487809343],[12.612755811643154,-19.036028693289232],[11.790184780449039,-18.070375163258305],[11.742499503278367,-17.297852339233557],[12.219352274985113,-17.112768745977625],[12.827339558911206,-16.94377937822221],[13.48301212000797,-16.96792071647299],[14.079078084641367,-17.418559030487422],[14.210212596860742,-17.362229241235617],[18.251539837075313,-17.305899451983812],[18.95489767534275,-17.78872621699928],[21.363004172461757,-17.92552713375366],[23.21080866282537,-17.531218608991033],[24.045301013312155,-17.289805226483296],[24.689052255116252,-17.362229241235617],[25.082455791774294,-17.579501285492576],[25.082455791774294,-17.659972412995153],[24.522153785018872,-17.885291570002373],[24.224120802702174,-17.885291570002373],[23.580369560898077,-18.279600094765],[23.198887343532704,-17.869197344501856],[21.637194516193148,-18.21522319276294],[20.921915358633044,-18.247411643763975],[20.874230081462372,-21.81228259212817],[19.896681899463545,-21.85251815587946],[19.896681899463545,-24.765572971472775],[19.896681899463545,-28.451150611090835],[19.00258295251342,-28.97421293985759],[18.454202265050668,-29.046636954609912],[17.834293661831907,-28.853506248603725],[17.381283528710526,-28.773035121101145],[17.214385058613175,-28.35458525808774],[16.820981521955105,-28.080983424578978],[16.34412875024836,-28.571857302344704]]]}},{"type":"Feature","properties":{"name":"New Caledonia","Alpha-2":"NC","Alpha-3":"NCL","id":160},"geometry":{"type":"Polygon","coordinates":[[[165.77786608384662,-21.088042444604966],[166.60043711504073,-21.707670126374815],[167.12497516391818,-22.16635555313951],[166.74349294655275,-22.399721822896986],[166.18319093979733,-22.134167102138477],[165.4917544208226,-21.67548167537379],[164.82416054043318,-21.152419346607033],[164.16848797933642,-20.43622631183409],[164.02543214782435,-20.106294689073522],[164.47844228094579,-20.114341801823777],[165.01490164911587,-20.460367650084862],[165.4798331015299,-20.79029927284543],[165.77786608384662,-21.088042444604966]]]}},{"type":"Feature","properties":{"name":"Niger","Alpha-2":"NE","Alpha-3":"NER","id":161},"geometry":{"type":"Polygon","coordinates":[[[2.145837472680313,11.937308282452953],[2.1696801112656487,12.621312866224862],[1.025233459169499,12.846632023232083],[0.9894695012914951,13.337505900997805],[0.42916749453607395,13.98932203376868],[0.28611166302405877,14.43996034778312],[0.3695608980727343,14.922787112798595],[1.025233459169499,14.971069789300138],[1.3828730379495369,15.325142750311478],[2.753824756606406,15.413660990564317],[3.647923703556529,15.57460324556947],[3.7313729386052046,16.186183814589064],[4.26783230677529,16.8460470601102],[4.26783230677529,19.155568419434182],[5.674547983310163,19.60620673344861],[8.571428571428584,21.56165513176125],[12.00476852771709,23.476867966322608],[13.590303993641982,23.04232387780869],[14.138684681104706,22.487073098040902],[14.842042519372143,22.873334510053276],[15.092390224518198,21.31219463650327],[15.473872441883572,21.054687028495017],[15.48579376117624,20.73280251848471],[15.903039936419646,20.39482378297388],[15.688456189151594,19.96832680721021],[15.30697397178622,17.932407281394994],[15.235446056030213,16.62072790310298],[13.983707530300023,15.68726282407308],[13.554540035763978,14.367536333030806],[13.971786211007355,13.98932203376868],[13.959864891714687,13.353600126498328],[14.591694814226116,13.329458788247543],[14.496324259884773,12.862726248732592],[14.210212596860742,12.79834934673054],[14.186369958275378,12.48451194947048],[13.995628849592691,12.460370611219709],[13.328034969203259,13.562825058005025],[13.101529902642568,13.603060621756306],[12.314722829326456,13.03976272923827],[11.527915756010344,13.329458788247543],[10.991456387840259,13.385788577499348],[10.705344724816229,13.248987660744966],[10.109278760182804,13.281176111746],[9.513212795549379,12.846632023232083],[9.00059606596463,12.822490684981311],[7.784621498112472,13.345553013748066],[7.331611364991062,13.104139631240336],[6.818994635406341,13.120233856740846],[6.4613550566262745,13.49040104325271],[5.45996423604214,13.876662455265084],[4.363202861116633,13.74790865126095],[4.112855155970607,13.530636607003991],[3.9697993244585916,12.967338714485955],[3.695608980727201,12.556935964222795],[3.624081064971193,11.655659336193928],[2.861116630240417,12.235051454212488],[2.4915557321677113,12.235051454212488],[2.145837472680313,11.937308282452953]]]}},{"type":"Feature","properties":{"name":"Norfolk Island","Alpha-2":"NF","Alpha-3":"NFK","id":162},"geometry":{"type":"Polygon","coordinates":[[[167.8640969600636,-28.83741202310321],[168.13828730379498,-28.853506248603725],[168.281343135307,-29.030542729109396],[167.97138883369763,-29.360474351869964],[167.64951321279557,-29.05468406736017],[167.8640969600636,-28.83741202310321]]]}},{"type":"Feature","properties":{"name":"Nigeria","Alpha-2":"NG","Alpha-3":"NGA","id":163},"geometry":{"type":"Polygon","coordinates":[[[8.499900655672576,4.7753779347235294],[7.462745877210409,4.413257860961927],[7.081263659845035,4.461540537463478],[6.711702761772301,4.236221380456257],[5.901053049870853,4.260362718707036],[5.364593681700796,4.88803751322714],[5.042718060798734,5.604230548000082],[4.32743890323863,6.264093793521219],[3.5763957878005215,6.2560466807709645],[2.682296840850398,6.2560466807709645],[2.753824756606406,7.865469230822519],[2.72998211802107,8.501191138092885],[2.908801907411089,9.144960158113498],[3.2306775283131515,9.442703329873048],[3.7075303000198687,10.070378124393152],[3.6002384263858573,10.327885732401391],[3.7909795350685442,10.73828848266455],[3.5763957878005215,11.333774826183621],[3.624081064971193,11.655659336193928],[3.695608980727201,12.556935964222795],[3.9697993244585916,12.967338714485955],[4.112855155970607,13.530636607003991],[4.363202861116633,13.74790865126095],[5.45996423604214,13.876662455265084],[6.4613550566262745,13.49040104325271],[6.818994635406341,13.120233856740846],[7.331611364991062,13.104139631240336],[7.784621498112472,13.345553013748066],[9.00059606596463,12.822490684981311],[9.513212795549379,12.846632023232083],[10.109278760182804,13.281176111746],[10.705344724816229,13.248987660744966],[10.991456387840259,13.385788577499348],[11.527915756010344,13.329458788247543],[12.314722829326456,13.03976272923827],[13.101529902642568,13.603060621756306],[13.328034969203259,13.562825058005025],[13.995628849592691,12.460370611219709],[14.186369958275378,12.48451194947048],[14.579773494933448,12.090203424707845],[14.472481621299437,11.90511983145192],[14.40095370554343,11.575188208691351],[13.578382674349314,10.802665384666604],[13.328034969203259,10.166943477396238],[13.184979137691244,9.635834035879235],[12.97039539042322,9.418561991622262],[12.755811643155198,8.718463182349844],[12.219352274985113,8.308060432086698],[12.076296443473097,7.7930452160701975],[11.83787005761971,7.390689578557307],[11.754420822571035,6.980286828294162],[11.074905622888934,6.650355205533593],[10.490760977548177,7.0527108430464835],[10.109278760182804,7.036616617545967],[9.513212795549379,6.457224499527406],[9.227101132525348,6.449177386777151],[8.750248360818603,5.475476743995955],[8.499900655672576,4.7753779347235294]]]}},{"type":"Feature","properties":{"name":"Nicaragua","Alpha-2":"NI","Alpha-3":"NIC","id":164},"geometry":{"type":"Polygon","coordinates":[[[-85.70236439499304,11.100408556426139],[-86.04808265448042,11.414245953686198],[-86.51301410689449,11.808554478448833],[-86.72759785416252,12.138486101209402],[-87.15676534869858,12.452323498469447],[-87.66938207828332,12.91100892523415],[-87.56209020464931,13.063904067489041],[-87.39519173455196,12.919056037984397],[-87.32366381879594,12.991480052736726],[-87.0017881978939,13.02366850373776],[-86.87065368567454,13.257034773495228],[-86.72759785416252,13.26508188624549],[-86.75144049274786,13.755955764011212],[-86.50109278760182,13.780097102261983],[-86.29843035962647,13.772049989511721],[-86.08384661235843,14.045651823020485],[-85.78581363004172,13.836426891513788],[-85.6785217564077,13.95713358276766],[-85.49970196701769,14.077840274021518],[-85.1539837075303,14.359489220280544],[-85.14206238823763,14.560667039036993],[-85.03477051460361,14.55261992628673],[-84.90363600238426,14.785986196044213],[-84.80826544804292,14.818174647045232],[-84.65328829723822,14.665279504790341],[-84.45062586926286,14.616996828288798],[-84.23604212199483,14.745750632292918],[-83.98569441684879,14.745750632292918],[-83.62805483806873,14.874504436297038],[-83.48499900655672,15.019352465801681],[-83.151202066362,14.99521112755091],[-83.23465130141068,14.890598661797561],[-83.28233657858136,14.673326617540603],[-83.18696602424001,14.311206543779],[-83.41347109080071,13.965180695517908],[-83.53268428372739,13.570872170755287],[-83.55652692231273,13.136328082241356],[-83.49692032584939,12.870773361482854],[-83.47307768726405,12.412087934718166],[-83.62805483806873,12.331616807215589],[-83.73534671170276,11.88902560595141],[-83.65189747665409,11.631517997943156],[-83.85455990462944,11.374010389934902],[-83.80687462745877,11.1084556691764],[-83.65189747665409,10.947513414171247],[-83.89032386250744,10.73828848266455],[-84.18835684482416,10.802665384666604],[-84.36717663421418,11.003843203423052],[-84.66520961653089,11.092361443675891],[-84.89171468309159,10.963607639671757],[-85.54738724418836,11.213068134929749],[-85.70236439499304,11.100408556426139]]]}},{"type":"Feature","properties":{"name":"Niue","Alpha-2":"NU","Alpha-3":"NIU","id":165},"geometry":{"type":"Polygon","coordinates":[[[-169.87879992052453,-18.77047397253073],[-169.58076693820783,-18.915322002035367],[-169.61653089608583,-19.140641159042588],[-169.95032783628054,-19.317677639548258],[-170.10530498708525,-19.036028693289232],[-169.87879992052453,-18.77047397253073]]]}},{"type":"Feature","properties":{"name":"Netherlands","Alpha-2":"NL","Alpha-3":"NLD","id":166},"geometry":{"type":"Polygon","coordinates":[[[6.902443870455016,53.48455141203386],[7.093184979137703,53.14657267652303],[6.854758593284345,52.22115471024339],[6.592489568845622,51.850987523731526],[5.984502284919529,51.850987523731526],[6.151400755016908,50.81290997894828],[5.603020067554155,51.0382291359555],[4.971190145042726,51.480820337219676],[4.053248559507267,51.27159540571298],[3.326048082654495,51.344019420465294],[3.838664812239216,51.61762125397406],[4.708921120604032,53.098290000021485],[6.079872839260901,53.50869275028463],[6.902443870455016,53.48455141203386]]]}},{"type":"Feature","properties":{"name":"Norway","Alpha-2":"NO","Alpha-3":"NOR","id":167},"geometry":{"type":"Polygon","coordinates":[[[28.587323663818808,69.07985592203343],[29.004569839062185,69.77190761855562],[27.740909994039356,70.16621614331822],[26.191138485992468,69.82823740780742],[25.690443075700387,69.10399726028422],[24.736737532286924,68.65335894626978],[23.663818795946753,68.89477232877752],[22.352473673753252,68.84648965227595],[21.23186966024241,69.37759909379298],[20.635803695608985,69.11204437303448],[20.015895092390224,69.07985592203343],[19.884760580170877,68.39585133826154],[17.98927081263662,68.56484070601695],[17.727001788197896,68.0015428134989],[16.761374925491765,68.00958992624916],[16.105702364395,67.30144400422645],[15.104311543810866,66.18289533194064],[13.566461355056646,64.79074482614604],[13.936022253129352,64.44471897788495],[13.578382674349314,64.05041045312231],[12.588913173057819,64.06650467862283],[11.945161931253722,63.12499248684268],[11.992847208424422,61.805265995800404],[12.63659845022849,61.29025077978391],[12.314722829326456,60.12341943099653],[11.480230478839673,59.43136773447436],[11.027220345718263,58.86002272920606],[10.347705146036162,59.4796504109759],[8.368766143453229,58.30477194943827],[7.069342340552367,58.0714056796808],[5.662626664017495,58.57837378294703],[5.316908404530096,59.66473400423184],[4.995032783628062,61.97425536355582],[5.912974369163521,62.609977270826185],[8.53566461355058,63.45492410960325],[10.514603616133542,64.48495454163626],[12.362408106497128,65.87710504743083],[14.758593284323467,67.8084121074927],[16.427577985297035,68.55679359326669],[19.18140274190344,69.82019029505716],[21.363004172461757,70.24668727082081],[23.020067554142656,70.20645170706953],[24.557917742896876,71.03530432034609],[26.369958275382487,70.98702164384454],[28.18199880786807,71.18819946260098],[31.29346314325454,70.46395931507777],[29.99403934035368,70.19035748156901],[31.09080071527916,69.56268268704889],[29.386052056427587,69.16032704953602],[28.587323663818808,69.07985592203343]]]}},{"type":"Feature","properties":{"name":"Nepal","Alpha-2":"NP","Alpha-3":"NPL","id":168},"geometry":{"type":"Polygon","coordinates":[[[88.12239221140476,27.87059152796335],[88.03894297635605,27.436047439449432],[88.18199880786807,26.808372644929328],[88.06278561494139,26.414064120166692],[87.22829326445463,26.397969894666183],[86.01231869660245,26.623289051673403],[85.237432942579,26.72790151742675],[84.66520961653089,27.234869620692983],[83.29425789787405,27.363623424697117],[82.00675541426585,27.918874204464906],[81.05304987085236,28.409748082230628],[80.08742300814623,28.779915268742478],[80.4808265448043,29.729474573272903],[81.12457778660837,30.18011288728733],[81.52990264255914,30.42957338254532],[82.34055235446056,30.12378309803554],[83.35386449433736,29.463919852514387],[83.89032386250744,29.327118935760005],[84.23604212199484,28.828197945244035],[84.99900655672565,28.63506723923785],[85.82157758791976,28.200523150723917],[86.95410292072324,27.97520399371671],[88.12239221140476,27.87059152796335]]]}},{"type":"Feature","properties":{"name":"Nauru","Alpha-2":"NR","Alpha-3":"NRU","id":169},"geometry":{"type":"Polygon","coordinates":[[[166.93423405523544,-0.4632924656942805],[167.01768329028414,-0.5035280294455688],[166.9819193324061,-0.5598578186973739],[166.9223127359428,-0.6000933824486623],[166.8507848201868,-0.5196222549460856],[166.93423405523544,-0.4632924656942805]]]}},{"type":"Feature","properties":{"name":"New Zealand","Alpha-2":"NZ","Alpha-3":"NZL","id":170},"geometry":{"type":"MultiPolygon","coordinates":[[[[173.01410689449636,-40.924175373990394],[173.24061196105703,-41.33457812425354],[173.95589111861716,-40.93222248674065],[174.2420027816412,-41.350672349754056],[174.2420027816412,-41.769122212767456],[173.88436320286115,-42.22780763953215],[173.2167693224717,-42.97618912530612],[172.71607391217964,-43.37854476281902],[173.08563481025237,-43.853324415084224],[172.29882773693623,-43.86941864058474],[171.45241406715678,-44.2395858270966],[171.1782237234254,-44.899449072617735],[170.60600039737733,-45.90533816639996],[169.83111464335389,-46.35597648041439],[169.34234055235447,-46.63762542667342],[168.41247764752632,-46.6215312011729],[167.76872640572225,-46.29159957841233],[166.68388635008944,-46.21917556366001],[166.5169878799921,-45.84900837714815],[167.04152592886948,-45.10867400412444],[168.30518577389233,-44.12692624859299],[168.9608583349891,-43.9337955425868],[169.65229485396384,-43.55558124332468],[170.52255116232863,-43.04056602730819],[171.11861712696208,-42.50945658579117],[171.55970594079082,-41.7610751000172],[171.95310947744883,-41.519661717509464],[172.09616530896085,-40.96441093774168],[172.78760182793565,-40.481584172726215],[173.01410689449636,-40.924175373990394]]],[[[174.62348499900656,-36.15223751308753],[175.35068547585934,-37.214456396121555],[175.37452811444467,-36.530451812349646],[175.82753824756605,-36.796006533108155],[175.97059407907813,-37.55243513163238],[176.7574011523942,-37.87431964164269],[177.42499503278367,-37.954790769145276],[178.00913967812437,-37.57657646988316],[178.52175640770912,-37.69728316113702],[178.27140870256312,-38.590512676415635],[177.9733757202464,-39.169904794434196],[177.2104112855156,-39.13771634343317],[176.93622094178426,-39.44350662794296],[177.0315914961256,-39.87805071645688],[176.8766143453209,-40.05508719696255],[176.50705344724815,-40.610337976730335],[176.0182793562488,-41.29434256050225],[175.24339360222535,-41.69669819801514],[175.08841645142064,-41.43114347725663],[174.6592489568846,-41.28629544775199],[175.23147228293266,-40.44939572172518],[174.9095966620306,-39.902192054707655],[173.82475660639778,-39.499836417194764],[173.84859924498312,-39.13771634343317],[174.5877210411286,-38.79973760792234],[174.75461951122594,-38.01916767114733],[174.7188555533479,-37.375398651126716],[174.28968805881186,-36.71553540560558],[174.32545201668984,-36.5384989250999],[173.83667792569048,-36.120049062086494],[173.0379495330817,-35.23486665955814],[172.63262467713093,-34.53476785028572],[173.00218557520367,-34.45429672278314],[173.5505662626664,-35.00150038980067],[174.33737333598253,-35.259007997808915],[174.62348499900656,-36.15223751308753]]]]}},{"type":"Feature","properties":{"name":"Oman","Alpha-2":"OM","Alpha-3":"OMN","id":171},"geometry":{"type":"MultiPolygon","coordinates":[[[[53.09755612954501,16.652916354104015],[52.77568050864298,17.344968050626186],[51.988873435326866,19.002673277179277],[55.004967216371966,20.000515258211244],[55.68448241605407,22.004246333025428],[55.20762964434732,22.712392255048123],[55.25531492151799,23.114747892561006],[55.54142658454202,23.52515064282415],[55.54142658454202,23.935553393087297],[55.99443671766343,24.128684099093483],[55.803695608980746,24.273532128598127],[55.89906616332209,24.925348261369003],[56.39976157361417,24.925348261369003],[56.840850387442885,24.241343677597094],[57.401152394198306,23.871176491085244],[58.140274190343746,23.74242268708111],[58.7244188356845,23.565386206575447],[59.177428968805884,22.994041201307134],[59.451619312537275,22.664109578546565],[59.797337572024645,22.535355774542445],[59.797337572024645,22.310036617535225],[59.43969799324461,21.714550274016155],[59.284720842439896,21.44094844050739],[58.86747466719652,21.111016817746822],[58.497913769123784,20.43505934672516],[58.0449036360024,20.48334202322672],[57.81839856944168,20.249975753469236],[57.663421418637,19.74300765020299],[57.78263461156368,19.075097291931606],[57.687264057222336,18.938296375177224],[57.234253924100955,18.938296375177224],[56.59050268229686,18.57617630141562],[56.51897476654085,18.0853024236499],[56.29246969998013,17.87607749214319],[55.6725610967614,17.892171717643713],[55.27915756010333,17.63466410963546],[55.291078879396,17.224261359372314],[54.790383469103915,16.942612413113288],[54.24200278164119,17.03917776611639],[53.56248758195909,16.701199030605558],[53.09755612954501,16.652916354104015]]],[[[56.28054838068746,25.713965310894274],[56.07788595271211,26.05194404640509],[56.37591893502881,26.397969894666183],[56.48321080866285,26.301404541663082],[56.39976157361417,25.891001791399937],[56.28054838068746,25.713965310894274]]]]}},{"type":"Feature","properties":{"name":"Pakistan","Alpha-2":"PK","Alpha-3":"PAK","id":172},"geometry":{"type":"Polygon","coordinates":[[[75.15199682098154,37.124771190759795],[75.90303993641965,36.666085763995106],[76.18915159944368,35.89356293997036],[77.82237234253927,35.491207302457475],[76.88058811841847,34.65430757643066],[75.75998410490763,34.50141243417577],[74.23405523544608,34.75087292943375],[73.74528114444666,34.32437595367009],[74.11484204251937,33.439193551141734],[74.43671766342143,32.771283192870335],[75.24736737532288,32.28040931510461],[74.40095370554343,31.701017197086053],[74.4128750248361,30.976777049562862],[73.4353268428373,29.978935068530895],[72.81541823961854,28.964998861998417],[71.77826346115637,27.902779978964382],[70.60997417047489,27.98325110646696],[69.52513411484205,26.94517356168371],[70.16888535664614,26.48648813491902],[70.28809854957282,25.72201242364452],[70.82455791774291,25.21504432037829],[71.02722034571826,24.345956143350442],[68.83369759586728,24.354003256100704],[68.17802503477051,23.686092897829305],[67.43890323862507,23.94360050583756],[67.15279157560104,24.667840653360763],[66.3779058215776,25.416222139134725],[64.51818001192132,25.2311385458788],[62.90880190741109,25.21504432037829],[61.502086230876216,25.078243403623908],[61.88356844824162,26.245074752411277],[63.31412676336183,26.74399574292726],[63.23067752831315,27.21072828244221],[62.753824756606406,27.379717650197627],[62.74190343731374,28.256852939975722],[61.77627657460761,28.691397028489654],[61.37095171865687,29.302977597509233],[60.882177627657484,29.83408703902625],[62.55116232863105,29.327118935760005],[63.54063182992252,29.463919852514387],[64.13669779455594,29.35126027401079],[64.35128154182397,29.56853231826775],[65.03079674150607,29.48001407801491],[66.3421418636996,29.898463941028318],[66.38982714087027,30.74341077980538],[66.93820782833302,31.29866155957317],[67.68925094377113,31.29866155957317],[67.79654281740514,31.588357618582442],[68.55950725213592,31.717111422586576],[68.92906815020862,31.620546069583476],[69.32247168686669,31.910242128592763],[69.26286509040335,32.505728472111834],[69.6920325849394,33.101214815630904],[70.32386250745083,33.35872242363916],[69.93045897079278,34.018585669160295],[70.88416451420625,33.99444433090952],[71.14643353864494,34.348517291920864],[71.1225909000596,34.73477870393324],[71.61136499105902,35.14518145419638],[71.50407311742501,35.64410244471237],[71.25372541227898,36.070599420476036],[71.82594873832704,36.50514350898995],[72.92271011325255,36.71436844049665],[74.05523544605603,36.83507513175052],[74.56785217564078,37.020158725006446],[75.15199682098154,37.124771190759795]]]}},{"type":"Feature","properties":{"name":"Panama","Alpha-2":"PA","Alpha-3":"PAN","id":173},"geometry":{"type":"Polygon","coordinates":[[[-77.88197893900258,7.221700210801892],[-78.2157758791973,7.503349157060917],[-78.41843830717265,8.04250571132819],[-78.18001192131929,8.316107544836953],[-78.43035962646532,8.388531559589275],[-78.62110073514802,8.718463182349844],[-79.12179614544009,8.992065015858607],[-79.55096363997615,8.935735226606802],[-79.76554738724418,8.581662265595462],[-80.1708722431949,8.33220177033747],[-80.38545599046294,8.291966206586181],[-80.48082654480429,8.082741275079478],[-80.00397377309756,7.55163183356246],[-80.26624279753625,7.414830916808079],[-80.42121994834095,7.269982887303442],[-80.88615140075501,7.221700210801892],[-81.05304987085238,7.809139441570714],[-81.18418438307172,7.640150073815299],[-81.52990264255911,7.704526975817359],[-81.73256507053446,8.098835500579995],[-82.13788992648519,8.17125951533231],[-82.38823763163123,8.28391909383592],[-82.82932644545996,8.28391909383592],[-82.85316908404529,8.066647049578961],[-82.97238227697198,8.227589304584114],[-82.90085436121598,8.420720010590308],[-82.84124776475262,8.629944942097005],[-82.86509040333796,8.806981422602682],[-82.73395589111861,8.92768811385654],[-82.91277568050864,9.080583256111446],[-82.93661831909398,9.474891780874067],[-82.54321478243592,9.571457133877168],[-82.18557520365587,9.209337060115566],[-82.20941784224121,8.992065015858607],[-81.80409298629048,8.943782339357064],[-81.70872243194913,9.02425346685964],[-81.43453208821776,8.78284008435191],[-80.94575799721835,8.855264099104225],[-80.52851182197496,9.120818819862727],[-79.92052453804887,9.313949525868914],[-79.5748062785615,9.61973981037871],[-79.01450427180608,9.563410021126906],[-79.05026822968408,9.458797555373557],[-78.48996622292867,9.426609104372524],[-78.04887740909993,9.249572623866861],[-77.73892310749056,8.943782339357064],[-77.36936220941784,8.6701805058483],[-77.48857540234452,8.517285363593395],[-77.25014901649115,7.929846132824579],[-77.44089012517385,7.632102961065044],[-77.75084442678323,7.704526975817359],[-77.88197893900258,7.221700210801892]]]}},{"type":"Feature","properties":{"name":"Pitcairn","Alpha-2":"PN","Alpha-3":"PCN","id":174},"geometry":{"type":"Polygon","coordinates":[[[-130.13312139876814,-25.006986353980505],[-130.0377508444268,-25.02308057948102],[-130.00198688654876,-25.07136325598257],[-130.0377508444268,-25.135740157984632],[-130.14504271806078,-25.14378727073489],[-130.19272799523148,-25.07136325598257],[-130.13312139876814,-25.006986353980505]]]}},{"type":"Feature","properties":{"name":"Peru","Alpha-2":"PE","Alpha-3":"PER","id":175},"geometry":{"type":"Polygon","coordinates":[[[-69.58474071130539,-17.587548398242838],[-69.85893105503675,-18.086469388758815],[-70.38346910391417,-18.34397699676707],[-71.37293860520563,-17.772631991498763],[-71.44446652096165,-17.370276353985872],[-73.43532684283727,-16.356340147453395],[-75.2354460560302,-15.269979926168595],[-76.01033181005364,-14.650352244398746],[-76.42757798529703,-13.821499631122194],[-76.24875819590702,-13.539850684863175],[-77.13093582356447,-12.228171306571156],[-78.08464136697793,-10.377335374011864],[-79.03834691039141,-8.397745637448452],[-79.44367176634213,-7.922965985183247],[-79.76554738724418,-7.198725837660042],[-80.54043314126763,-6.546909704889167],[-81.25571229882773,-6.144554067376276],[-80.93383667792568,-5.693915753361836],[-81.41068944963241,-4.736309336081163],[-81.10073514802305,-4.036210526808738],[-80.29008543612159,-3.4085357322886267],[-80.18279356248757,-3.826985595302034],[-80.46890522551162,-4.060351865059509],[-80.43314126763362,-4.430519051571366],[-80.02781641168289,-4.342000811318535],[-79.62249155573217,-4.454660389822138],[-79.1933240611961,-4.961628493088384],[-78.63302205444069,-4.551225742825231],[-78.44228094575799,-3.8752682718035842],[-77.82237234253924,-2.9981329820254814],[-76.64216173256507,-2.603824457262853],[-75.54540035763958,-1.5657469124795966],[-75.2354460560302,-0.9139307797087213],[-75.37850188754221,-0.1414079556839738],[-75.1162328631035,-0.06093682818139712],[-74.43671766342142,-0.5276693676963475],[-74.12676336181204,-1.0024490199615528],[-73.6499105901053,-1.2599566279698067],[-73.05384462547188,-2.3141283982535725],[-72.31472282932644,-2.4348350895074375],[-71.76634214186369,-2.169280368748929],[-71.40870256308364,-2.338269736504344],[-70.80071527915756,-2.2658457217520223],[-70.04967216371945,-2.73257826126698],[-70.69342340552355,-3.7465144677994573],[-70.39539042320683,-3.770655806050229],[-69.90661633220742,-4.301765247567246],[-70.78879395986489,-4.253482571065696],[-70.91992847208424,-4.406377713320595],[-71.74249950327835,-4.591461306576527],[-72.89886747466718,-5.267418777598174],[-72.9703953904232,-5.742198429863386],[-73.22074309556923,-6.096271390874726],[-73.12537254122789,-6.627380832391744],[-73.73335982515398,-6.917076891401024],[-73.73335982515398,-7.335526754414424],[-73.98370753030001,-7.520610347670356],[-73.56646135505662,-8.421886975699223],[-73.00615934830121,-9.033467544718818],[-73.22074309556923,-9.45996452048248],[-72.55314921517981,-9.52434142248454],[-72.17166699781443,-10.047403751251295],[-71.30141068944963,-10.071545089502074],[-70.50268229684085,-9.492152971483513],[-70.55036757401152,-11.01305728128223],[-70.10927876018279,-11.12571685978584],[-69.5370554341347,-10.956727492030424],[-68.67872044506258,-12.558102929331724],[-68.89330419233062,-12.912175890343065],[-68.92906815020862,-13.604227586865235],[-68.95291078879396,-14.45722153839256],[-69.35823564474468,-14.948095416158282],[-69.16749453606198,-15.3263097154204],[-69.39399960262269,-15.664288450931224],[-68.9767534273793,-16.50118817695804],[-69.58474071130539,-17.587548398242838]]]}},{"type":"Feature","properties":{"name":"Philippines","Alpha-2":"PH","Alpha-3":"PHL","id":176},"geometry":{"type":"MultiPolygon","coordinates":[[[[126.3779058215776,8.412672897840046],[126.47327637591894,7.744762539568647],[126.54480429167495,7.181464647050603],[126.19908603218755,6.272140906271474],[125.82952513411487,7.294124225554214],[125.3645936817008,6.787156122287975],[125.6983906218955,6.046821749264261],[125.40035763957877,5.5720420969990485],[124.22014702960462,6.167528440518126],[123.94595668587323,6.883721475291068],[124.24398966818995,7.358501127556281],[123.61215974567853,7.817186554320969],[123.30220544406916,7.414830916808079],[122.82535267236244,7.455066480559367],[122.08623087621697,6.899815700791585],[121.93125372541232,7.181464647050603],[122.32465726207033,8.034458598577928],[122.94456586528912,8.316107544836953],[123.49294655275185,8.694321844099072],[123.83866481223924,8.243683530084631],[124.60162924696999,8.509238250843133],[124.78044903636004,8.959876564857574],[125.47188555533478,8.984017903108345],[125.41227895887147,9.764587839883355],[126.22292867077289,9.289808187618142],[126.31829922511429,8.78284008435191],[126.3779058215776,8.412672897840046]]],[[[123.98172064375126,10.279603055899848],[123.62408106497122,9.94967143313928],[123.3141267633618,9.321996638619176],[122.99225114245979,9.016206354109379],[122.372342539241,9.716305163381811],[122.58692628650903,9.981859884140313],[122.83727399165508,10.263508830399338],[122.95648718458176,10.88313651216918],[123.50486787204454,10.95556052692151],[123.33796940194719,10.271555943149586],[124.0890125173853,11.229162360430273],[123.98172064375126,10.279603055899848]]],[[[118.49791376912378,9.321996638619176],[117.17464732763762,8.364390221338496],[117.67534273792967,9.064489030610922],[118.3787005761971,9.684116712380778],[118.9866878601232,10.376168408902949],[119.51122590900059,11.374010389934902],[119.69004569839063,10.561252002158874],[119.03437313729387,10.006001222391085],[118.49791376912378,9.321996638619176]]],[[[121.88356844824165,11.88902560595141],[122.49155573216768,11.591282434191875],[123.12338565467911,11.591282434191875],[123.09954301609378,11.172832571178468],[122.63461156367975,10.746335595414799],[122.00278164116833,10.440545310905001],[121.9670176832903,10.907277850419952],[122.0385455990463,11.42229306643646],[121.88356844824165,11.88902560595141]]],[[[125.50764951321281,12.154580326709912],[125.79376117623684,11.044078767174334],[125.0188754222134,11.317680600683097],[125.04271806079873,10.97970186517228],[125.28114444665209,10.360074183402425],[124.80429167494538,10.126707913644957],[124.7566063977747,10.842900948417899],[124.45857341545798,10.891183624919442],[124.31551758394596,11.494717081188774],[124.87581959070138,11.42229306643646],[124.87581959070138,11.79246025294831],[124.26783230677529,12.556935964222795],[125.22153785018878,12.540841738722285],[125.50764951321281,12.154580326709912]]],[[[121.53785018875425,13.071951180239303],[121.25173852573022,12.202863003211455],[120.83449235048681,12.701783993727439],[120.32187562090206,13.466259705001924],[121.18021060997421,13.434071254000905],[121.53785018875425,13.071951180239303]]],[[[121.32326644148623,18.503752286663307],[121.94317504470496,18.21405622765402],[122.24120802702168,18.471563835662273],[122.33657858136303,18.22210334040428],[122.18160143055832,17.811700590141136],[122.51539837075302,17.07941332986767],[122.24120802702168,16.25860782934138],[121.65706338168093,15.92867620658081],[121.50208623087622,15.12396493155503],[121.72859129743694,14.335347882029772],[122.25312934631432,14.2146411907759],[122.70613947943576,14.343394994780034],[123.95787800516592,13.780097102261983],[123.85058613153188,13.232893435244456],[124.18438307172664,13.007574278237236],[124.0890125173853,12.540841738722285],[123.30220544406916,13.031715616488007],[122.93264454599642,13.546730832504515],[122.67037552155773,13.19265787149316],[122.0385455990463,13.788144215012245],[121.12060401351084,13.643296185507602],[120.61990860321879,13.868615342514822],[120.6914365189748,14.270970980027705],[120.98946950129147,14.52847858803596],[120.70335783826744,14.75379774504318],[120.57222332604812,14.391677671281577],[120.05960659646337,14.971069789300138],[119.92847208424399,15.413660990564317],[119.88078680707332,16.37126740784499],[120.29803298231673,16.03328867233416],[120.38148221736543,17.602475658634425],[120.71527915756013,18.503752286663307],[121.32326644148623,18.503752286663307]]]]}},{"type":"Feature","properties":{"name":"Palau","Alpha-2":"PW","Alpha-3":"PLW","id":177},"geometry":{"type":"Polygon","coordinates":[[[134.6036161335188,7.801092328820452],[134.73475064573813,7.760856765069164],[134.73475064573813,7.390689578557307],[134.4605603020068,7.3021713383044755],[134.26981919332405,6.964192602793645],[134.12676336181204,7.004428166544933],[134.43671766342146,7.334359789305502],[134.38903238625073,7.447019367809112],[134.6036161335188,7.801092328820452]]]}},{"type":"Feature","properties":{"name":"Papua New Guinea","Alpha-2":"PG","Alpha-3":"PNG","id":178},"geometry":{"type":"MultiPolygon","coordinates":[[[[155.88317107093184,-6.8205115383979305],[155.58513808861517,-6.917076891401024],[155.16789191337176,-6.53081547938865],[154.73872441883572,-5.903140684868539],[154.5241406715677,-5.130617860843792],[154.6671965030797,-5.04209962059096],[154.76256705742105,-5.339842792350495],[155.07252135903042,-5.557114836607454],[155.5374528114445,-6.2008838566280815],[156.0262269024439,-6.546909704889167],[155.88317107093184,-6.8205115383979305]]],[[[151.97297834293664,-5.476643709104877],[151.4484402940592,-5.557114836607454],[151.29346314325454,-5.846810895616734],[150.74508245579182,-6.088224278124471],[150.2443870454997,-6.3215905478819465],[149.69600635803698,-6.3215905478819465],[148.8853566461355,-6.023847376122411],[148.30121200079475,-5.742198429863386],[148.3965825551361,-5.436408145353589],[149.29068150208627,-5.5812561748582326],[149.839062189549,-5.500785047355656],[149.9940393403537,-5.0260053950904435],[150.13709517186572,-5.009911169589927],[150.2443870454997,-5.5249263856064275],[150.80468905225513,-5.452502370854106],[151.07887939598652,-5.10647652259302],[151.65110272203458,-4.760450674331935],[151.5318895291079,-4.1649643308128645],[152.1279554937413,-4.148870105312348],[152.33061792171668,-4.317859473067756],[152.30677528313134,-4.86506314008529],[151.97297834293664,-5.476643709104877]]],[[[141.04112855155972,-9.113938672221394],[141.0172859129744,-5.862905121117251],[141.0053645936817,-2.595777344512598],[142.722034571826,-3.279781928284507],[144.59368170077488,-3.8672211590533223],[145.27319690045698,-4.366142149569306],[145.8334989072124,-4.873110252835545],[146.00039737730975,-5.468596596354622],[147.65746075899068,-6.088224278124471],[147.89588714484404,-6.611286606891227],[146.97794555930858,-6.723946185394837],[147.2044506258693,-7.383809430915974],[148.08662825352673,-8.043672676437112],[148.71845817603815,-9.097844446720877],[149.3026028213789,-9.073703108470106],[149.26683886350094,-9.516294309734285],[150.02980329823168,-9.6852836774897],[149.73177031591496,-9.870367270745625],[150.80468905225513,-10.288817133759032],[150.68547585932845,-10.586560305518567],[150.02980329823168,-10.650937207520627],[149.767534273793,-10.39342959951238],[148.90919928472084,-10.272722908258515],[147.91972978342937,-10.127874878753872],[147.14484402940593,-9.492152971483513],[146.56069938406517,-8.936902191715724],[146.04808265448042,-8.067814014687883],[144.7486588515796,-7.633269926173966],[143.90224518180014,-7.90687175968273],[143.28233657858135,-8.252897607943815],[143.42539241009342,-8.977137755467012],[142.63858533677728,-9.315116490977836],[142.06636201072922,-9.154174235972683],[141.04112855155972,-9.113938672221394]]],[[[153.1531889529108,-4.502943066323688],[152.83131333200873,-4.768497787082197],[152.64057222332605,-4.173011443563119],[152.4021458374727,-3.7947971443010005],[151.9372143850586,-3.464865521540432],[151.3769123783032,-3.030321433026515],[150.6616332207431,-2.7486724867674894],[150.9239022451818,-2.4992119915095046],[151.48420425193723,-2.772813825018268],[151.81800119213193,-2.9981329820254814],[152.24716868666803,-3.2314992517829566],[152.64057222332605,-3.6660433402968806],[153.03397575998412,-3.9798807375569325],[153.1531889529108,-4.502943066323688]]]]}},{"type":"Feature","properties":{"name":"Poland","Alpha-2":"PL","Alpha-3":"POL","id":179},"geometry":{"type":"Polygon","coordinates":[[[15.008940989469522,51.102606037957564],[14.603616133518784,51.75442217072844],[14.68706536856746,52.09240090623927],[14.436717663421433,52.631557460506535],[14.090999403934035,52.985630421517875],[14.353268428372758,53.25118514227639],[14.126763361812039,53.75815324554262],[14.806278561494139,54.03980219180165],[16.356050069541027,54.5065347313166],[17.619709914563884,54.86060769232794],[18.60917941585535,54.691618324572524],[18.704549970196723,54.434110716564284],[19.658255513610186,54.42606360381402],[20.898072720047708,54.30535691256015],[22.733955891118626,54.321451138060674],[23.234651301410707,54.22488578505757],[23.484999006556734,53.91104838779753],[23.544605603020074,53.4765042992836],[23.806874627458768,53.09024288727122],[23.806874627458768,52.6959343625086],[23.198887343532704,52.48670943100189],[23.50884164514207,52.01997689148694],[23.544605603020074,51.569338577472514],[24.02145837472682,50.70829751319493],[23.938009139678144,50.4266485669359],[23.425392410093394,50.31398898843229],[22.519372143850603,49.48513637515574],[22.76971984899663,49.03449806114131],[22.567057421021275,49.08278073764286],[21.589509239022448,49.47708926240549],[20.874230081462372,49.33224123290085],[20.421219948340962,49.4368536986542],[19.825153983707537,49.21958165439724],[19.324458573415455,49.57365461540858],[18.919133717464746,49.44490081140446],[18.84760580170874,49.501230600656264],[18.38267434929466,49.984057365671724],[17.64355255314922,50.05648138042405],[17.560103318100545,50.3703187776841],[16.85674547983311,50.474931243437446],[16.72561096761376,50.217423635429206],[16.177230280151008,50.4266485669359],[16.22491555732168,50.700250400444666],[15.48579376117624,50.788768640697505],[15.008940989469522,51.102606037957564]]]}},{"type":"Feature","properties":{"name":"Puerto Rico","Alpha-2":"PR","Alpha-3":"PRI","id":180},"geometry":{"type":"Polygon","coordinates":[[[-66.29445658652891,18.511799399413555],[-65.76991853765149,18.423281159160716],[-65.59109874826147,18.22210334040428],[-65.86528909199284,17.97264284514629],[-66.60441088813828,17.97264284514629],[-67.18855553347903,17.948501506895518],[-67.24816212994237,18.374998482659173],[-67.11702761772302,18.519846512163816],[-66.29445658652891,18.511799399413555]]]}},{"type":"Feature","properties":{"name":"North Korea","Alpha-2":"KP","Alpha-3":"PRK","id":181},"geometry":{"type":"Polygon","coordinates":[[[130.6338168090602,42.395630042178645],[130.77687264057226,42.21859356167297],[130.39539042320683,42.282970463675035],[129.9662229286708,41.93694461541396],[129.65626862706142,41.607012992653374],[129.6920325849394,40.890819957880446],[129.17941585535465,40.665500800873225],[129.0125173852573,40.48846432036755],[128.61911384859928,40.19072114860801],[127.96344128750252,40.02977889360286],[127.53427379296642,39.764224172844344],[127.48658851579575,39.32968008433043],[127.36737532286907,39.21702050582682],[127.78462149811247,39.064125363571925],[128.3449235048679,38.613487049557484],[128.20186767335588,38.36402655429949],[127.77270017881978,38.29964965229744],[127.0574210212597,38.243319863045635],[126.69978144247966,37.792681549031194],[126.23484999006558,37.83291711278249],[126.18716471289491,37.74439887252965],[125.6983906218955,37.929482465785576],[125.57917742896882,37.7524459852799],[125.28114444665209,37.67197485777732],[125.23345916948142,37.849011338283],[124.98311146433542,37.945576691286085],[124.72084243989667,38.09847183354099],[124.98311146433542,38.54911014755543],[125.22153785018878,38.66981683880929],[125.15000993443277,38.84685331931497],[125.40035763957877,39.394056986332494],[125.32882972382276,39.56304635408791],[124.74468507848201,39.659611707090995],[124.26783230677529,39.92516642784951],[125.07848201867677,40.568935447870125],[126.18716471289491,41.11613911488765],[126.86667991257701,41.816237924160085],[127.33161136499109,41.502400526900026],[128.20186767335588,41.47021207589899],[128.04689052255117,42.00132151741601],[129.58474071130541,42.41977138042942],[129.99006556725612,42.98306927294747],[130.6338168090602,42.395630042178645]]]}},{"type":"Feature","properties":{"name":"Portugal","Alpha-2":"PT","Alpha-3":"PRT","id":182},"geometry":{"type":"Polygon","coordinates":[[[-9.012517385257297,41.88061482616215],[-8.666799125769899,42.13007532142013],[-8.261474269819189,42.282970463675035],[-7.9992052453804945,41.79209658590931],[-7.4031392807470695,41.79209658590931],[-7.248162129942386,41.92085038991343],[-6.687860123186965,41.88061482616215],[-6.3898271408702385,41.389740948396415],[-6.866679912576984,41.11613911488765],[-6.866679912576984,40.327522065362395],[-7.033578382674335,40.19072114860801],[-7.069342340552339,39.7159414963428],[-7.486588515795745,39.62742325608996],[-7.093184979137675,39.03193691257089],[-7.367375322869066,38.36402655429949],[-7.033578382674335,38.06628338253996],[-7.1527915756010145,37.792681549031194],[-7.522352473673749,37.42251436251933],[-7.450824557917741,37.10062985250902],[-7.856149413868451,36.83507513175052],[-8.3687661434532,36.979923161255165],[-8.893304192330618,36.867263582751555],[-8.738327041525935,37.6397864067763],[-8.845618915159946,38.25136697579588],[-9.274786409695992,38.34793232879898],[-9.513212795549379,38.73419374081136],[-9.45360619908601,39.394056986332494],[-9.024438704549965,39.756177060094096],[-8.964832108086625,40.16657981035724],[-8.76216968011127,40.77011326662657],[-8.774090999403938,41.18051601688972],[-8.976753427379293,41.55068320340158],[-9.012517385257297,41.88061482616215]]]}},{"type":"Feature","properties":{"name":"Paraguay","Alpha-2":"PY","Alpha-3":"PRY","id":183},"geometry":{"type":"Polygon","coordinates":[[[-62.682296840850384,-22.25487379339235],[-62.300814623484996,-21.047806880853678],[-62.27697198489966,-20.516697439336667],[-61.78819789390025,-19.63956214955857],[-60.04768527717067,-19.333771865048774],[-59.11782237234253,-19.34986609054929],[-58.176038148221735,-19.872928419316047],[-58.16411682892907,-20.178718703825837],[-57.87800516590502,-20.72592237084337],[-57.93761176236836,-22.09393153838719],[-56.88853566461354,-22.287062244393375],[-56.47128948937015,-22.09393153838719],[-55.80369560898072,-22.367533371895952],[-55.63679713888337,-22.657229430905232],[-55.529505265249355,-23.574600284434624],[-55.42221339161533,-23.95281458369674],[-55.04073117424994,-23.993050147448027],[-54.67117027617722,-23.83210789244287],[-54.289688058811834,-24.0171914856988],[-54.289688058811834,-24.572442265466588],[-54.43274389032386,-25.159881496235403],[-54.647327637591886,-25.747320727004222],[-54.790383469103915,-26.62445601678232],[-55.708325054639374,-27.380884615306552],[-56.48321080866282,-27.549873983061964],[-57.59189350288098,-27.388931728056807],[-58.61712696205046,-27.123377007298302],[-57.63957878005165,-25.602472697499582],[-57.77071329227101,-25.159881496235403],[-58.79594675144048,-24.781667196973288],[-60.023842638585336,-24.033285711199316],[-60.84641366977945,-23.880390568944417],[-62.682296840850384,-22.25487379339235]]]}},{"type":"Feature","properties":{"name":"West Bank","Alpha-2":"PS","Alpha-3":"PSE","id":184},"geometry":{"type":"Polygon","coordinates":[[[35.549374130737135,32.39306889360822],[35.549374130737135,31.78148832458863],[35.40631829922512,31.491792265579356],[34.9294655275184,31.354991348824974],[34.977150804689074,31.620546069583476],[35.2274985098351,31.757346986337858],[34.98907212398174,31.870006564841468],[35.203655871249765,32.529869810362605],[35.549374130737135,32.39306889360822]]]}},{"type":"Feature","properties":{"name":"French Polynesia","Alpha-2":"PF","Alpha-3":"PYF","id":185},"geometry":{"type":"Polygon","coordinates":[[[-149.48142261076893,-17.185192760729947],[-149.37413073713492,-17.354182128485363],[-149.1833896284522,-17.627783961994126],[-148.9211206040135,-17.716302202246958],[-149.12378303198886,-18.07842227600856],[-149.43373733359826,-17.877244457252118],[-149.87482614742697,-17.869197344501856],[-150.1370951718657,-17.354182128485363],[-149.48142261076893,-17.185192760729947]]]}},{"type":"Feature","properties":{"name":"Qatar","Alpha-2":"QA","Alpha-3":"QAT","id":186},"geometry":{"type":"Polygon","coordinates":[[[50.808662825352684,24.756358893613587],[50.72521359030401,25.48059904113679],[51.01132525332804,26.003661369903547],[51.28551559705943,26.108273835656895],[51.57162726008346,25.8024835511471],[51.607391217961464,25.21504432037829],[51.38088615140077,24.627605089609467],[51.094774488376714,24.5632281876074],[50.808662825352684,24.756358893613587]]]}},{"type":"Feature","properties":{"name":"Reunion","Alpha-2":"RE","Alpha-3":"REU","id":187},"geometry":{"type":"Polygon","coordinates":[[[55.362606795152004,-20.685686807092083],[55.756010331810074,-20.782252160095176],[55.94675144049276,-21.047806880853678],[55.99443671766343,-21.466256743867085],[55.31492151798133,-21.54672787136966],[55.076495132127974,-21.023665542602906],[55.362606795152004,-20.685686807092083]]]}},{"type":"Feature","properties":{"name":"Romania","Alpha-2":"RO","Alpha-3":"ROU","id":188},"geometry":{"type":"Polygon","coordinates":[[[22.722034571825958,47.883760937854454],[23.139280747069364,48.10103298211141],[23.759189350288096,47.98032629085754],[24.41486191138486,47.98032629085754],[24.86787204450627,47.73891290834981],[25.21359030399364,47.899855163354964],[25.95271210013908,47.98032629085754],[26.203059805285136,48.22173967336527],[26.620305980528514,48.22173967336527],[26.942181601430576,48.125174320362184],[27.240214583747274,47.82743114860265],[27.562090204649337,47.39288706008872],[28.134313530697398,46.80544782931991],[28.1700774885754,46.37090374080598],[28.06278561494139,45.944406765042324],[28.22968408503874,45.485721338277635],[28.670772898867483,45.300637745021696],[29.13570435128156,45.46158000002686],[29.60063580369561,45.284543519521186],[29.612557122988278,45.02703591151293],[29.13570435128156,44.817810980006236],[28.825750049672166,44.906329220259074],[28.551559705940804,43.70730942047066],[27.979336379892715,43.811921886224006],[27.240214583747274,44.17404195998561],[26.07192529306579,43.94067569022814],[25.571229882773707,43.683168082219886],[24.104907609775495,43.73949787147169],[23.34194317504472,43.89239301372658],[22.94853963838665,43.82801611172453],[22.65050665606995,44.238418861987675],[22.47168686667993,44.40740822974309],[22.71011325253329,44.568350484748244],[22.459765547387263,44.705151401502626],[22.14981124577787,44.479832244495405],[21.553745281144444,44.76952830350469],[21.47029604609577,45.17993105376784],[20.862308762169675,45.42134443627557],[20.755016888535664,45.73518183353563],[20.218557520365607,46.121443245548],[21.017285912974387,46.31457395155419],[21.613351877607812,46.990531422575835],[22.102125968607197,47.67453600634774],[22.722034571825958,47.883760937854454]]]}},{"type":"Feature","properties":{"name":"Russia","Alpha-2":"RU","Alpha-3":"RUS","id":189},"geometry":{"type":"MultiPolygon","coordinates":[[[[143.65189747665409,50.748533076946224],[144.6652096165309,48.98621538463977],[143.17504470494737,49.30809989465008],[142.56705742102127,47.85961959960367],[143.5326842837274,46.82958916757068],[143.50884164514207,46.12949035829825],[142.74587721041132,46.74107092731784],[142.09020464931456,45.96050099054283],[141.9113848599245,46.80544782931991],[142.0305980528512,47.77914847210109],[141.89946354063187,48.857461580635636],[142.13788992648523,49.613890179159874],[142.1855752036559,50.94971089570266],[141.5775879197298,51.939505763984364],[141.67295847407115,53.307514931528196],[142.6028213788993,53.766200358292885],[142.20941784224124,54.22488578505757],[142.66242797536262,54.36973381456222],[142.91277568050867,53.70182345629082],[143.2704152592887,52.744217039010145],[143.23465130141068,51.7624692834787],[143.65189747665409,50.748533076946224]]],[[[22.733955891118626,54.321451138060674],[20.898072720047708,54.30535691256015],[19.658255513610186,54.42606360381402],[19.884760580170877,54.8686548050782],[21.243790979535078,55.19053931508851],[22.328631035167888,55.02154994733309],[22.75779852970396,54.86060769232794],[22.638585336777282,54.57895874606891],[22.733955891118626,54.321451138060674]]],[[[-175.0168885356646,66.59329808220377],[-174.3373733359825,66.33579047419553],[-174.58772104112856,67.068077734469],[-171.84581760381482,66.91518259221408],[-169.8907212398172,65.97367040043395],[-170.89211206040136,65.53912631192],[-172.52533280349692,65.43451384616665],[-172.54917544208226,64.46081320338547],[-172.95450029803297,64.25963538462904],[-173.8962845221538,64.2837767228798],[-174.65924895688457,64.62980257114089],[-175.99443671766343,64.91949863015017],[-176.22094178422412,65.35404271866409],[-177.22233260480826,65.51498497366924],[-178.36677925690444,65.38623116966511],[-178.90323862507452,65.7322570179262],[-178.6767335585138,66.11047131718831],[-179.88078680707332,65.86905793468057],[-179.4277766739519,65.40232539516563],[-180,64.97582841940198],[-180,68.96719634352982],[-177.54420822571032,68.19467351950507],[-174.93343930061593,67.20487865122337],[-175.0168885356646,66.59329808220377]]],[[[180,70.83412650158962],[178.90323862507455,70.77779671233782],[178.73634015497714,71.10772833509839],[180,71.52617819811181],[180,70.83412650158962]]],[[[-178.6767335585138,70.90655051634195],[-180,70.83412650158962],[-180,71.52617819811181],[-179.86886548778065,71.56641376186309],[-179.0224518180012,71.56641376186309],[-177.57997218358832,71.2767177028538],[-177.65150009934433,71.13991678609943],[-178.6767335585138,70.90655051634195]]],[[[143.6042121994834,73.20802476291567],[142.07828333002186,73.19997765016541],[140.03973773097556,73.32068434141928],[139.8728392608782,73.37701413067109],[140.814623484999,73.77132265543372],[142.06636201072922,73.85984089568655],[143.4730776872641,73.47357948367417],[143.6042121994834,73.20802476291567]]],[[[150.73316113649912,75.08300203372573],[149.5648718458176,74.6886935089631],[147.96741506060005,74.77721174921592],[146.11961057023643,75.17152027397856],[146.34611563679715,75.48535767123863],[148.24160540433144,75.34050964173397],[150.73316113649912,75.08300203372573]]],[[[145.0824557917743,75.5658287987412],[144.2956487184582,74.81744731296723],[140.62388237631632,74.84158865121799],[138.95489767534275,74.61626949421077],[136.97595867275982,75.26003851423141],[137.5124180409299,75.9440430980033],[138.82376316312337,76.12912669125924],[141.45837472680313,76.0969382402582],[145.0824557917743,75.5658287987412]]],[[[57.53228690641765,70.71341981033575],[56.93622094178423,70.63294868283319],[53.6697794555931,70.76170248683732],[53.419431750447046,71.21234080085173],[51.58354857937613,71.47789552161026],[51.45241406715678,72.02509918862779],[52.46572620703358,72.23432412013449],[52.44188356844825,72.77348067440175],[54.43274389032388,73.62647462592906],[53.50288098549575,73.7552284299332],[55.91098748261476,74.6323637197113],[55.64871845817606,75.08300203372573],[57.87800516590505,75.61411147524274],[61.168289290681514,76.24983338251312],[64.49433737333598,76.43491697576903],[66.21100735148025,76.8050841622809],[68.16610371547785,76.94188507903527],[68.85754023445261,76.54757655427264],[68.17802503477051,76.2337391570126],[64.62547188555536,75.74286527924687],[61.57361414663225,75.26003851423141],[58.47407113053845,74.31047920970099],[56.97198489966223,73.3367785669198],[55.43413471090801,72.37112503688886],[55.63679713888337,71.55031953636257],[57.53228690641765,70.71341981033575]]],[[[130.6338168090602,42.395630042178645],[130.6338168090602,42.89455103269463],[131.15835485793764,42.93478659644591],[131.28948937015696,44.109665057983555],[131.03914166501096,44.97070612226113],[131.89747665408305,45.31673197052222],[133.1015299026426,45.13969549001654],[133.7810451023247,46.121443245548],[134.1148420425194,47.20780346683279],[134.48440294059213,47.57797065334466],[135.02086230876216,48.47120016862326],[133.37572024637393,48.18150410961399],[132.52930657659448,47.787195584851354],[130.9914563878403,47.787195584851354],[130.57421021259688,48.728707776631516],[129.39399960262273,49.44490081140446],[127.6534869858931,49.758738208664504],[127.27200476852772,50.74048596419596],[126.95012914762566,51.352066533215556],[126.56864693026029,51.77856350897921],[125.94873832704155,52.79249971551169],[125.06656069938407,53.16266690202355],[123.57639578780055,53.46041007378309],[122.24120802702168,53.436268735532316],[121.00139082058416,53.25118514227639],[120.17881978939005,52.75226415176041],[120.72720047685277,52.518897882002925],[120.73912179614547,51.963647102235136],[120.17881978939005,51.64176259222483],[119.28472084243992,50.587590821941056],[119.29664216173256,50.15304673342714],[117.87800516590505,49.509277713406526],[116.6858732366382,49.895539125418885],[115.48181998807871,49.80702088516606],[114.95728193920127,50.14499962067688],[114.36121597456787,50.24961208643024],[112.91873634015496,49.541466164407545],[111.58354857937616,49.38052390940239],[110.67752831313334,49.1310634141444],[109.40194714881784,49.29200566914955],[108.47208424398968,49.29200566914955],[107.86409696006359,49.79092665966554],[106.87462745877212,50.28180053743126],[105.87323663818796,50.41055434143539],[104.63341943175044,50.28180053743126],[103.679713888337,50.096716944175334],[102.26107689250944,50.51516680718874],[102.07033578382675,51.27159540571298],[100.8901251738526,51.52105590097096],[99.97218358831714,51.63371547947457],[98.86350089409893,52.04411822973771],[97.8263461156368,51.014087797704725],[98.2435922908802,50.4266485669359],[97.25412278958873,49.73459687041373],[95.82356447446853,49.967963140171214],[94.82217365388436,50.01624581667276],[94.13073713490962,50.48297835618771],[93.09358235644748,50.50711969443848],[92.23524736737534,50.81290997894828],[90.72123981720642,50.346177439433326],[88.8138287303795,49.47708926240549],[87.76475263262466,49.300052781899815],[87.37134909596665,49.21958165439724],[86.82296840850387,49.82311511066657],[85.52354460560304,49.69436130666245],[85.10629843035963,50.12890539517637],[84.41486191138489,50.31398898843229],[83.93800913967812,50.885333993700606],[83.38962845221539,51.07041758695653],[81.95907013709518,50.82095709169854],[80.564275779853,51.384254984216575],[80.02781641168292,50.86119265544982],[77.79852970395393,53.40408028453128],[76.53486985893107,54.17660310855603],[76.89250943771111,54.48239339306583],[74.3771110669581,53.548928314035926],[73.41148420425196,53.49259852478412],[73.5068547585933,54.02370796630114],[72.21935227498511,54.37778092731248],[71.17027617723028,54.12832043205449],[70.86032187562091,55.166397976837736],[69.060202662428,55.383670021094694],[68.17802503477051,54.96522015808129],[65.67454798331016,54.59505297156944],[65.16193125372541,54.345592476311445],[61.43055831512021,54.007613740800615],[60.96562686270616,53.661587892539536],[61.7047486588516,52.985630421517875],[60.73912179614544,52.720075700759374],[60.929862904828155,52.44647386725061],[59.964236042121996,51.963647102235136],[61.58553546592492,51.27964251846323],[61.335187760778865,50.79681575344777],[59.92847208424399,50.85314554269957],[59.65428174051263,50.55540237094004],[58.36677925690444,51.07041758695653],[56.76932247168688,51.04627624870576],[55.72024637393207,50.62782638569235],[54.52811444466522,51.030182023205235],[52.32267037552157,51.714186606977144],[50.76097754818201,51.69004526872637],[48.71051062984304,50.61173216019183],[48.579376117623696,49.879444899918376],[47.554142658454225,50.458837017936936],[46.75541426584542,49.35638257115162],[47.05344724816214,49.15520475239517],[46.46930260282139,48.390729041120686],[47.31571627260084,47.70672445734878],[48.066759388038946,47.74696002110007],[48.698589310550375,47.06295543732815],[48.60321875620903,46.564034446812165],[49.10391416650111,46.395045079056764],[48.6509040333797,45.80760584828794],[47.68527717067357,45.64666359328279],[46.68388635008941,44.60053893574928],[47.6018279356249,43.659026743969115],[47.50645738128355,42.98306927294747],[48.579376117623696,41.80819081140982],[47.99523147228294,41.40583517389694],[47.82833300218559,41.15637467863895],[47.37532286906418,41.22879869339126],[46.68388635008941,41.832332149660594],[46.421617325650715,41.86452060066163],[45.789787403139286,42.08983975766885],[45.46791178223725,42.508289620682255],[44.538048877409096,42.70946743943869],[43.93006159348303,42.54852518443354],[43.76316312338565,42.74165589043972],[42.39221140472881,43.216435542704936],[40.9258891317306,43.39347202321061],[40.07947546195112,43.562461390966014],[39.94834094973177,43.433707586961894],[38.68468110470894,44.27865442573896],[37.55215577190543,44.65686872500108],[36.66997814424798,45.22821373026938],[37.40909994039342,45.413297323525306],[38.23167097158753,46.24214993680186],[37.67136896483211,46.636458461564494],[39.16153387641566,47.03881409907738],[39.11384859924499,47.256086143334336],[38.219749652294865,47.103191001079445],[38.2435922908802,47.53773508959336],[38.78005165905029,47.82743114860265],[39.73375720246375,47.907902276105226],[39.9006556725611,48.22978678611553],[39.67415060600041,48.77699045313306],[40.07947546195112,49.30809989465008],[40.06755414265845,49.60584306640961],[38.58931055036757,49.92772757641992],[38.00516590502684,49.91968046366967],[37.39717862110075,50.39446011593487],[36.622292867077306,50.233517860929716],[35.35863302205445,50.57954370919081],[35.370554341347116,50.772674415196995],[35.036757401152414,51.20721850371091],[34.226107689250966,51.255501180212455],[34.1665010927876,51.56129146472225],[34.404927478640985,51.77051639622895],[33.76117623683689,52.333814288747],[32.700178819789386,52.2372489357439],[32.414067156765356,52.28553161224546],[32.16371945161933,52.060212455238236],[31.782237234253927,52.10044801898952],[31.543810848400568,52.744217039010145],[31.29346314325454,53.074148661770714],[31.48420425193723,53.170714014773814],[32.294853963838676,53.13852556377278],[32.68825750049672,53.34775049527948],[32.40214583747269,53.62135232878824],[31.734551957083255,53.790341696543656],[31.794158553546595,53.97542528979958],[31.376912378303217,54.15246177030526],[30.74508245579179,54.812325015826396],[30.97158752235248,55.08592684933516],[30.864295648718468,55.55265938885011],[29.874826147427,55.79407277135784],[29.36220941784225,55.66531896735372],[29.219153586330236,55.922826575361974],[28.18199880786807,56.164239957869704],[27.860123186966035,56.751679188638526],[27.788595271210028,57.24255306640425],[27.287899860917946,57.475919336161716],[27.728988674746688,57.79780384617204],[27.43095569242996,58.723221812451676],[28.134313530697398,59.3106610432205],[27.991257699185383,59.4796504109759],[29.099940393403557,60.03490119074369],[28.074706934234058,60.5096808430089],[30.208623087621703,61.789171770299895],[31.13848599244983,62.35246966281793],[31.496125571229896,62.867484878834425],[30.029803298231684,63.55148946260635],[30.435128154182394,64.20330559537723],[29.54102920723227,64.95168708115119],[30.208623087621703,65.80468103267853],[29.052255116232885,66.93932393046487],[29.970196701768344,67.69575252898909],[28.444267832306792,68.35561577451023],[28.587323663818808,69.07985592203343],[29.386052056427587,69.16032704953602],[31.09080071527916,69.56268268704889],[32.11603417444866,69.90870853530998],[33.79694019471489,69.30517507904065],[36.50307967415063,69.07180880928317],[40.29405920921917,67.92911879874657],[41.05702364394995,67.45433914648137],[41.116630240413286,66.79447590096024],[40.01986886548778,66.27141357219347],[38.37472680309955,65.98976462593444],[33.93999602622691,66.76228744995919],[33.20087423008147,66.63353364595508],[34.82217365388436,65.89319927293135],[34.8817802503477,65.43451384616665],[34.95330816610374,64.42057763963419],[36.228889330419236,64.11478735512438],[37.00377508444268,63.84923263436588],[37.12298827736936,64.3401065121316],[36.5507649513213,64.76660348789525],[37.18259487383273,65.13677067440713],[39.590701370951734,64.51714299263728],[40.437115040731186,64.76660348789525],[39.76952116034175,65.49889074816872],[42.094178422412085,66.4725913909499],[43.012120007947544,66.41626160169812],[43.9419829127757,66.06218864068677],[44.538048877409096,66.76228744995919],[43.70355652692231,67.34972668072803],[44.192330617921726,67.9452130242471],[43.44128750248362,68.56484070601695],[46.26664017484603,68.23490908325635],[46.82694218160145,67.68770541623883],[45.55136101728593,67.55895161223472],[45.563282336578595,67.00370083246693],[46.35008940989471,66.6657220969561],[47.899860917941595,66.88299414121306],[48.15020862308762,67.52676316123367],[50.22451818001193,67.99349570074864],[53.705543413471105,68.86258387777647],[54.46850784820188,68.81430120127493],[53.49095966620308,68.19467351950507],[54.730776872640575,68.09006105375173],[55.45797734949335,68.43608690201282],[57.31770315914963,68.46022824026358],[58.79594675144051,68.89477232877752],[59.94039340353666,68.27514464700766],[61.07291873634017,68.94305500527906],[60.023842638585336,69.53049423604787],[60.54838068746275,69.85237874605818],[63.51678919133718,69.55463557429866],[64.88774090999405,69.24079817703858],[68.52374329425791,68.08201394100146],[69.17941585535468,68.62117049526873],[68.16610371547785,69.1442328240355],[68.14226107689251,69.36150486829246],[66.93820782833302,69.45807022129554],[67.27200476852772,69.93284987356077],[66.73554540035764,70.70537269758552],[66.69978144247963,71.03530432034609],[68.54758593284325,71.93658094837494],[69.19133717464734,72.83785757640382],[69.94238029008545,73.03098828241],[72.57699185376515,72.77348067440175],[72.7915756010332,72.22627700738423],[71.84979137691238,71.4135186196082],[72.46969998013114,71.09968122234812],[72.77965428174053,70.39153530032544],[72.55314921517981,69.02352613278163],[73.66183190939799,68.40389845101177],[73.23266441486192,67.7359880927404],[71.26564673157165,66.31969624869501],[72.4100933836678,66.17484821919038],[72.81541823961854,66.5289211802017],[73.92410093383668,66.79447590096024],[74.17444863898274,67.28534977872596],[75.04470494734753,67.7520823182409],[74.46056030200677,68.32342732350921],[74.93741307371351,68.9913376817806],[73.84065169878801,69.07985592203343],[73.60222531293465,69.62705958905096],[74.40095370554343,70.63294868283319],[73.10152990264257,71.44570707060922],[74.87780647725018,72.11361742888062],[74.65130141068946,72.82981046365356],[75.15199682098154,72.85395180190432],[75.67653486985895,72.29870102213656],[75.28313133320088,71.34109460485587],[76.37989270812636,71.15601101159993],[75.90303993641965,71.87220404637287],[77.59586727597855,72.26651257113551],[79.64633419431749,72.32284236038731],[81.4941386846811,71.75149735511903],[80.61196105702368,72.58034996839555],[80.50466918338964,73.64256885142959],[82.24518180011921,73.85179378293628],[84.65328829723825,73.811558219185],[86.82296840850387,73.93226491043887],[86.00039737730975,74.46337435195588],[87.15676534869863,75.11519048472675],[88.32505463938008,75.13933182297754],[90.26822968408504,75.64629992624378],[92.8909199284721,75.77505373024789],[93.2366381879595,76.04865556375665],[95.8593284323465,76.1371738040095],[96.68189946354062,75.91185464700229],[98.9111861712696,76.44296408851929],[100.75899066163322,76.42686986301877],[101.03318100536461,76.85336683878245],[101.9868865487781,77.2798638145461],[104.34730776872641,77.682219452059],[106.06397774687065,77.36838205479893],[104.70494734750645,77.12696867229121],[106.95807669382077,76.97407353003632],[107.23226703755216,76.48319965227057],[108.13828730379498,76.72461303477832],[111.09477448837674,76.70851880927779],[113.32406119610573,76.22569204426233],[114.12278958871451,75.85552485775048],[113.88436320286115,75.32441541623348],[112.78760182793565,75.02667224447393],[110.15299026425595,74.4794685774564],[109.40194714881784,74.18172540569685],[110.6417643552553,74.04492448894248],[112.12000794754618,73.78741688093422],[113.00218557520367,73.97250047419016],[113.51480230478842,73.3367785669198],[113.9678124379098,73.6023332876783],[115.56526922312736,73.7552284299332],[118.78402543214781,73.59428617492804],[119.02245181800123,73.11950652266285],[123.20683488972782,72.96661138040793],[123.25452016689849,73.73913420443267],[125.37651500099344,73.57014483667726],[126.973971786211,73.57014483667726],[128.58334989072125,73.03098828241],[129.04828134313533,72.39526637513964],[128.45221537850188,71.98486362487648],[129.71587522352473,71.19624657535124],[131.28948937015696,70.78584382508808],[132.26703755215578,71.84001559537185],[133.86449433737334,71.38937728135741],[135.55732167693225,71.65493200211591],[137.5004967216372,71.34914171760613],[138.22769719848998,71.6227435511149],[139.8728392608782,71.4859426343605],[139.15756010331813,72.41136060064014],[140.46890522551166,72.84590468915408],[149.4933439300616,72.20213566913344],[150.33975759984105,71.60664932561437],[152.9624478442281,70.84217361433988],[157.00377508444268,71.03530432034609],[158.9946354063183,70.86631495259067],[159.82912775680512,70.45591220232751],[159.69799324458575,69.72362494205404],[160.93781045102327,69.44197599579505],[162.28491953109477,69.64315381455148],[164.06119610570238,69.6753422655525],[165.94476455394397,69.47416444679607],[167.84025432147826,69.58682402529968],[169.5688456189152,68.6855473972708],[170.8086628253527,69.01547902003136],[169.99801311345124,69.65120092730174],[170.45102324657262,70.09379212856592],[173.6340154977151,69.82019029505716],[175.7440890125174,69.87652008430896],[178.60520564275782,69.40174043204374],[180,68.96719634352982],[180,64.97582841940198],[179.98807868070736,64.97582841940198],[178.7124975163918,64.5332372181378],[177.40115239419833,64.6056612328901],[178.3071726604411,64.0745517913731],[178.9151599443672,63.2537462908468],[179.36817007748857,62.980144457338035],[179.48738327041525,62.57778881982515],[179.22511424597656,62.31223409906665],[177.3653884363203,62.52145903057335],[174.5877210411286,61.78112465754963],[173.68170077488577,61.66041796629576],[172.14385058613152,60.95227204427308],[170.68944963242603,60.332644362503224],[170.3198887343533,59.8820060484888],[168.91317305781843,60.57405774501097],[166.30240413272406,59.80153492098622],[165.83747268031,60.16365499474782],[164.8837671368965,59.737158018984154],[163.5247367375323,59.873958935738536],[163.1909397973376,59.206048577467136],[162.01072918736344,58.2403950474362],[162.0584144645341,57.83803940992332],[163.1790184780449,57.62076736566636],[163.04788396582558,56.15619284511944],[162.12994238029012,56.11595728136816],[161.70077488575402,55.295151780841856],[162.11802106099742,54.86060769232794],[160.3655871249752,54.33754536356118],[160.03179018478045,53.202902465774834],[158.52970395390423,52.95344197051684],[158.2435922908802,51.947552876734626],[156.77727001788202,51.014087797704725],[156.41963043910192,51.698092381476634],[155.99046294456588,53.16266690202355],[155.43016093781046,55.37562290834443],[155.90701370951723,56.759726301388774],[156.75342737929668,57.37130687040837],[156.80111265646735,57.82999229717306],[158.36280548380688,58.05531145418028],[160.15100337770713,59.32675526872101],[161.87959467514406,60.340691475253486],[163.679713888337,61.137355637529005],[164.49036360023842,62.56169459432464],[163.2505463938009,62.46512924132154],[162.6544804291675,61.65237085354551],[160.1271607391218,60.557963519510444],[159.30458970792768,61.78112465754963],[156.72958474071135,61.43509880928854],[154.22610768925097,59.761299357234925],[155.06060003973772,59.14167167546508],[152.8193920127161,58.88416406745683],[151.2696205046692,58.77150448895322],[151.32922710113252,59.51183886197693],[149.767534273793,59.65668689148158],[148.53963838664816,59.17386012646612],[145.4997019670177,59.35089660697178],[142.19749652294854,59.037059209711735],[138.95489767534275,57.08965792414934],[135.14007550168884,54.73185388832382],[136.6898470097358,54.6031000843197],[137.19054242002784,53.97542528979958],[138.16809060202667,53.75815324554262],[138.81184184383073,54.249027123308345],[139.89668189946354,54.18465022130629],[141.32724021458375,53.09024288727122],[141.37492549175442,52.2372489357439],[140.60003973773098,51.239406954711946],[140.51659050268233,50.05648138042405],[140.0635803695609,48.43901171762223],[138.56149413868468,46.9985785353261],[138.21577587919734,46.306526838803926],[136.85674547983314,45.13969549001654],[135.50963639976158,43.98895836672968],[134.8539638386648,43.40956624871112],[133.55454003576398,42.80603279244179],[132.91078879395985,42.79798567969153],[132.29088019074112,43.28885955745725],[130.94377111066962,42.54852518443354],[130.77687264057226,42.21859356167297],[130.6338168090602,42.395630042178645]]],[[[105.08642956487188,78.30184713382883],[99.44764553943969,77.91558572181646],[101.25968607192533,79.23531221285873],[102.09417842241209,79.34797179136234],[102.8452215378502,79.2835948893603],[105.37254122789591,78.72029699684225],[105.08642956487188,78.30184713382883]]],[[[51.13053844625472,80.55503870390103],[49.78342936618321,80.41823778714664],[48.90125173852573,80.35386088514457],[48.758195907013715,80.18487151738915],[47.57798529703956,80.00783503688348],[46.49314524140672,80.24924841939122],[47.07728988674748,80.56308581665127],[44.84800317901849,80.59527426765231],[46.815020862308785,80.77231074815799],[48.317107093185,80.79645208640875],[48.531690840453024,80.52285025289999],[49.10391416650111,80.75621652265747],[50.03377707132924,80.91715877766262],[51.52394198291279,80.70793384615592],[51.13053844625472,80.55503870390103]]],[[[99.9364196304391,78.8812392518474],[97.75481819988079,78.76053256059353],[94.97715080468907,79.04218150685256],[93.29624478442281,79.4364900316152],[92.53328034969206,80.14463595363787],[91.1980925889132,80.35386088514457],[93.77309755612958,81.02981835616623],[95.9427776673952,81.26318462592371],[97.88595271210016,80.7481694099072],[100.1986886548778,79.78251587987629],[99.9364196304391,78.8812392518474]]]]}},{"type":"Feature","properties":{"name":"Rwanda","Alpha-2":"RW","Alpha-3":"RWA","id":190},"geometry":{"type":"Polygon","coordinates":[[[30.411285515597058,-1.1472970494661965],[30.816610371547796,-1.7025478292339784],[30.757003775084456,-2.289987060002801],[30.45897079276773,-2.418740864006921],[29.93443274389034,-2.346316849254606],[29.624478442280946,-2.9176618545229047],[29.02841247764755,-2.845237839770583],[29.099940393403557,-2.2980341727530558],[29.242996224915572,-2.225610158000734],[29.290681502086244,-1.6301238144816637],[29.576793165110274,-1.3484748682226382],[29.81521955096366,-1.4530873339759935],[30.411285515597058,-1.1472970494661965]]]}},{"type":"Feature","properties":{"name":"Saudi Arabia","Alpha-2":"SA","Alpha-3":"SAU","id":191},"geometry":{"type":"Polygon","coordinates":[[[42.773693622094186,16.35517318234448],[42.64255910987484,16.773623045357873],[42.34452612755814,17.06331910436716],[42.272998211802104,17.473721854630305],[41.77230280151005,17.827794815641646],[41.2239221140473,18.66469454166846],[40.93781045102327,19.493547154945013],[40.2463739320485,20.17755173871692],[39.80528511821976,20.338493993722075],[39.137691237830325,21.296100411002747],[39.03039936419631,21.988152107524918],[39.06616332207432,22.58363845104399],[38.48201867673356,23.686092897829305],[38.02900854361218,24.07235430984168],[37.480627856149425,24.28157924134839],[37.15875223524739,24.86097135936695],[37.20643751241806,25.086290516374156],[36.920325849394004,25.601305732390664],[36.64613550566264,25.826624889397884],[36.240810649711904,26.566959262421598],[35.63282336578581,27.379717650197627],[35.15597059407909,28.055675121219288],[34.631432545201676,28.055675121219288],[34.79833101529903,28.602878788236815],[34.8460162924697,28.956951749248155],[34.96522948539641,29.3673544995113],[36.061990860321885,29.206412244506147],[36.49115835485796,29.512202529015944],[36.72958474071132,29.874322602777546],[37.49254917544209,30.011123519531928],[37.67136896483211,30.341055142292497],[37.993244585734175,30.510044510047898],[36.99185376515001,31.515933603830128],[39.018478044903645,32.01485459434611],[39.197297834293664,32.159702623850755],[40.41327240214585,31.89414790309224],[41.89151599443673,31.19404909381982],[44.704947347506476,29.190318019005623],[46.56467315716273,29.093752666002537],[47.45877210411285,29.0052344257497],[47.70911980925891,28.52240766073424],[48.42439896681901,28.554596111735272],[48.817802503477054,27.685507934707424],[49.30657659447647,27.452141664949956],[49.46155374528115,27.106115816688863],[50.14106894496325,26.679618840925208],[50.21259686071926,26.27726320341231],[50.10530498708525,25.947331580651742],[50.236439499304595,25.617399957891173],[50.522551162328654,25.335751011632148],[50.653685674548,25.00581938887158],[50.808662825352684,24.756358893613587],[51.094774488376714,24.5632281876074],[51.38088615140077,24.627605089609467],[51.57162726008346,24.249390790347356],[51.607391217961464,24.016024520589873],[52.0127160739122,23.002088314057396],[55.0288098549573,22.495120210791164],[55.20762964434732,22.712392255048123],[55.68448241605407,22.004246333025428],[55.004967216371966,20.000515258211244],[51.988873435326866,19.002673277179277],[49.12775680508645,18.616411865166903],[48.19789390025829,18.165773551152476],[47.47069342340552,17.10355466811844],[47.01768329028414,16.942612413113288],[46.75541426584542,17.28059114862412],[46.362010729187375,17.224261359372314],[45.40830518577391,17.32887382512566],[45.2175640770912,17.43348629087901],[44.06119610570238,17.40129783987799],[43.798927081263656,17.312779599625152],[43.35783826743494,17.586381433133916],[43.09556924299625,17.07941332986767],[43.20286111663026,16.660963466854263],[42.773693622094186,16.35517318234448]]]}},{"type":"Feature","properties":{"name":"Sudan","Alpha-2":"SD","Alpha-3":"SDN","id":192},"geometry":{"type":"Polygon","coordinates":[[[33.97575998410491,9.46684466812382],[33.832704152592896,9.482938893624329],[33.844625471885564,9.981859884140313],[33.73733359825155,10.327885732401391],[33.212795549374135,10.730241369914289],[33.093582356447456,11.43838729193697],[33.212795549374135,12.178721664960683],[32.747864096960086,12.251145679713012],[32.67633618120405,12.025826522705792],[32.068348897277986,11.969496733453987],[32.306775283131344,11.6798006744447],[32.40214583747269,11.092361443675891],[31.841843830717266,10.52906355115784],[31.35306973971788,9.812870516384898],[30.828531690840464,9.70825805063155],[29.99403934035368,10.28765016865011],[29.612557122988278,10.0784252371434],[29.4933439300616,9.796776290884388],[28.992648519769517,9.611692697628449],[28.956884561891513,9.402467766121752],[27.979336379892715,9.402467766121752],[27.8362805483807,9.611692697628449],[27.121001390820595,9.635834035879235],[26.75144049274786,9.46684466812382],[26.4772501490165,9.563410021126906],[25.96463341943175,10.134755026395204],[25.797734949334398,10.408356859903968],[25.070534472481626,10.271555943149586],[24.796344128750263,9.812870516384898],[24.54599642360421,8.91159388835603],[24.20027816411684,8.718463182349844],[23.890323862507472,8.621897829346743],[23.806874627458768,8.6701805058483],[23.461156367971398,8.951829452107312],[23.38962845221539,9.273713962117633],[23.56844824160541,9.676069599630516],[23.55652692231274,10.086472349893661],[22.984303596264652,10.722194257164027],[22.865090403337973,11.148691232927696],[22.865090403337973,11.398151728185688],[22.507450824557935,11.671753561694452],[22.507450824557935,12.25919279246326],[22.304788396582552,12.645454204475634],[21.947148817802514,12.581077302473581],[22.042519372143857,12.967338714485955],[22.304788396582552,13.369694351998838],[22.185575203655873,13.788144215012245],[22.519372143850603,14.093934499522042],[22.31670971587522,14.335347882029772],[22.578978740313943,14.938881338299105],[23.020067554142656,15.679215711322819],[23.878402543214804,15.614838809320752],[23.8426385853368,19.57401828244759],[23.8426385853368,20.000515258211244],[24.999006556725618,20.000515258211244],[24.999006556725618,22.004246333025428],[29.004569839062185,22.004246333025428],[32.90284124776477,22.004246333025428],[36.860719252930664,22.004246333025428],[37.194516193125395,21.022498577493984],[36.968011126564676,20.845462096988307],[37.09914563878402,19.807384552205058],[37.480627856149425,18.608364752416655],[37.8621100735148,18.36695136990891],[38.41049076097755,17.9887370706468],[37.89787403139283,17.425439178128762],[37.17067355454006,17.256449810373347],[36.848797933638,16.958706638613812],[36.75342737929665,16.290796280342413],[36.31233856546791,14.818174647045232],[36.43155175839462,14.415819009532349],[36.27657460758991,13.570872170755287],[35.85932843234653,12.573030189723319],[35.27518378700577,12.090203424707845],[34.8460162924697,11.32572771343336],[34.72680309954302,10.915324963170214],[34.27379296642164,10.64172312966145],[33.97575998410491,9.587551359377677],[33.97575998410491,9.46684466812382]]]}},{"type":"Feature","properties":{"name":"Senegal","Alpha-2":"SN","Alpha-3":"SEN","id":193},"geometry":{"type":"Polygon","coordinates":[[[-16.713689648321065,13.603060621756306],[-17.119014504271803,14.367536333030806],[-17.619709914563884,14.729656406792408],[-17.19054242002781,14.914740000048333],[-16.701768329028397,15.622885922071013],[-16.45142062388237,16.137901138087507],[-16.11762368368764,16.451738535347566],[-15.616928273395587,16.37126740784499],[-15.128154182396173,16.588539452101948],[-14.57977349493342,16.59658656485221],[-14.11484204251937,16.298843393092675],[-13.459169481422606,16.04133578508442],[-12.839260878203845,15.309048524810969],[-12.18358831710708,14.608949715538536],[-12.135903039936409,13.98932203376868],[-11.945161931253722,13.434071254000905],[-11.56367971388832,13.144375194991618],[-11.480230478839644,12.750066670228982],[-11.515994436717648,12.436229272968937],[-11.670971587522331,12.387946596467394],[-12.207430955692416,12.460370611219709],[-12.290880190741092,12.35575814546636],[-12.505463938009143,12.331616807215589],[-13.220743095569247,12.573030189723319],[-13.709517186568632,12.581077302473581],[-15.557321676932247,12.621312866224862],[-15.819590701370942,12.516700400471514],[-16.141466322273004,12.548888851472547],[-16.68984700973573,12.379899483717132],[-16.832902841247744,13.160469420492142],[-15.938803894297621,13.136328082241356],[-15.700377508444262,13.273128998995738],[-15.509636399761575,13.281176111746],[-15.140075501688841,13.50649526875322],[-14.710908007152796,13.297270337246523],[-14.269819193324054,13.281176111746],[-13.864494337373316,13.50649526875322],[-14.067156765348699,13.796191327762493],[-14.365189747665397,13.627201960007092],[-14.68706536856746,13.63524907275734],[-15.080468905225501,13.884709568015332],[-15.390423206834896,13.868615342514822],[-15.616928273395587,13.627201960007092],[-16.713689648321065,13.603060621756306]]]}},{"type":"Feature","properties":{"name":"Singapore","Alpha-2":"SG","Alpha-3":"SGP","id":194},"geometry":{"type":"Polygon","coordinates":[[[103.41744486389831,1.4358261433665547],[103.81084840055632,1.6289568493727415],[104.31154381084843,1.355355015863978],[103.98966818994637,1.2105069863593343],[103.53665805682499,1.1863656481085627],[103.41744486389831,1.4358261433665547]]]}},{"type":"Feature","properties":{"name":"South Georgia and the South Sandwich Islands","Alpha-2":"GS","Alpha-3":"SGS","id":195},"geometry":{"type":"Polygon","coordinates":[[[-38.41049076097755,-54.10534605891263],[-38.911186171269605,-53.99268648040902],[-37.766739519173456,-53.920262465656705],[-36.93224716868667,-53.984639367658765],[-36.09775481819986,-54.2260527501665],[-35.63282336578581,-54.55598437292707],[-35.608980727200475,-54.942245784939445],[-36.27657460758991,-55.05490536344305],[-36.65805682495528,-54.66059683868042],[-37.28988674746671,-54.378947892421394],[-38.41049076097755,-54.10534605891263]]]}},{"type":"Feature","properties":{"name":"Saint Helena","Alpha-2":"SH","Alpha-3":"SHN","id":196},"geometry":{"type":"Polygon","coordinates":[[[-5.769918537651506,-15.85741915693741],[-5.543413471090787,-15.873513382437928],[-5.519570832505451,-16.002267186442054],[-5.746075899066142,-16.114926764945665],[-5.8652890919928495,-16.002267186442054],[-5.769918537651506,-15.85741915693741]]]}},{"type":"Feature","properties":{"name":"Svalbard and Jan Mayen","Alpha-2":"SJ","Alpha-3":"SJM","id":197},"geometry":{"type":"MultiPolygon","coordinates":[[[[24.724816212994256,77.85925593256465],[22.495529505265267,77.44080606955126],[20.731174249950328,77.66612522655848],[21.41068944963243,77.93167994731698],[20.814623484999004,78.25356445732729],[22.87701172263064,78.44669516333349],[23.27041525928871,78.08457508957187],[24.724816212994256,77.85925593256465]]],[[[18.239618517782645,79.71009186512396],[21.541823961851776,78.96171037934997],[19.01450427180609,78.5593547418371],[18.478044903636004,77.81902036881337],[17.59586727597855,77.63393677555746],[17.119014504271803,76.8050841622809],[15.903039936419646,76.77289571127986],[13.769123783032,77.37642916754919],[14.663222729982124,77.73050212856054],[13.184979137691244,78.02824530032007],[11.229882773693618,78.87319213909714],[10.431154381084838,79.65376207587215],[13.184979137691244,80.00783503688348],[13.733359825153997,79.66180918862241],[15.14007550168887,79.67790341412291],[15.521557719054243,80.00783503688348],[16.987879992052456,80.05611771338505],[18.239618517782645,79.71009186512396]]],[[[25.452016689847028,80.41019067439638],[27.419034373137293,80.05611771338505],[25.940790780846413,79.51696115911776],[23.020067554142656,79.40430158061415],[20.08742300814623,79.57329094836956],[19.896681899463545,79.83884566912809],[18.454202265050668,79.86298700737885],[17.369362209417858,80.32971954689381],[20.456983906218966,80.60332138040258],[21.91138485992451,80.3699551106451],[22.924696999801313,80.65965116965438],[25.452016689847028,80.41019067439638]]]]}},{"type":"Feature","properties":{"name":"Solomon Islands","Alpha-2":"SB","Alpha-3":"SLB","id":198},"geometry":{"type":"MultiPolygon","coordinates":[[[[162.11802106099742,-10.481947839765219],[162.38029008543612,-10.827973688026304],[161.70077488575402,-10.819926575276043],[161.31929266838864,-10.200298893506194],[161.9153586330221,-10.44171227601393],[162.11802106099742,-10.481947839765219]]],[[[160.86628253526726,-9.870367270745625],[160.4728789986092,-9.886461496246142],[159.85297039539046,-9.789896143243048],[159.65030796741507,-9.63700100098815],[159.69799324458575,-9.242692476225521],[160.3655871249752,-9.39558761848042],[160.6874627458772,-9.604812549987116],[160.86628253526726,-9.870367270745625]]],[[[161.67693224716868,-9.588718324486607],[161.53387641565666,-9.773801917742531],[160.78283330021856,-8.912760853464953],[160.56824955295053,-8.32532162269613],[160.91396781243793,-8.32532162269613],[161.28352871051067,-9.113938672221394],[161.67693224716868,-9.588718324486607]]],[[[159.8768130339758,-8.341415848196647],[159.91257699185377,-8.534546554202834],[159.13769123783032,-8.124143803939688],[158.5773892310749,-7.745929504677569],[158.19590701370953,-7.415997881917001],[158.36280548380688,-7.319432528913907],[158.80389429763562,-7.5527987986713825],[159.65030796741507,-8.011484225436078],[159.8768130339758,-8.341415848196647]]],[[[157.54023445261276,-7.343573867164686],[157.32565070534474,-7.399903656416491],[156.8964832108087,-7.174584499409271],[156.49115835485793,-6.764181749146125],[156.5388436320286,-6.603239494140965],[157.13490959666206,-7.029736469904627],[157.54023445261276,-7.343573867164686]]]]}},{"type":"Feature","properties":{"name":"Sierra Leone","Alpha-2":"SL","Alpha-3":"SLE","id":199},"geometry":{"type":"Polygon","coordinates":[[[-11.456387840254308,6.787156122287975],[-11.718656864693031,6.859580137040297],[-12.433936022253135,7.261935774553187],[-12.958474071130524,7.7930452160701975],[-13.137293860520543,8.163212402582054],[-13.244585734154583,8.903546775605768],[-12.720047685277166,9.346137976869947],[-12.600834492350486,9.627786923128973],[-12.433936022253135,9.83701185463567],[-12.147824359229077,9.86115319288644],[-11.921319292668386,10.054283898892628],[-11.122590900059606,10.054283898892628],[-10.82455791774288,9.684116712380778],[-10.609974170474857,9.273713962117633],[-10.633816809060193,8.975970790358097],[-10.490760977548177,8.718463182349844],[-10.502682296840845,8.348295995837987],[-10.216570633816815,8.404625785089785],[-10.693423405523532,7.929846132824579],[-11.146433538644942,7.390689578557307],[-11.206040135108282,7.109040632298289],[-11.456387840254308,6.787156122287975]]]}},{"type":"Feature","properties":{"name":"El Salvador","Alpha-2":"SV","Alpha-3":"SLV","id":200},"geometry":{"type":"Polygon","coordinates":[[[-87.80051659050268,13.385788577499348],[-87.90780846413669,13.15242230774188],[-88.49195310947745,13.16851653324239],[-88.8495926882575,13.26508188624549],[-89.2668388635009,13.458212592251677],[-89.8271408702563,13.52258949425373],[-90.10133121398768,13.739861538510702],[-90.07748857540234,13.892756680765594],[-89.73177031591496,14.126122950523062],[-89.52910788793959,14.246829641776934],[-89.60063580369561,14.359489220280544],[-89.36220941784224,14.415819009532349],[-89.05225511623286,14.343394994780034],[-88.8495926882575,14.134170063273324],[-88.55155970594079,13.97322780826817],[-88.50387442877012,13.84447400426405],[-88.06278561494138,13.965180695517908],[-87.86012318696602,13.900803793515855],[-87.72898867474667,13.788144215012245],[-87.80051659050268,13.385788577499348]]]}},{"type":"Feature","properties":{"name":"San Marino","Alpha-2":"SM","Alpha-3":"SMR","id":201},"geometry":{"type":"Polygon","coordinates":[[[12.493542618716475,43.997005479479945],[12.541227895887147,44.02114681773072],[12.529306576594479,43.98091125397942],[12.57699185376515,43.95676991572865],[12.517385257301811,43.86825167547581],[12.386250745082464,43.86825167547581],[12.338565467911792,43.96481702847891],[12.493542618716475,43.997005479479945]]]}},{"type":"Feature","properties":{"name":"Somaliland","Alpha-2":"SO","Alpha-3":"SOM","id":202},"geometry":{"type":"Polygon","coordinates":[[[43.13133320087425,11.462528630187741],[44.40691436518975,10.368121296152687],[45.801708722431954,10.834853835667637],[46.37393204848004,10.633676016911188],[48.9489370156964,11.42229306643646],[48.93701569640373,10.99579609067279],[48.93701569640373,10.62562890416094],[48.93701569640373,9.450750442623296],[48.48400556328235,8.847216986353963],[47.80449036360025,8.002270147576901],[46.94615537452813,7.994223034826639],[43.67971388833698,9.185195721864794],[43.286310351678935,9.547315795626396],[43.107490562288916,9.788729178134126],[42.9167494536062,10.030142560641856],[42.547188555533495,10.577346227659383],[42.773693622094186,10.939466301420985],[43.13133320087425,11.462528630187741]]]}},{"type":"Feature","properties":{"name":"Somalia","Alpha-2":"SO","Alpha-3":"SOM","id":203},"geometry":{"type":"Polygon","coordinates":[[[41.59348301212003,-1.6864536037334688],[40.99741704748661,-0.8495538777066542],[40.98549572819394,2.7877410854098557],[41.85575203655873,3.9223839831962053],[42.12994238029009,4.228174267706002],[42.773693622094186,4.252315605956774],[43.66779256904431,4.9524144152292],[44.9552950526525,5.00069709173075],[47.80449036360025,8.002270147576901],[48.48400556328235,8.839169873603701],[48.93701569640373,9.450750442623296],[48.93701569640373,9.973812771390051],[48.93701569640373,10.987748977922529],[48.9489370156964,11.406198840935936],[48.9489370156964,11.42229306643646],[49.28273395589113,11.430340179186707],[49.71190145042718,11.583235321441613],[50.26028213788993,11.671753561694452],[50.72521359030401,12.025826522705792],[51.094774488376714,12.025826522705792],[51.13053844625472,11.752224689197028],[51.035167891913375,11.172832571178468],[51.04708921120604,10.649770242411712],[50.83250546393802,10.279603055899848],[50.54639380091399,9.201289947365304],[50.069541029207244,8.074694162329216],[49.44963242598848,6.803250347788492],[48.60321875620903,5.338675827241573],[47.732962447844244,4.22012715495574],[46.56467315716273,2.8601651001621775],[45.563282336578595,2.0474067123861417],[44.07311742499505,1.0576118441044358],[43.13133320087425,0.30118324558020504],[42.04649314524141,-0.9219778924589761],[41.81998807868072,-1.4530873339759935],[41.59348301212003,-1.6864536037334688]]]}},{"type":"Feature","properties":{"name":"Saint Pierre and Miquelon","Alpha-2":"PM","Alpha-3":"SPM","id":204},"geometry":{"type":"Polygon","coordinates":[[[-56.45936817007748,47.18366212858202],[-56.137492549175434,47.15147367758099],[-56.25670574210211,46.94224874607429],[-56.03020067554142,46.79740071656965],[-56.22094178422411,46.62841134881423],[-56.554738724418826,46.72497670181733],[-56.41168289290681,46.902013182322996],[-56.59050268229683,46.98248430982557],[-56.45936817007748,47.18366212858202]]]}},{"type":"Feature","properties":{"name":"Republic of Serbia","Alpha-2":"RS","Alpha-3":"SRB","id":205},"geometry":{"type":"Polygon","coordinates":[[[22.65050665606995,44.238418861987675],[22.400158950923924,44.013099704980455],[22.507450824557935,43.65097963121885],[22.984303596264652,43.208388429954674],[22.60282137889928,42.89455103269463],[22.435922908801928,42.57266652268431],[22.555136101728607,42.46805405693096],[22.376316312338588,42.323206027426316],[21.91138485992451,42.30711180192581],[21.565666600437112,42.24273489992374],[21.541823961851776,42.323206027426316],[21.637194516193148,42.435865605929926],[21.756407709119827,42.68532610118792],[21.613351877607812,42.67727898843767],[21.422610768925097,42.862362581693596],[21.255712298827746,42.90259814544488],[21.136499105901066,43.079634625950554],[20.957679316511047,43.13596441520236],[20.814623484999004,43.27276533195674],[20.623882376316317,43.216435542704936],[20.504669183389638,42.878456807194105],[20.25432147824361,42.81407990519205],[20.337770713292286,42.89455103269463],[19.956288495926884,43.11182307695159],[19.622491555732182,43.208388429954674],[19.491357043512835,43.35323645945932],[19.217166699781444,43.52222582721473],[19.45559308563483,43.570508503716276],[19.598648917146846,44.04528815598149],[19.1217961454401,44.41545534249335],[19.372143850586127,44.85804654375752],[19.00258295251342,44.85804654375752],[19.384065169878795,45.22016661751912],[19.086032187562097,45.517909789278654],[18.823763163123402,45.90417120129103],[19.598648917146846,46.169725922049544],[20.218557520365607,46.121443245548],[20.755016888535664,45.73518183353563],[20.862308762169675,45.42134443627557],[21.47029604609577,45.17993105376784],[21.553745281144444,44.76952830350469],[22.14981124577787,44.479832244495405],[22.459765547387263,44.705151401502626],[22.71011325253329,44.568350484748244],[22.47168686667993,44.40740822974309],[22.65050665606995,44.238418861987675]]]}},{"type":"Feature","properties":{"name":"South Sudan","Alpha-2":"SS","Alpha-3":"SSD","id":206},"geometry":{"type":"Polygon","coordinates":[[[33.97575998410491,9.46684466812382],[33.98768130339758,8.68627473134881],[33.832704152592896,8.380484446839013],[33.29624478442281,8.356343108588241],[32.96244784422811,7.776950990569681],[33.58235644744687,7.712574088567621],[34.08305185773892,7.221700210801892],[34.2499503278363,6.827391686039263],[34.71488178025035,6.594025416281788],[35.29902642559111,5.499618082246734],[34.631432545201676,4.847801949475851],[34.011523941982915,4.244268493206519],[33.391615338764154,3.7855830664418235],[32.67633618120405,3.7936301791920783],[31.865686469302602,3.5522167966843483],[31.233856546791202,3.7775359536915687],[30.828531690840464,3.51198123293306],[29.94635406318301,4.179891591204452],[29.70792767732962,4.606388566968114],[29.159546989866897,4.389116522711156],[28.68269421816015,4.453493424713216],[28.420425193721456,4.292551169708062],[27.979336379892715,4.413257860961927],[27.37134909596662,5.234063361488225],[27.21637194516194,5.555947871498532],[26.46532882972383,5.950256396261167],[26.214981124577804,6.545742739780245],[25.809656268627066,6.972239715543907],[25.130141068944965,7.495302044310662],[25.118219749652297,7.817186554320969],[24.569839062189573,8.235636417334376],[23.890323862507472,8.621897829346743],[24.20027816411684,8.718463182349844],[24.54599642360421,8.91159388835603],[24.796344128750263,9.812870516384898],[25.070534472481626,10.271555943149586],[25.797734949334398,10.408356859903968],[25.96463341943175,10.134755026395204],[26.4772501490165,9.563410021126906],[26.75144049274786,9.46684466812382],[27.121001390820595,9.635834035879235],[27.8362805483807,9.611692697628449],[27.979336379892715,9.402467766121752],[28.956884561891513,9.402467766121752],[28.992648519769517,9.611692697628449],[29.4933439300616,9.796776290884388],[29.612557122988278,10.0784252371434],[29.99403934035368,10.28765016865011],[30.828531690840464,9.70825805063155],[31.35306973971788,9.812870516384898],[31.841843830717266,10.52906355115784],[32.40214583747269,11.092361443675891],[32.306775283131344,11.6798006744447],[32.068348897277986,11.969496733453987],[32.67633618120405,12.025826522705792],[32.747864096960086,12.251145679713012],[33.212795549374135,12.178721664960683],[33.093582356447456,11.43838729193697],[33.212795549374135,10.730241369914289],[33.73733359825155,10.327885732401391],[33.844625471885564,9.981859884140313],[33.832704152592896,9.482938893624329],[33.97575998410491,9.46684466812382]]]}},{"type":"Feature","properties":{"name":"Sao Tome and Principe","Alpha-2":"ST","Alpha-3":"STP","id":207},"geometry":{"type":"Polygon","coordinates":[[[6.6282535267236256,0.5425966280879422],[6.795151996820977,0.45407838783510357],[6.985893105503692,0.2287592308278832],[6.509040333796946,-0.21383197043629565],[6.306377905821591,0.2609476818289167],[6.6282535267236256,0.5425966280879422]]]}},{"type":"Feature","properties":{"name":"Suriname","Alpha-2":"SR","Alpha-3":"SUR","id":208},"geometry":{"type":"Polygon","coordinates":[[[-57.15080468905225,5.974397734511939],[-55.958672759785415,5.773219915755497],[-55.85138088615139,5.958303509011422],[-55.05265249354261,6.022680411013489],[-53.94396979932445,5.7571256902549806],[-54.46850784820187,4.88803751322714],[-54.396979932445845,4.212080042205486],[-54.00357639578779,3.62464081143667],[-54.170474865885154,3.1820496101724913],[-54.2658454202265,2.7394584089083125],[-54.528114444665206,2.3129614331446504],[-55.10033777071328,2.522186364651354],[-55.57719054242003,2.4175738988979987],[-55.97059407907808,2.514139251901092],[-56.077885952712094,2.216396080141557],[-55.92290880190741,2.02326537413537],[-56.00635803695609,1.8220875553789284],[-56.53089608583349,1.902558682881505],[-57.15080468905225,2.771646859909346],[-57.2819392012716,3.326897639677128],[-57.59189350288098,3.326897639677128],[-58.044903636002374,4.059184899950587],[-57.85416252731969,4.574200115967088],[-57.91376912378303,4.815613498474818],[-57.305781839856934,5.073121106483065],[-57.15080468905225,5.974397734511939]]]}},{"type":"Feature","properties":{"name":"Slovakia","Alpha-2":"SK","Alpha-3":"SVK","id":209},"geometry":{"type":"Polygon","coordinates":[[[18.84760580170874,49.501230600656264],[18.919133717464746,49.44490081140446],[19.324458573415455,49.57365461540858],[19.825153983707537,49.21958165439724],[20.421219948340962,49.4368536986542],[20.874230081462372,49.33224123290085],[21.589509239022448,49.47708926240549],[22.567057421021275,49.08278073764286],[22.269024438704548,48.8252731296346],[22.07828333002186,48.41487037937146],[21.86369958275384,48.31830502636837],[20.802702165706336,48.616048198127906],[20.468905225511634,48.5597184088761],[20.230478839658275,48.33439925186888],[19.765547387244197,48.1975983351145],[19.658255513610186,48.261975237116566],[19.18140274190344,48.10908009486166],[18.77607788595273,48.08493875661089],[18.704549970196723,47.883760937854454],[17.846214981124575,47.75500713385032],[17.488575402344537,47.87571382510419],[16.975958672759788,48.125174320362184],[16.880588118418444,48.463153055873015],[16.96403735346712,48.591906859877135],[17.107093184979135,48.817226016884355],[17.548181998807877,48.80113179138383],[17.88197893900258,48.90574425713718],[17.905821577587915,49.00230961014028],[18.108484005563298,49.05059228664182],[18.180011921319306,49.283958556399305],[18.39459566858733,49.31614700740034],[18.56149413868468,49.501230600656264],[18.84760580170874,49.501230600656264]]]}},{"type":"Feature","properties":{"name":"Slovenia","Alpha-2":"SI","Alpha-3":"SVN","id":210},"geometry":{"type":"Polygon","coordinates":[[[13.816809060202672,46.507704657560375],[14.62745877210412,46.427233530057784],[15.128154182396202,46.660599799815266],[15.998410490760989,46.68474113806604],[16.201072918736344,46.84568339307119],[16.367971388833695,46.83763628032094],[16.570633816809078,46.507704657560375],[15.75998410490763,46.2341028240516],[15.65269223127359,45.83174718653871],[15.330816610371556,45.73518183353563],[15.330816610371556,45.4535328872766],[14.937413073713486,45.46962711277711],[14.591694814226116,45.63861648053253],[14.40095370554343,45.46158000002686],[13.721438505861329,45.501815563778145],[13.94794357242202,45.598380916781245],[13.709517186568661,46.01683077979464],[13.816809060202672,46.507704657560375]]]}},{"type":"Feature","properties":{"name":"Sweden","Alpha-2":"SE","Alpha-3":"SWE","id":211},"geometry":{"type":"Polygon","coordinates":[[[11.027220345718263,58.86002272920606],[11.480230478839673,59.43136773447436],[12.314722829326456,60.12341943099653],[12.63659845022849,61.29025077978391],[11.992847208424422,61.805265995800404],[11.945161931253722,63.12499248684268],[12.588913173057819,64.06650467862283],[13.578382674349314,64.05041045312231],[13.936022253129352,64.44471897788495],[13.566461355056646,64.79074482614604],[15.104311543810866,66.18289533194064],[16.105702364395,67.30144400422645],[16.761374925491765,68.00958992624916],[17.727001788197896,68.0015428134989],[17.98927081263662,68.56484070601695],[19.884760580170877,68.39585133826154],[20.015895092390224,69.07985592203343],[20.635803695608985,69.11204437303448],[21.982912775680518,68.62117049526873],[23.544605603020074,67.92911879874657],[23.56844824160541,66.4001673761976],[23.90224518180014,65.9978117386847],[22.185575203655873,65.72420990517594],[21.196105702364406,65.03215820865378],[21.35108285316909,64.41253052688393],[19.789390025829533,63.60781925185815],[17.846214981124575,62.754825300330815],[17.119014504271803,61.346580569035716],[17.82237234253924,60.63843464701302],[18.77607788595273,60.091230979995494],[17.858136300417243,58.956588082209144],[16.820981521955105,58.715174699701414],[16.43949930458973,57.0413752476478],[15.87919729783431,56.09986305586764],[14.663222729982124,56.19642840887074],[14.11484204251937,55.39976424659522],[12.958474071130553,55.367575795594185],[12.624677130935822,56.301040874624086],[11.790184780449039,57.435683772410435],[11.027220345718263,58.86002272920606]],[[17.059407907808463,57.38740109590888],[16.356050069541027,56.55050136988208],[16.427577985297035,56.172287070619966],[17.202463739320507,57.33107130665707],[17.059407907808463,57.38740109590888]],[[19.36022253129346,57.95874610117719],[19.372143850586127,57.99093455217821],[19.109874826147433,57.99093455217821],[19.038346910391425,57.94265187567667],[18.644943373733355,57.92655765017616],[18.09656268627063,57.548343350914045],[18.144247963441302,57.38740109590888],[18.084641366977962,57.26669440465502],[18.191933240611974,57.10575214964987],[18.108484005563298,56.88848010539291],[18.32306775283132,56.92066855639393],[18.454202265050668,57.12989348790064],[18.71647128948939,57.20231750265295],[18.704549970196723,57.3069299684063],[18.95489767534275,57.37130687040837],[18.990661633220753,57.435683772410435],[18.823763163123402,57.435683772410435],[18.799920524538067,57.64490870391713],[19.36022253129346,57.95874610117719]],[[20.83846612358434,63.82509129611511],[20.802702165706336,63.76876150686331],[20.814623484999004,63.70438460486124],[20.707331611364992,63.58367791360737],[20.82654480429167,63.57563080085712],[20.969600635803715,63.70438460486124],[21.06497119014506,63.82509129611511],[20.83846612358434,63.82509129611511]]]}},{"type":"Feature","properties":{"name":"Swaziland","Alpha-2":"SZ","Alpha-3":"SWZ","id":212},"geometry":{"type":"Polygon","coordinates":[[[32.068348897277986,-26.73711559528593],[31.853765150009934,-27.179706796550107],[31.281541823961874,-27.292366375053717],[30.67355454003578,-26.745162708036187],[30.67355454003578,-26.3991368597751],[30.947744883767143,-26.020922560512986],[31.043115438108487,-25.739273614253964],[31.329227101132545,-25.658802486751387],[31.8299225114246,-25.835838967257057],[31.98489966222931,-26.286477281271495],[32.068348897277986,-26.73711559528593]]]}},{"type":"Feature","properties":{"name":"Sint Maarten (Dutch part)","Alpha-2":"SX","Alpha-3":"SXM","id":213},"geometry":{"type":"Polygon","coordinates":[[[-63.12338565467911,18.037019747148342],[-63.07570037750844,18.053113972648866],[-63.051857738923104,18.069208198149376],[-63.00417246175243,18.053113972648866],[-63.039936419630436,17.99678418339706],[-63.12338565467911,18.037019747148342]]]}},{"type":"Feature","properties":{"name":"Seychelles","Alpha-2":"SC","Alpha-3":"SYC","id":214},"geometry":{"type":"Polygon","coordinates":[[[55.6725610967614,-4.269576796566213],[55.756010331810074,-4.253482571065696],[55.94675144049276,-4.3500479240687895],[55.77985297039541,-4.39833060057034],[55.66063977746873,-4.325906585818018],[55.49374130737135,-4.591461306576527],[55.60103318100536,-4.6558382085785865],[55.54142658454202,-4.8409218018345115],[55.17186568646932,-4.510990179073943],[55.21955096363999,-4.446613277071883],[55.39837075303001,-4.57536708107601],[55.6725610967614,-4.269576796566213]]]}},{"type":"Feature","properties":{"name":"Syria","Alpha-2":"SY","Alpha-3":"SYR","id":215},"geometry":{"type":"Polygon","coordinates":[[[38.791972978342955,33.37481664913967],[36.83687661434533,32.32064487885591],[35.716272600834515,32.70690629086828],[35.69242996224918,32.72300051636879],[35.835485793761194,32.859801433123174],[35.823564474468526,33.27825129613658],[36.061990860321885,33.83350207590437],[36.61037154778464,34.20366926241622],[36.44347307768729,34.597977787178856],[35.99046294456588,34.63821335093015],[35.9070137095172,35.4107361749549],[36.15736141466323,35.821138925218044],[36.41963043910195,36.03036385672474],[36.681899463540645,36.25568301373196],[36.72958474071132,36.81898090625],[37.06338168090602,36.62585020024381],[38.172064375124194,36.899452033752574],[38.69660242400161,36.70632132774639],[39.51917345519573,36.71436844049665],[40.675541426584545,37.09258273975876],[41.21200079475463,37.07648851425825],[42.34452612755814,37.22938365651314],[41.83190939797339,36.6097559747433],[41.295450029803305,36.36029547948531],[41.39082058414465,35.619961106461595],[41.02125968607194,34.41289419392293],[38.791972978342955,33.37481664913967]]]}},{"type":"Feature","properties":{"name":"Turks and Caicos Islands","Alpha-2":"TC","Alpha-3":"TCA","id":216},"geometry":{"type":"Polygon","coordinates":[[[-72.32664414861911,21.92377520552285],[-72.23127359427777,21.819162739769503],[-72.00476852771706,22.01229344577569],[-71.82594873832704,21.955963656523885],[-71.81402741903437,21.8593983035208],[-71.63520762964434,21.8593983035208],[-71.575601033181,21.77088006326796],[-71.43254520166899,21.754785837767436],[-71.504073117425,21.400712876756096],[-71.58752235247367,21.481184004258672],[-71.52791575601033,21.54556090626074],[-71.62328631035167,21.601890695512544],[-71.58752235247367,21.64212625926384],[-71.73057818398568,21.64212625926384],[-71.75442082257102,21.690408935765383],[-71.89747665408305,21.68236182301512],[-71.94516193125372,21.77088006326796],[-72.0286111663024,21.835256965270027],[-72.12398172064374,21.819162739769503],[-72.15974567852174,21.730644499516664],[-72.37432942578978,21.730644499516664],[-72.35048678720445,21.875492529021308],[-72.32664414861911,21.92377520552285]]]}},{"type":"Feature","properties":{"name":"Chad","Alpha-2":"TD","Alpha-3":"TCD","id":217},"geometry":{"type":"Polygon","coordinates":[[[14.496324259884773,12.862726248732592],[14.591694814226116,13.329458788247543],[13.959864891714687,13.353600126498328],[13.971786211007355,13.98932203376868],[13.554540035763978,14.367536333030806],[13.983707530300023,15.68726282407308],[15.235446056030213,16.62072790310298],[15.30697397178622,17.932407281394994],[15.688456189151594,19.96832680721021],[15.903039936419646,20.39482378297388],[15.48579376117624,20.73280251848471],[15.473872441883572,21.054687028495017],[15.092390224518198,21.31219463650327],[14.842042519372143,22.873334510053276],[15.855354659248974,23.404443951570293],[19.848996622292873,21.497278229759196],[23.8426385853368,19.57401828244759],[23.878402543214804,15.614838809320752],[23.020067554142656,15.679215711322819],[22.578978740313943,14.938881338299105],[22.31670971587522,14.335347882029772],[22.519372143850603,14.093934499522042],[22.185575203655873,13.788144215012245],[22.304788396582552,13.369694351998838],[22.042519372143857,12.967338714485955],[21.947148817802514,12.581077302473581],[22.304788396582552,12.645454204475634],[22.507450824557935,12.25919279246326],[22.507450824557935,11.671753561694452],[22.865090403337973,11.398151728185688],[22.865090403337973,11.148691232927696],[22.233260480826544,10.97970186517228],[21.720643751241823,10.569299114909136],[20.99344327438905,9.474891780874067],[20.063580369560896,9.008159241359117],[19.097953506854765,9.080583256111446],[18.811841843830734,8.975970790358097],[18.919133717464746,8.629944942097005],[18.38267434929466,8.275871981085665],[17.965428174051283,7.881563456323036],[16.713689648321093,7.503349157060917],[16.4514206238824,7.728668314068138],[16.28452215378502,7.752809652318909],[16.105702364395,7.4872549315604005],[15.271210013908217,7.414830916808079],[15.438108484005568,7.688432750316849],[15.116232863103534,8.380484446839013],[14.973177031591518,8.79893430985242],[14.532088217762777,8.959876564857574],[13.959864891714687,9.555362908376644],[14.162527319690042,10.030142560641856],[14.615537452811452,9.917482982138246],[14.901649115835482,9.989906996890575],[15.473872441883572,9.981859884140313],[14.91357043512815,10.899230737669704],[14.96125571229885,11.559093983190841],[14.889727796542815,12.218957228711979],[14.496324259884773,12.862726248732592]]]}},{"type":"Feature","properties":{"name":"Togo","Alpha-2":"TG","Alpha-3":"TGO","id":218},"geometry":{"type":"Polygon","coordinates":[[[1.8716471289489505,6.151434215017609],[1.0609974170475027,5.934162170760651],[0.8464136697794515,6.272140906271474],[0.5722233260480891,6.923957039042357],[0.4887740909994136,7.406783804057824],[0.7152791575601043,8.316107544836953],[0.46493145241407774,8.678227618598548],[0.35763957878006636,9.46684466812382],[0.3695608980727343,10.19108481564701],[-0.047685277170671725,10.714147144413765],[0.023842638585335862,11.019937428923562],[0.8940989469501517,10.99579609067279],[0.762964434730776,10.472733761906035],[1.0848400556328386,10.1749905901465],[1.4305583151202086,9.828964741885422],[1.4663222729982124,9.338090864119685],[1.6689847009735956,9.13691304536325],[1.6212994238028955,6.827391686039263],[1.8716471289489505,6.151434215017609]]]}},{"type":"Feature","properties":{"name":"Thailand","Alpha-2":"TH","Alpha-3":"THA","id":219},"geometry":{"type":"Polygon","coordinates":[[[102.5829525134115,12.186768777710945],[101.68885356646138,12.645454204475634],[100.84243989668192,12.621312866224862],[100.97357440890124,13.417977028500381],[100.10331810053646,13.417977028500381],[100.01986886548781,12.307475468964817],[99.48340949731772,10.850948061168147],[99.14961255712302,9.965765658639803],[99.23306179217167,9.241525511116599],[99.8768130339758,9.209337060115566],[100.2821378899265,8.291966206586181],[100.46095767931655,7.4228780295583405],[101.02125968607191,6.859580137040297],[101.62924696999801,6.73082633303617],[102.14186369958276,6.223858229769931],[101.8199880786807,5.797361254006269],[101.15239419829129,5.6927487882529135],[101.08086628253528,6.207764004269414],[100.25829525134117,6.642308092783338],[100.09139678124382,6.473318725027923],[99.69799324458575,6.84348591153978],[99.5191734551957,7.342406902055764],[98.99463540631831,7.897657681823546],[98.51778263461159,8.380484446839013],[98.35088416451424,7.7930452160701975],[98.13630041724616,8.348295995837987],[98.26743492946554,8.967923677607835],[98.56546791178226,9.93357720763877],[99.03039936419634,10.971654752422019],[99.57878005165907,11.88902560595141],[99.20921915358633,12.79834934673054],[99.22114047287903,13.273128998995738],[99.10192727995235,13.828379778763527],[98.44625471885558,14.616996828288798],[98.20782833300223,15.12396493155503],[98.54162527319693,15.309048524810969],[98.89926485197697,16.17008958908854],[98.5058613153189,16.83799994735994],[97.86211007351483,17.562240094883144],[97.38525730180805,18.43937538466124],[97.79058215775882,18.624458977917165],[98.26743492946554,19.71081919920197],[98.95887144844033,19.759101875703514],[99.5310947744884,20.19364596421743],[100.11523941982915,20.427012233974914],[100.5563282336579,20.113174836714855],[100.6159348301212,19.509641380445522],[101.28352871051067,19.469405816694227],[101.03318100536461,18.407186933660206],[101.06894496324259,17.50591030563134],[102.11802106099742,18.10944376190067],[102.41605404331415,17.940454394145256],[102.98827736936221,17.956548619645766],[103.21478243592293,18.302574467906858],[103.95390423206834,18.23819756590479],[104.71686866679914,17.425439178128762],[104.77647526326245,16.435644309847056],[105.58712497516393,15.57460324556947],[105.5513610172859,14.721609294042146],[105.2294853963839,14.270970980027705],[104.2757798529704,14.415819009532349],[102.98827736936221,14.222688303526162],[102.34452612755814,13.39383569024961],[102.5829525134115,12.186768777710945]]]}},{"type":"Feature","properties":{"name":"Tajikistan","Alpha-2":"TJ","Alpha-3":"TJK","id":220},"geometry":{"type":"Polygon","coordinates":[[[71.00337770713293,40.24705093785982],[70.63381680906022,39.93321354059976],[69.56089807272005,40.102202908355174],[69.45360619908604,39.53890501583714],[70.55036757401155,39.60328191783919],[71.77826346115637,39.281397407828884],[73.66183190939799,39.434292550083775],[73.92410093383668,38.500827471053874],[74.24597655473875,38.613487049557484],[74.86588515795748,38.372073667049754],[74.8181998807868,37.99385936778764],[74.98509835088419,37.41446724976908],[73.94794357242202,37.41446724976908],[73.25650705344725,37.4868912645214],[72.62467713093582,37.05234717600748],[72.18358831710711,36.94773471025413],[71.82594873832704,36.73046266599717],[71.432545201669,37.06844140150799],[71.53983707530301,37.89729401478454],[71.22988277369365,37.945576691286085],[71.34909596662033,38.243319863045635],[70.80071527915757,38.484733245553365],[70.38346910391417,38.13870739729227],[70.28809854957282,37.73635175977939],[70.13312139876814,37.5834566175245],[69.52513411484205,37.59955084302501],[69.19133717464734,37.14086541626032],[68.88138287303795,37.333996122266505],[68.14226107689251,37.020158725006446],[67.82038545599048,37.14086541626032],[68.39260878203856,38.154801622792796],[68.17802503477051,38.91927733406728],[67.43890323862507,39.1445964910745],[67.7011722630638,39.58718769233868],[68.54758593284325,39.53890501583714],[69.01251738525733,40.086108682854665],[69.33439300615936,40.72987770287528],[70.65765944764556,40.96324397263276],[70.46691833896287,40.49651143311781],[70.59805285118222,40.222909599609046],[71.00337770713293,40.24705093785982]]]}},{"type":"Feature","properties":{"name":"Tokelau","Alpha-2":"TK","Alpha-3":"TKL","id":221},"geometry":{"type":"Polygon","coordinates":[[[-171.84581760381482,-9.065655995719851],[-171.76236836876615,-9.073703108470106],[-171.76236836876615,-9.146127123222428],[-171.71468309159548,-9.19440979972397],[-171.77428968805881,-9.258786701726038],[-171.88158156169283,-9.242692476225521],[-171.88158156169283,-9.1702684614732],[-171.90542420027816,-9.121985784971649],[-171.84581760381482,-9.065655995719851]]]}},{"type":"Feature","properties":{"name":"Turkmenistan","Alpha-2":"TM","Alpha-3":"TKM","id":222},"geometry":{"type":"Polygon","coordinates":[[[61.20405324855952,35.64410244471237],[61.13252533280351,36.48904928348943],[60.3814822173654,36.529284847240724],[59.24895688456189,37.40642013701882],[58.438307172660444,37.52712682827269],[57.3296244784423,38.018000706038414],[56.62626664017486,38.1145660590415],[56.18517782634612,37.929482465785576],[55.529505265249355,37.95362380403635],[54.80230478839658,37.39032591151831],[53.92012716073913,37.18914809276186],[53.74130737134911,37.89729401478454],[53.884363202861124,38.95951289781858],[53.09755612954501,39.29749163332939],[53.34790383469104,39.973449104351054],[52.6922312735943,40.03782600635311],[52.906815020862325,40.882772845130184],[53.84859924498312,40.63331234987219],[54.75461951122591,40.9551968598825],[54.0035763957878,41.55873031615183],[53.71746473276377,42.12202820866988],[52.91873634015499,41.87256771341189],[52.81144446652098,41.14028045313842],[52.50149016491159,41.78404947315905],[52.93065765944766,42.11398109591962],[54.07510431154381,42.323206027426316],[54.76654083051858,42.04960419391755],[55.469898668786016,41.26903425714256],[55.9705940790781,41.30926982089384],[57.09119809258891,41.32536404639436],[56.92429962249156,41.82428503691035],[57.78263461156368,42.170310885171425],[58.64096960063583,42.74165589043972],[59.964236042121996,42.22664067442323],[60.083449235048704,41.42997651214771],[60.46493145241408,41.22879869339126],[61.54977150804689,41.26903425714256],[61.895489767534286,41.09199777663688],[62.37234253924103,40.05392023185363],[63.52871051062985,39.37796276083197],[64.16054043314128,38.89513599581651],[65.19769521160342,38.40426211805079],[66.54480429167495,37.97776514228712],[66.52096165308961,37.350090347767015],[66.21100735148025,37.39032591151831],[65.75799721835884,37.65588063227681],[65.57917742896882,37.30180767126547],[64.74468507848204,37.108676965259285],[64.54202265050668,36.312012802983766],[63.98172064375126,35.99817540572371],[63.19491357043515,35.85332737621906],[62.992251142459764,35.40268906220464],[62.22928670772899,35.2739352582005],[61.20405324855952,35.64410244471237]]]}},{"type":"Feature","properties":{"name":"East Timor","Alpha-2":"TL","Alpha-3":"TLS","id":223},"geometry":{"type":"Polygon","coordinates":[[[124.97119014504273,-8.888619515214174],[125.07848201867677,-8.655253245456699],[125.94873832704155,-8.429934088449485],[126.65209616530899,-8.405792750198714],[126.96205046691836,-8.277038946194587],[127.33161136499109,-8.405792750198714],[126.973971786211,-8.66330035820696],[125.93681700774886,-9.097844446720877],[125.07848201867677,-9.387540505730158],[125.06656069938407,-9.08175022122036],[124.97119014504273,-8.888619515214174]]]}},{"type":"Feature","properties":{"name":"Tonga","Alpha-2":"TO","Alpha-3":"TON","id":224},"geometry":{"type":"Polygon","coordinates":[[[-175.362606795152,-21.047806880853678],[-175.11225909000595,-20.919053076849558],[-174.99304589707927,-21.18460779760806],[-174.70693423405524,-21.265078925110643],[-174.89767534273793,-21.683528788124043],[-175.06457381283528,-21.36969139086399],[-175.35068547585934,-21.36969139086399],[-175.362606795152,-21.047806880853678]]]}},{"type":"Feature","properties":{"name":"Trinidad and Tobago","Alpha-2":"TT","Alpha-3":"TTO","id":225},"geometry":{"type":"Polygon","coordinates":[[[-61.680906020266235,10.762429820915322],[-61.09676137492549,10.891183624919442],[-60.89409894695012,10.858995173918409],[-60.92986290482813,10.102566575394185],[-61.77627657460758,10.006001222391085],[-61.943175044704944,10.086472349893661],[-61.66898470097357,10.360074183402425],[-61.680906020266235,10.762429820915322]]]}},{"type":"Feature","properties":{"name":"Tunisia","Alpha-2":"TN","Alpha-3":"TUN","id":226},"geometry":{"type":"Polygon","coordinates":[[[9.477448837671375,30.316913804041725],[9.060202662427997,32.1114199473492],[8.440294059209236,32.505728472111834],[8.440294059209236,32.755188967369826],[7.605801708722453,33.34262819813865],[7.510431154381081,34.09905679666287],[8.130339757599842,34.65430757643066],[8.368766143453229,35.47511307695695],[8.20186767335585,36.440766606987886],[8.404530101331233,36.94773471025413],[9.50129147625671,37.34204323501675],[10.204649314524147,37.22938365651314],[10.180806675938811,36.71436844049665],[11.027220345718263,37.09258273975876],[11.110669580766938,36.899452033752574],[10.58613153188955,36.40857815598685],[10.58613153188955,35.9418456164719],[10.955692429962255,35.70043223396417],[10.800715279157572,34.83134405693634],[10.145042718060807,34.332423066420354],[10.335783826743494,33.78521939940283],[10.860321875620912,33.7691251739023],[11.122590900059606,33.28629840888684],[11.504073117425008,33.13340326663194],[11.456387840254337,32.36892755535745],[10.955692429962255,32.087278609098426],[10.621895489767553,31.76539409908812],[9.942380290085453,31.379132687075746],[10.061593483012132,30.96068282406234],[9.966222928670788,30.54223296104893],[9.477448837671375,30.316913804041725]]]}},{"type":"Feature","id":226,"properties":{"name":"Turkey","Alpha-2":"TR","Alpha-3":"TUR","id":227},"geometry":{"type":"MultiPolygon","coordinates":[[[[41.54579773494933,41.54263609065132],[42.606795151996835,41.590918767152864],[43.5605006954103,41.10004488938714],[43.73932048480032,40.73792481562554],[43.66779256904431,40.25509805061008],[44.40691436518975,40.013684668102336],[44.80031790184782,39.7159414963428],[44.10888138287305,39.434292550083775],[44.430757003775085,38.267461201296406],[44.22809457579973,37.96167091678661],[44.78839658255515,37.16500675451109],[44.29962249155574,36.996017386755675],[43.9419829127757,37.25352499476393],[42.773693622094186,37.38227879876805],[42.34452612755814,37.22938365651314],[41.21200079475463,37.07648851425825],[40.675541426584545,37.09258273975876],[39.51917345519573,36.71436844049665],[38.69660242400161,36.70632132774639],[38.172064375124194,36.899452033752574],[37.06338168090602,36.62585020024381],[36.72958474071132,36.81898090625],[36.681899463540645,36.25568301373196],[36.41963043910195,36.03036385672474],[36.15736141466323,35.821138925218044],[35.78780051659052,36.27982435198273],[36.169282733955896,36.658038651244844],[35.5612954500298,36.56147329824176],[34.71488178025035,36.794839567999226],[34.03536658056825,36.215447449980665],[32.49751639181403,36.102787871477055],[31.686866679912583,36.6499915384946],[30.61394794357244,36.67413287674537],[30.375521557719054,36.25568301373196],[29.684085038744286,36.15107054797861],[28.730379495330823,36.67413287674537],[27.633618120405345,36.658038651244844],[27.049473475064588,37.64783351952655],[26.334194317504483,38.20308429929434],[26.81104708921123,38.991701348819596],[26.1792171666998,39.46648100108481],[27.287899860917946,40.41604030561523],[28.813828730379498,40.46432298211678],[29.231074905622904,41.22879869339126],[31.13848599244983,41.10004488938714],[32.34253924100935,41.74381390940777],[33.52274985098353,42.02546285566678],[35.17981323266443,42.041557081167305],[36.908404530101336,41.34145827189487],[38.338962845221545,40.9551968598825],[39.51917345519573,41.108092002137404],[40.377508444267846,41.019573761884565],[41.54579773494933,41.54263609065132]]],[[[26.06000397377312,40.82644305587838],[26.310351678919147,40.94714974713224],[26.608384661235846,41.56677742890209],[26.11961057023646,41.832332149660594],[27.14484402940593,42.13812243417039],[28.00317901847805,42.00936863016627],[28.12239221140473,41.6231072181539],[29.231074905622904,41.22879869339126],[29.08801907411089,40.97129108538302],[27.621696801112677,41.00347953638404],[27.287899860917946,40.41604030561523],[26.1792171666998,39.46648100108481],[26.048082654480453,40.61721812437167],[26.06000397377312,40.82644305587838]]]]}},{"type":"Feature","properties":{"name":"Tuvalu","Alpha-2":"TV","Alpha-3":"TUV","id":228},"geometry":{"type":"Polygon","coordinates":[[[179.1297436916352,-8.405792750198714],[179.17742896880588,-8.389698524698197],[179.22511424597656,-8.518452328702317],[179.1297436916352,-8.631111907205927],[179.0701370951719,-8.66330035820696],[179.04629445658657,-8.478216764951028],[179.1297436916352,-8.405792750198714]]]}},{"type":"Feature","properties":{"name":"Taiwan","Alpha-2":"TW","Alpha-3":"TWN","id":229},"geometry":{"type":"Polygon","coordinates":[[[121.78819789390025,24.394238819852],[121.18021060997421,22.7928633825507],[120.73912179614547,21.97205788202441],[120.21458374726802,22.81700472080147],[120.10729187363404,23.557339093825185],[120.70335783826744,24.53908684935663],[121.50208623087622,25.295515447880867],[121.95509636399765,24.99777227612133],[121.78819789390025,24.394238819852]]]}},{"type":"Feature","properties":{"name":"United Republic of Tanzania","Alpha-2":"TZ","Alpha-3":"TZA","id":230},"geometry":{"type":"Polygon","coordinates":[[[33.91615338764157,-0.9541663434600096],[34.08305185773892,-1.0587788092133579],[37.69521160341745,-3.094698335028575],[37.77866083846612,-3.6821375657973974],[39.20921915358633,-4.671932434079103],[38.732366381879615,-5.911187797618801],[38.80389429763562,-6.474485690136845],[39.43572422014705,-6.828558651148185],[39.471488178025055,-7.094113371906694],[39.197297834293664,-7.705693940926281],[39.244983111464336,-8.003437112685823],[39.185376515000996,-8.48626387770129],[39.531094774488395,-9.10589155947114],[39.94834094973177,-10.087639315002583],[40.31790184780451,-10.312958472009804],[39.51917345519573,-10.90039770277862],[38.43433339956289,-11.286659114790993],[37.826346115636795,-11.270564889290476],[37.46870653685676,-11.568308061050018],[36.77727001788199,-11.59244939930079],[36.50307967415063,-11.721203203304917],[35.31094774488378,-11.439554257045891],[34.571825948738336,-11.52807249729873],[34.285714285714306,-10.160063329754905],[33.951917345519576,-9.693330790239955],[33.74925491754422,-9.41168184398093],[32.78362805483809,-9.226598250725004],[32.187562090204665,-8.92885507896547],[31.555732167693236,-8.759865711210054],[31.162328631035166,-8.598923456204894],[30.73316113649912,-8.341415848196647],[30.196701768329035,-7.078019146406177],[29.612557122988278,-6.522768366638388],[29.42181601430559,-5.943376248619828],[29.505265249354267,-5.420313919853072],[29.338366779256916,-4.502943066323688],[29.743691635207625,-4.454660389822138],[30.10133121398769,-4.1005874288107975],[30.494734750645762,-3.569477987293787],[30.74508245579179,-3.3602530557870836],[30.73316113649912,-3.030321433026515],[30.530498708523766,-2.8050022760192945],[30.45897079276773,-2.418740864006921],[30.757003775084456,-2.289987060002801],[30.816610371547796,-1.7025478292339784],[30.411285515597058,-1.1472970494661965],[30.757003775084456,-1.0104961327118147],[31.853765150009934,-1.0265903582123244],[33.91615338764157,-0.9541663434600096]]]}},{"type":"Feature","properties":{"name":"Uganda","Alpha-2":"UG","Alpha-3":"UGA","id":231},"geometry":{"type":"Polygon","coordinates":[[[30.411285515597058,-1.1472970494661965],[29.81521955096366,-1.4530873339759935],[29.576793165110274,-1.3484748682226382],[29.588714484402942,-0.5759520441978907],[29.81521955096366,-0.20578485768603372],[29.862904828134333,0.6069735300900021],[30.077488575402356,1.0656589568546977],[30.45897079276773,1.5887212856214532],[30.840453010133132,1.8542760063799548],[31.174249950327834,2.2003018546410402],[30.780846413669792,2.345149884145684],[30.828531690840464,3.51198123293306],[31.233856546791202,3.7775359536915687],[31.865686469302602,3.5522167966843483],[32.67633618120405,3.7936301791920783],[33.391615338764154,3.7855830664418235],[34.011523941982915,4.244268493206519],[34.48837671368966,3.5522167966843483],[34.60758990661634,3.0613429189186263],[35.04867872044508,1.91060579563176],[34.67911782237235,1.170271422608046],[34.19034373137296,0.5184552898371635],[33.904232068348904,0.1160996523242801],[33.91615338764157,-0.9541663434600096],[31.853765150009934,-1.0265903582123244],[30.757003775084456,-1.0104961327118147],[30.411285515597058,-1.1472970494661965]]]}},{"type":"Feature","properties":{"name":"Ukraine","Alpha-2":"UA","Alpha-3":"UKR","id":232},"geometry":{"type":"Polygon","coordinates":[[[31.782237234253927,52.10044801898952],[32.16371945161933,52.060212455238236],[32.414067156765356,52.28553161224546],[32.700178819789386,52.2372489357439],[33.76117623683689,52.333814288747],[34.404927478640985,51.77051639622895],[34.1665010927876,51.56129146472225],[34.226107689250966,51.255501180212455],[35.036757401152414,51.20721850371091],[35.370554341347116,50.772674415196995],[35.35863302205445,50.57954370919081],[36.622292867077306,50.233517860929716],[37.39717862110075,50.39446011593487],[38.00516590502684,49.91968046366967],[38.58931055036757,49.92772757641992],[40.06755414265845,49.60584306640961],[40.07947546195112,49.30809989465008],[39.67415060600041,48.77699045313306],[39.9006556725611,48.22978678611553],[39.73375720246375,47.907902276105226],[38.78005165905029,47.82743114860265],[38.2435922908802,47.53773508959336],[38.219749652294865,47.103191001079445],[37.43294257897875,47.02271987357687],[36.75342737929665,46.6927882508163],[35.823564474468526,46.644505574314756],[34.977150804689074,46.27433838780289],[35.036757401152414,45.654710706033036],[35.50168885356646,45.42134443627557],[36.52692231273596,45.46962711277711],[36.32425988476058,45.10750703901551],[35.23941982912777,44.93851767126011],[33.88038942976357,44.35912555324155],[33.34393006159348,44.56030337199798],[33.558513808861534,45.02703591151293],[32.44983111464336,45.32477908327247],[32.61672958474071,45.517909789278654],[33.59427776673954,45.84784141203922],[33.30816610371548,46.081207681796705],[31.734551957083255,46.33871528980496],[31.674945360619915,46.70083536356656],[30.74508245579179,46.57208155956243],[30.375521557719054,46.03292500529516],[29.60063580369561,45.284543519521186],[29.13570435128156,45.46158000002686],[28.670772898867483,45.300637745021696],[28.22968408503874,45.485721338277635],[28.468110470892128,45.598380916781245],[28.658851579574815,45.93635965229206],[28.933041923306178,46.25824416230238],[28.849592688257502,46.435280642808046],[29.064176435525553,46.51575177031062],[29.171468309159565,46.37895085355624],[29.75561295450032,46.35480951530547],[30.005960659646348,46.419186417307536],[29.82714087025633,46.523798883060884],[29.898668786012337,46.66864691256553],[29.564871845817606,46.91810740782352],[29.409894695012923,47.33655727083691],[29.040333796940217,47.49749952584208],[29.123783031988893,47.84352537410316],[28.658851579574815,48.11712720761192],[28.24160540433141,48.149315658612956],[27.538247566064,48.463153055873015],[26.8587323663819,48.374634815620176],[26.620305980528514,48.22173967336527],[26.203059805285136,48.22173967336527],[25.95271210013908,47.98032629085754],[25.21359030399364,47.899855163354964],[24.86787204450627,47.73891290834981],[24.41486191138486,47.98032629085754],[23.759189350288096,47.98032629085754],[23.139280747069364,48.10103298211141],[22.722034571825958,47.883760937854454],[22.638585336777282,48.149315658612956],[22.07828333002186,48.41487037937146],[22.269024438704548,48.8252731296346],[22.567057421021275,49.08278073764286],[22.76971984899663,49.03449806114131],[22.519372143850603,49.48513637515574],[23.425392410093394,50.31398898843229],[23.938009139678144,50.4266485669359],[24.02145837472682,50.70829751319493],[23.544605603020074,51.569338577472514],[23.997615736141483,51.61762125397406],[24.557917742896876,51.89122308748282],[25.33280349692035,51.91536442573359],[26.34611563679715,51.826846185480754],[27.454798331015297,51.593479915723286],[28.22968408503874,51.569338577472514],[28.611166302404143,51.43253766071813],[28.98072720047685,51.60152702847355],[29.242996224915572,51.368160758716066],[30.16093781045103,51.42449054796787],[30.5543413471091,51.31987808221452],[30.61394794357244,51.818799072730506],[30.935823564474475,52.04411822973771],[31.782237234253927,52.10044801898952]]]}},{"type":"Feature","properties":{"name":"United States Minor Outlying Islands","Alpha-2":"UM","Alpha-3":"UMI","id":233},"geometry":{"type":"Polygon","coordinates":[[[-163.5605006954103,14.093934499522042],[-165.94476455394397,13.723767313010178],[-166.6123584343334,11.79246025294831],[-167.53030001986886,13.796191327762493],[-165.30101331213987,14.9791169020504],[-163.5605006954103,14.093934499522042]]]}},{"type":"Feature","properties":{"name":"Uruguay","Alpha-2":"UY","Alpha-3":"URY","id":234},"geometry":{"type":"Polygon","coordinates":[[[-57.63957878005165,-30.21346830339729],[-56.96006358036955,-30.10080872489368],[-55.97059407907808,-30.889425774418942],[-55.60103318100536,-30.857237323417912],[-54.57579972183588,-31.501006343438533],[-53.7770713292271,-32.05625712320632],[-53.19292668388634,-32.73221459422797],[-53.657858136300405,-33.19894713374293],[-53.371746473276374,-33.77833925176148],[-53.800913967812434,-34.397966933531336],[-54.9453606199086,-34.953217713299125],[-55.68448241605404,-34.76008700729294],[-56.23286310351678,-34.86469947304629],[-57.13888336975958,-34.43015538453237],[-57.806477250149015,-34.462343835533396],[-58.414464534075094,-33.91514016851586],[-58.34293661831909,-33.255276922994724],[-58.14027419034373,-33.038004878737766],[-58.14027419034373,-32.05625712320632],[-57.87800516590502,-31.018179578423066],[-57.63957878005165,-30.21346830339729]]]}},{"type":"Feature","properties":{"name":"United States of America","Alpha-2":"US","Alpha-3":"USA","id":235},"geometry":{"type":"MultiPolygon","coordinates":[[[[-155.53745281144447,19.091191517432115],[-155.68050864295648,18.90610792417619],[-155.9308563481025,19.067050179181344],[-155.90701370951717,19.340652012690107],[-156.07391217961455,19.70277208645171],[-156.02622690244388,19.807384552205058],[-155.8593284323465,19.984421032710735],[-155.91893502880987,20.17755173871692],[-155.87124975163917,20.274117091720008],[-155.77587919729783,20.249975753469236],[-155.39439697993245,20.089033498464083],[-155.23941982912777,19.992468145460982],[-155.0725213590304,19.863714341456863],[-154.82217365388436,19.509641380445522],[-154.8460162924697,19.46135870394398],[-155.23941982912777,19.24408665968702],[-155.53745281144447,19.091191517432115]]],[[[-156.07391217961455,20.644284278231872],[-156.41963043910192,20.579907376229805],[-156.5746075899066,20.781085194986254],[-156.6938207828333,20.869603435239092],[-156.70574210212595,20.925933224490898],[-156.62229286707728,21.014451464743722],[-156.26465328829724,20.917886111740636],[-155.99046294456588,20.76499096948573],[-156.07391217961455,20.644284278231872]]],[[[-156.75342737929665,21.175393719748875],[-156.777270017882,21.070781253995527],[-157.31372938605205,21.10296970499656],[-157.2541227895887,21.223676396250433],[-156.75342737929665,21.175393719748875]]],[[[-157.65944764553944,21.32828886200378],[-157.69521160341745,21.263911960001714],[-157.77866083846612,21.288053298252485],[-158.1243790979535,21.32024174925352],[-158.25551361017287,21.537513793510477],[-158.29127756805087,21.56970224451151],[-158.02900854361215,21.714550274016155],[-157.9336379892708,21.650173372014088],[-157.65944764553944,21.32828886200378]]],[[[-159.35227498509835,21.980104994774656],[-159.45956685873236,21.875492529021308],[-159.7933637989271,22.060576122277233],[-159.74567852175642,22.133000137029562],[-159.60262269024437,22.245659715533172],[-159.36419630439102,22.22956549003265],[-159.35227498509835,21.980104994774656]]],[[[-67.14087025630836,45.13164837726628],[-66.96205046691833,44.809763867255974],[-68.03496920325848,44.326937102240514],[-69.06020266242797,43.98091125397942],[-70.13312139876813,43.683168082219886],[-70.63381680906019,43.095728851451064],[-70.80071527915756,42.862362581693596],[-70.81263659845023,42.33125314017658],[-70.51460361613351,41.80819081140982],[-70.08543612159745,41.78404947315905],[-70.19272799523146,42.13812243417039],[-69.89469501291475,41.92085038991343],[-69.97814424796344,41.63115433090416],[-70.63381680906019,41.478259188649254],[-71.1225909000596,41.49435341414978],[-71.84979137691238,41.32536404639436],[-72.2908801907411,41.277081369892805],[-72.86310351678918,41.22879869339126],[-73.72143850586131,40.94714974713224],[-72.23127359427777,41.124186227637914],[-71.93324061196105,40.93910263438199],[-73.3518776077886,40.63331234987219],[-73.98370753030001,40.63331234987219],[-73.947943572422,40.76206615387631],[-74.24597655473872,40.480417207617286],[-73.97178621100734,40.42408741836548],[-74.17444863898271,39.7159414963428],[-74.90164911583548,38.94341867231805],[-74.98509835088416,39.192879167576045],[-75.18776077885953,39.25725606957811],[-75.53347903834691,39.49866945208584],[-75.31889529107887,38.967560010568825],[-75.05662626664017,38.7824764173129],[-75.0447049473475,38.40426211805079],[-75.37850188754221,38.00995359328815],[-75.93880389429764,37.21328943101263],[-76.02225312934631,37.25352499476393],[-75.7242201470296,37.929482465785576],[-76.23683687661435,38.31574387779795],[-76.35605006954103,39.152643603824764],[-76.55871249751638,38.710052402560585],[-76.32028611166302,38.07433049529022],[-76.99980131134512,38.23527275029537],[-76.28452215378502,37.913388240285066],[-76.24875819590702,36.96382893575464],[-75.97456785217564,36.899452033752574],[-75.86727597854163,36.545379072741234],[-75.73614146632227,35.54753709170928],[-76.37989270812636,34.80720271868555],[-77.40512616729585,34.50945954692602],[-78.04887740909993,33.930067428907456],[-78.54957281939201,33.865690526905404],[-79.05026822968408,33.48747622764328],[-79.1933240611961,33.15754460488271],[-80.29008543612159,32.513775584862096],[-80.86230876216968,32.03899593259688],[-81.35108285316907,31.443509589077813],[-81.4941386846811,30.73536366705512],[-81.3033975759984,30.0352648577827],[-80.98152195509635,29.190318019005623],[-80.54043314126763,28.466077871482433],[-80.52851182197496,28.039580895718764],[-80.05165905026823,26.880796659681643],[-80.08742300814623,26.196792075909734],[-80.1351082853169,25.818577776647622],[-80.38545599046294,25.206997207628028],[-80.67156765348697,25.078243403623908],[-81.17226306377906,25.198950094877766],[-81.3391615338764,25.641541296141945],[-81.70872243194913,25.866860453149165],[-82.24518180011921,26.72790151742675],[-82.71011325253328,27.492377228701237],[-82.85316908404529,27.87863864071361],[-82.65050665606994,28.554596111735272],[-82.93661831909398,29.1017997787528],[-83.71150407311742,29.93065239202935],[-84.10490760977548,30.099641759784753],[-85.09437711106695,29.649003445770326],[-85.27319690045698,29.689239009521607],[-85.76197099145638,30.155971549036558],[-86.39380091396781,30.40543204429455],[-87.5263262467713,30.28472535304069],[-88.42042519372143,30.381290706043778],[-89.1833896284522,30.324960916791973],[-89.60063580369561,30.16401866178682],[-89.42181601430558,29.898463941028318],[-89.43373733359824,29.49610830351542],[-89.23107490562289,29.294930484758986],[-89.40989469501291,29.174223793505114],[-89.7913769123783,29.311024710259495],[-90.16093781045102,29.12594111700357],[-90.88813828730379,29.158129568004604],[-91.6391814027419,29.68119189677136],[-92.49751639181402,29.560485205517487],[-93.22471686866679,29.793851475274955],[-93.84462547188555,29.71338034777238],[-94.691039141665,29.488061190765173],[-95.60898072720047,28.739679704991197],[-96.59845022849196,28.30513561647728],[-97.13490959666203,27.830355964212067],[-97.36141466322273,27.379717650197627],[-97.38525730180807,26.679618840925208],[-97.32565070534473,26.204839188659996],[-97.13490959666203,25.866860453149165],[-97.51639181402741,25.842719114898394],[-98.25551361017286,26.059991159155352],[-99.01847804490363,26.357734330914887],[-99.29266838863501,26.84056109593036],[-99.5191734551957,27.54065990520278],[-100.10331810053646,28.10395779772083],[-100.46095767931651,28.68334991573939],[-100.96165308960857,29.391495837762072],[-101.66501092787601,29.777757249774446],[-102.48758195907013,29.761663024273936],[-103.10749056228889,28.973045974748665],[-103.94198291277567,29.2707891465082],[-104.46652096165309,29.576579431017997],[-104.71686866679912,30.131830210785786],[-105.05066560699383,30.646845426802294],[-105.63481025233459,31.08138951531621],[-106.12358434333399,31.403274025326517],[-106.49314524140671,31.757346986337858],[-108.2336578581363,31.757346986337858],[-108.2336578581363,31.33889712332445],[-109.04430757003774,31.33889712332445],[-111.0232465726207,31.33889712332445],[-113.31213987681303,32.03899593259688],[-114.81422610768925,32.52182269761234],[-114.71885555334791,32.72300051636879],[-115.98251539837075,32.61034093786518],[-117.12696205046691,32.53791692311287],[-117.30578183985693,33.05293213912936],[-117.94953308166103,33.61623003164741],[-118.41446453407511,33.73693672290127],[-118.50983508841645,34.02663278191056],[-119.08205841446454,34.0749154584121],[-119.43969799324458,34.348517291920864],[-120.36956089807272,34.445082644923964],[-120.61990860321876,34.614072012679365],[-120.73912179614544,35.153228566946645],[-121.71666997814424,36.16716477347912],[-122.55116232863102,37.551268166523464],[-122.51539837075302,37.776587323530684],[-122.95648718458176,38.10651894629125],[-123.7313729386052,38.95951289781858],[-123.86250745082455,39.772271285594606],[-124.4108881382873,40.311427839861885],[-124.1843830717266,41.148327565888685],[-124.20822571031194,42.00936863016627],[-124.54202265050665,42.75775011594025],[-124.13669779455593,43.71535653322092],[-124.0294059209219,44.608586048499525],[-123.91019272799522,45.517909789278654],[-124.08901251738526,46.861777618571715],[-124.39896681899464,47.72281868284929],[-124.69699980131134,48.18150410961399],[-124.56586528909199,48.374634815620176],[-123.12338565467911,48.04470319285961],[-122.58692628650904,47.08709677557892],[-122.34849990065567,47.35265149633744],[-122.50347705146035,48.18150410961399],[-122.83727399165508,49.01035672289054],[-119.98807868070733,49.01035672289054],[-117.03159149612557,49.01035672289054],[-116.04212199483409,49.01035672289054],[-112.99026425591099,49.01035672289054],[-110.06954102920723,49.01035672289054],[-107.05344724816213,49.01035672289054],[-104.06119610570236,49.01035672289054],[-100.65169878799921,49.01035672289054],[-97.23028015100337,49.01035672289054],[-95.14404927478641,49.01035672289054],[-95.14404927478641,49.38052390940239],[-94.82217365388436,49.388571022152654],[-94.63143254520166,48.84136735513513],[-94.32147824359228,48.66433087462945],[-93.63004172461753,48.5999539726274],[-92.60480826544804,48.44705883037249],[-91.65110272203457,48.141268545862694],[-90.84045301013312,48.27002234986683],[-89.61255712298828,48.00446762910831],[-89.27876018279356,48.012514741858574],[-88.38466123584342,48.30221080086785],[-87.4547983310153,47.94009072710626],[-86.45340751043115,47.53773508959336],[-85.6427577985297,47.215850579583055],[-84.86787204450626,46.893966069572734],[-84.77250149016491,46.636458461564494],[-84.54599642360421,46.539893108561394],[-84.61752433936022,46.435280642808046],[-84.34333399562884,46.40309219180701],[-84.15259288694615,46.51575177031062],[-84.09298629048281,46.27433838780289],[-83.89032386250744,46.121443245548],[-83.61613351877607,46.121443245548],[-83.47307768726405,45.99268944154387],[-83.6042121994834,45.815652961038204],[-82.55513610172859,45.34087330877299],[-82.35247367375322,44.439596680744124],[-82.13788992648519,43.57855561646654],[-82.42400158950923,42.975022160197206],[-82.90085436121598,42.42781849317968],[-83.115438108484,42.07374553216834],[-83.151202066362,41.97718017916524],[-83.03198887343532,41.832332149660594],[-82.69819193324061,41.67138989465544],[-82.4359229088019,41.67138989465544],[-81.2676336181204,42.21054644892272],[-80.24240015895091,42.36344159117761],[-78.94297635605007,42.862362581693596],[-78.91913371746473,42.966975047446944],[-79.01450427180608,43.27276533195674],[-79.16948142261076,43.46589603796293],[-78.72839260878203,43.62683829296808],[-77.73892310749056,43.63488540571834],[-76.82098152195509,43.63488540571834],[-76.52294853963838,44.02114681773072],[-76.39181402741903,44.10161794523329],[-75.31889529107887,44.809763867255974],[-74.86588515795748,45.00289457326216],[-73.3518776077886,45.00289457326216],[-71.504073117425,45.00289457326216],[-71.39678124379097,45.25235506852015],[-71.06298430359627,45.300637745021696],[-70.64573812835286,45.46158000002686],[-70.31194118815814,45.91221831404129],[-70.00198688654878,46.6927882508163],[-69.239022451818,47.44921684934052],[-68.91714683091595,47.18366212858202],[-68.23763163123385,47.344604383587175],[-67.79654281740513,47.0549083245779],[-67.79654281740513,45.69494626978433],[-67.14087025630836,45.13164837726628]]],[[[-153.02205444069142,57.113799262400114],[-154.02344526127558,56.72753785038774],[-154.52414067156766,56.993092571146256],[-154.67911782237235,57.45982511066121],[-153.77309755612953,57.82194518442281],[-153.24855950725214,57.96679321392744],[-152.55712298827737,57.894369199175124],[-152.13987681303396,57.58857891466533],[-153.02205444069142,57.113799262400114]]],[[[-165.57520365587123,59.90614738673957],[-166.18319093979733,59.75325224448466],[-166.86270613947943,59.94638295049085],[-167.47069342340552,60.211937671249366],[-166.48122392211405,60.38897415175503],[-165.68249552950527,60.300455911502205],[-165.57520365587123,59.90614738673957]]],[[[-171.72660441088814,63.776808619613554],[-171.11861712696205,63.58367791360737],[-170.48678720445062,63.69633749211098],[-169.67613749254917,63.430782771352476],[-168.69858931055037,63.293981854598094],[-168.77011722630638,63.189369388844746],[-169.5211603417445,62.980144457338035],[-170.28412477647527,63.197416501594994],[-170.65368567454797,63.37445298210067],[-171.54778462149812,63.310076080098604],[-171.78621100735148,63.406641433101704],[-171.72660441088814,63.776808619613554]]],[[[-140.98152195509635,69.71557782930381],[-141.0053645936817,65.9978117386847],[-141.0053645936817,60.316550137002714],[-140.01589509239022,60.28436168600168],[-139.03834691039143,60.002712739742655],[-138.34691039141666,59.56816865122874],[-137.45281144446653,58.9083054057076],[-136.4752632624677,59.47160329822565],[-135.4619511225909,59.79348780823596],[-134.94933439300615,59.2704254794692],[-134.26981919332405,58.86806984195632],[-133.36379892708126,58.40938441519162],[-132.7438903238625,57.68514426766843],[-131.71865686469303,56.55050136988208],[-129.99006556725612,55.91477946261171],[-129.96622292867076,55.279057555341346],[-130.53844625471885,54.804277903076134],[-131.0868269421816,55.182492202338246],[-131.96900456983906,55.496329599598305],[-132.26703755215578,56.35737066387589],[-133.55454003576395,57.17817616440218],[-134.07907808464137,58.119688356182344],[-135.03278362805483,58.1840652581844],[-136.63024041327242,58.20820659643518],[-137.7985297039539,58.497902655444456],[-139.8728392608782,59.54402731297797],[-140.82654480429167,59.72911090623389],[-142.57897874031391,60.099278092745756],[-143.94993045897078,60.002712739742655],[-145.92886946155375,60.46139816650736],[-147.1210013908206,60.88789514227101],[-148.2416054043314,60.670623098014055],[-148.0270216570634,59.986618514242146],[-148.5515597059408,59.91419449948983],[-149.70792767732962,59.70496956798312],[-150.6139479435724,59.37503794522255],[-151.71070931849792,59.165813013715855],[-151.8656864693026,59.745205131734416],[-151.4126763361812,60.73500000001612],[-150.32783628054838,61.03274317177566],[-150.62586926286508,61.28220366703365],[-151.88952910788794,60.73500000001612],[-152.56904430757004,60.06708964174472],[-154.03536658056825,59.35894371972204],[-153.2962447844228,58.86806984195632],[-154.24995032783627,58.143829694433116],[-155.2990264255911,57.72537983141971],[-156.30041724617524,57.41958954690991],[-156.55076495132127,56.97699834564573],[-158.1243790979535,56.46198312962924],[-158.4343333995629,55.99525059011429],[-159.60262269024437,55.56875361435062],[-160.29405920921914,55.64117762910295],[-161.23584343333997,55.367575795594185],[-162.24915557321677,55.029597060083354],[-163.05980528511822,54.691618324572524],[-164.78839658255512,54.40192226556325],[-164.94337373335983,54.570911633318666],[-163.858533677727,55.045691285583864],[-162.86906417643553,55.35148157009366],[-161.79614544009536,55.89063812436094],[-160.55632823365787,56.00329770286455],[-160.06755414265845,56.413700453127696],[-158.68468110470891,57.01723390939703],[-158.45817603814822,57.21841172815348],[-157.73097556129545,57.57248468916482],[-157.54023445261276,58.32086617493879],[-157.03953904232068,58.924399631208125],[-158.18398569441683,58.610562233948066],[-158.51778263461156,58.78759871445374],[-159.05424200278165,58.41743152794188],[-159.72183588317108,58.93244674395837],[-159.98410490760978,58.57032667019677],[-160.3536658056825,59.069247660712755],[-161.35505662626665,58.66689202319987],[-161.9749652294854,58.66689202319987],[-162.05841446453408,59.26237836671894],[-161.87959467514406,59.648639778731315],[-162.51142459765546,59.99466562699241],[-163.81084840055632,59.80958203373647],[-164.66918338962844,60.27631457325143],[-165.34869858931054,60.5096808430089],[-165.3606199086032,61.07297873552695],[-166.123584343334,61.49947571129061],[-165.74210212596861,62.07886782930917],[-164.9195310947745,62.63411860907696],[-164.56189151599443,63.14108671234319],[-163.75124180409298,63.22155783984578],[-163.05980528511822,63.06061558484061],[-162.2729982118021,63.535395237105824],[-161.53387641565666,63.45492410960325],[-160.7709119809259,63.760714394113045],[-160.9497317703159,64.21939982087773],[-161.521955096364,64.3964363013834],[-160.7709119809259,64.79074482614604],[-161.39082058414465,64.78269771339578],[-162.43989668189946,64.56542566913882],[-162.74985098350885,64.3401065121316],[-163.53665805682496,64.56542566913882],[-164.9552950526525,64.44471897788495],[-166.42161732565071,64.68613236039269],[-166.86270613947943,65.08848799790559],[-168.12636598450229,65.66788011592413],[-166.7196503079674,66.0782828661873],[-164.49036360023842,66.58525096945351],[-163.65587124975164,66.58525096945351],[-163.787005761971,66.07023575343703],[-161.67693224716868,66.11851842993858],[-162.48758195907013,66.73814611170843],[-163.72739916550765,67.10831329822028],[-164.43075700377508,67.60723428873627],[-165.39638386648122,68.03373126449992],[-166.76733558513808,68.35561577451023],[-166.19511225909,68.89477232877752],[-164.41883568448242,68.91891366702828],[-163.15517583945956,69.37759909379298],[-162.9167494536062,69.86042585880844],[-161.91535863302204,70.33520551107364],[-160.92588913173057,70.45591220232751],[-159.04232068348898,70.90655051634195],[-158.1243790979535,70.82607938883936],[-156.5746075899066,71.37328305585692],[-155.0725213590304,71.1479638988497],[-154.35724220147029,70.689278472085],[-153.9042320683489,70.90655051634195],[-152.21140472879,70.82607938883936],[-152.2710113252533,70.60076023183217],[-150.73316113649912,70.43981797682699],[-149.70792767732962,70.52833621707984],[-147.62169680111265,70.2144988198198],[-145.6904430757004,70.12598057956694],[-144.91555732167694,69.99722677556281],[-143.59229088019075,70.15816903056799],[-142.0663620107292,69.85237874605818],[-140.98152195509635,69.71557782930381]]]]}},{"type":"Feature","properties":{"name":"Uzbekistan","Alpha-2":"UZ","Alpha-3":"UZB","id":236},"geometry":{"type":"Polygon","coordinates":[[[66.52096165308961,37.350090347767015],[66.54480429167495,37.97776514228712],[65.19769521160342,38.40426211805079],[64.16054043314128,38.89513599581651],[63.52871051062985,39.37796276083197],[62.37234253924103,40.05392023185363],[61.895489767534286,41.09199777663688],[61.54977150804689,41.26903425714256],[60.46493145241408,41.22879869339126],[60.083449235048704,41.42997651214771],[59.964236042121996,42.22664067442323],[58.64096960063583,42.74165589043972],[57.78263461156368,42.170310885171425],[56.92429962249156,41.82428503691035],[57.09119809258891,41.32536404639436],[55.9705940790781,41.30926982089384],[55.93483012120009,44.9948474605119],[58.50983508841645,45.59033380403098],[58.6886548778065,45.501815563778145],[60.250347705146055,44.76952830350469],[61.0609974170475,44.39936111699283],[62.014702960460966,43.50613160171422],[63.18299225114248,43.65097963121885],[64.89966222928672,43.73145075872143],[66.1156367971389,42.991116385697715],[66.02026624279756,42.00132151741601],[66.52096165308961,41.9852272919155],[66.7117027617723,41.17246890413946],[67.9992052453805,41.14028045313842],[68.27339558911189,40.665500800873225],[68.63103516789192,40.67354791362347],[69.060202662428,41.39778806114668],[70.39539042320683,42.07374553216834],[70.95569242996226,42.266876238174525],[71.25372541227898,42.170310885171425],[70.41923306179217,41.51849475240055],[71.15835485793761,41.148327565888685],[71.86171269620505,41.39778806114668],[73.04192330617923,40.87472573237992],[71.7663421418637,40.15048558485672],[71.00337770713293,40.24705093785982],[70.59805285118222,40.222909599609046],[70.46691833896287,40.49651143311781],[70.65765944764556,40.96324397263276],[69.33439300615936,40.72987770287528],[69.01251738525733,40.086108682854665],[68.54758593284325,39.53890501583714],[67.7011722630638,39.58718769233868],[67.43890323862507,39.1445964910745],[68.17802503477051,38.91927733406728],[68.39260878203856,38.154801622792796],[67.82038545599048,37.14086541626032],[67.08126365984504,37.34204323501675],[66.52096165308961,37.350090347767015]]]}},{"type":"Feature","properties":{"name":"Holy See","Alpha-2":"VA","Alpha-3":"VAT","id":237},"geometry":{"type":"Polygon","coordinates":[[[12.445857341545803,41.928897502663695],[12.46969998013114,41.928897502663695],[12.505463938009143,41.90475616441292],[12.46969998013114,41.87256771341189],[12.4100933836678,41.88061482616215],[12.398172064375132,41.91280327716317],[12.445857341545803,41.928897502663695]]]}},{"type":"Feature","properties":{"name":"Saint Vincent and the Grenadines","Alpha-2":"VC","Alpha-3":"VCT","id":238},"geometry":{"type":"Polygon","coordinates":[[[-61.204053248559504,13.40992991575012],[-61.12060401351083,13.385788577499348],[-61.084840055632824,13.273128998995738],[-61.204053248559504,13.015621390987498],[-61.32326644148618,13.200704984243423],[-61.204053248559504,13.40992991575012]]]}},{"type":"Feature","properties":{"name":"Venezuela","Alpha-2":"VE","Alpha-3":"VEN","id":239},"geometry":{"type":"Polygon","coordinates":[[[-71.32525332803496,11.7763660274478],[-71.36101728591296,11.53495264494007],[-71.94516193125372,11.430340179186707],[-71.611364991059,10.97970186517228],[-71.62328631035167,10.440545310905001],[-72.0643751241804,9.869200305636703],[-71.69481422610768,9.080583256111446],[-71.25372541227895,9.144960158113498],[-71.02722034571825,9.86115319288644],[-71.3490959666203,10.215226153897795],[-71.39678124379097,10.97970186517228],[-70.15696403735346,11.374010389934902],[-70.30001986886548,11.848790042200115],[-69.94238029008542,12.154580326709912],[-69.58474071130539,11.462528630187741],[-68.89330419233062,11.446434404687231],[-68.23763163123385,10.891183624919442],[-68.18994635406318,10.561252002158874],[-67.30776872640571,10.545157776658364],[-66.23484999006556,10.65781735516196],[-65.66262666401748,10.199131928397271],[-64.88774090999404,10.0784252371434],[-64.31551758394595,10.384215521653196],[-64.30359626465328,10.649770242411712],[-63.07570037750844,10.706100031663517],[-61.883568448241604,10.722194257164027],[-62.741903437313724,10.41640397265423],[-62.38426385853367,9.94967143313928],[-61.58553546592489,9.877247418386965],[-60.822571031194116,9.39442065337149],[-60.679515199682086,8.5736151528452],[-60.15497715080468,8.597756491095971],[-59.76157361414663,8.364390221338496],[-60.54838068746274,7.776950990569681],[-60.64375124180408,7.406783804057824],[-60.2980329823167,7.036616617545967],[-60.54838068746274,6.851533024290035],[-61.15636797138883,6.690590769284881],[-61.144446652096164,6.239952455270448],[-61.40671567653486,5.958303509011422],[-60.73912179614544,5.193827797736937],[-60.60798728392608,4.920225964228173],[-60.96562686270613,4.533964552215799],[-62.08623087621696,4.171844478454197],[-62.80151003377706,4.010902223449044],[-63.08762169680111,3.7694888409413068],[-63.88635008940989,4.018949336199299],[-64.61355056626266,4.1557502529536805],[-64.80429167494536,4.059184899950587],[-64.36320286111662,3.7936301791920783],[-64.39896681899462,3.1257198209206862],[-64.26783230677528,2.4980450264005825],[-63.421418636995824,2.409526786147744],[-63.37373335982515,2.2003018546410402],[-64.07709119809259,1.9186529083820218],[-64.1843830717266,1.5082501581188694],[-64.60162924696999,1.3312136776131993],[-65.3526723624081,1.0898002951054693],[-65.55533479038347,0.792057123345927],[-66.33022054440691,0.7196331085936123],[-66.89052255116232,1.2668367756111394],[-67.17663421418636,2.2485845311425905],[-67.43890323862507,2.6026574921539307],[-67.8084641366978,2.819929536410889],[-67.30776872640571,3.310803414176611],[-67.35545400357638,3.5441696839340935],[-67.62964434730776,3.8419128556936286],[-67.82038545599046,4.501776101214766],[-67.74885754023445,5.217969135987708],[-67.53427379296642,5.555947871498532],[-67.35545400357638,6.095104425765804],[-67.70117226306377,6.264093793521219],[-68.27339558911186,6.159481327767871],[-68.98867474667196,6.207764004269414],[-69.39399960262269,6.095104425765804],[-70.10927876018279,6.95614549004339],[-70.65765944764553,7.092946406797772],[-71.94516193125372,6.9883339410444165],[-72.1835883171071,7.334359789305502],[-72.43393602225312,7.4228780295583405],[-72.46969998013113,7.624055848314782],[-72.36240810649711,8.002270147576901],[-72.43393602225312,8.404625785089785],[-72.64851976952116,8.629944942097005],[-72.7796542817405,9.096677481611955],[-73.30419233061792,9.161054383614022],[-73.01808066759388,9.740446501632583],[-72.91078879395987,10.448592423655263],[-72.61275581164315,10.826806722917375],[-72.2193522749851,11.116502781926663],[-71.96900456983906,11.615423772442647],[-71.32525332803496,11.7763660274478]]]}},{"type":"Feature","properties":{"name":"Virgin Islands (British)","Alpha-2":"VG","Alpha-3":"VGB","id":240},"geometry":{"type":"Polygon","coordinates":[[[-64.92350486787204,18.391092708159697],[-64.8638982714087,18.4474224974115],[-64.76852771706734,18.471563835662273],[-64.66123584343333,18.46351672291201],[-64.57778660838466,18.511799399413555],[-64.47049473475064,18.47961094841252],[-64.37512418040929,18.55203496316485],[-64.26783230677528,18.503752286663307],[-64.4108881382873,18.45546961016175],[-64.51818001192132,18.33476291890789],[-64.64931452414066,18.262338904155563],[-64.708921120604,18.374998482659173],[-64.92350486787204,18.391092708159697]]]}},{"type":"Feature","properties":{"name":"Virgin Islands (U.S.)","Alpha-2":"VI","Alpha-3":"VIR","id":241},"geometry":{"type":"MultiPolygon","coordinates":[[[[-64.92350486787204,18.391092708159697],[-64.708921120604,18.374998482659173],[-64.64931452414066,18.262338904155563],[-64.91158354857937,18.278433129656086],[-65.1261672958474,18.34281003165814],[-64.92350486787204,18.391092708159697]]],[[[-64.8996622292867,17.76341791363958],[-64.76852771706734,17.803653477390874],[-64.72084243989667,17.77146502638984],[-64.56586528909199,17.779512139140103],[-64.55394396979932,17.73122946263856],[-64.74468507848201,17.674899673386754],[-64.93542618716471,17.666852560636492],[-64.8996622292867,17.76341791363958]]]]}},{"type":"Feature","properties":{"name":"Vietnam","Alpha-2":"VN","Alpha-3":"VNM","id":242},"geometry":{"type":"Polygon","coordinates":[[[108.05483806874628,21.553608019011],[106.70772898867477,20.700614067483677],[105.87323663818796,19.759101875703514],[105.65865289091994,19.05900306643108],[106.43353864494338,17.99678418339706],[107.35148023047884,16.693151917855296],[108.25750049672166,16.081571348835702],[108.86548778064775,15.276860073809935],[109.34234055235447,13.434071254000905],[109.19928472084246,11.66370644894419],[108.352871051063,11.011890316173314],[107.20842439896683,10.360074183402425],[106.38585336777271,9.531221570125872],[105.16987879992053,8.597756491095971],[104.80031790184779,9.249572623866861],[105.08642956487188,9.917482982138246],[104.33538644943377,10.488827987406559],[105.2175640770912,10.891183624919442],[106.2427975362607,10.971654752422019],[105.82555136101729,11.575188208691351],[107.48261474269822,12.339663919965837],[107.6018279356249,13.530636607003991],[107.36340154977154,14.206594078025653],[107.55414265845423,15.204436059057606],[107.30379495330817,15.9125819810803],[106.55275183787006,16.604633677602457],[105.92092191535863,17.481768967380567],[105.09835088416452,18.66469454166846],[103.89429763560503,19.268227997937792],[104.18040929862906,19.622300958949133],[104.83608185972582,19.895902792457896],[104.44267832306775,20.756943856735482],[103.21478243592293,20.76499096948573],[102.74985098350885,21.67431471026486],[102.17762765746079,22.47097887254038],[102.71408702563087,22.712392255048123],[103.50089409894696,22.70434514229786],[104.47844228094579,22.81700472080147],[105.33677727001788,23.356161275068736],[105.82555136101729,22.969899863056362],[106.71965030796741,22.7928633825507],[106.56467315716276,22.22956549003265],[107.02960460957678,21.81111562701924],[108.05483806874628,21.553608019011]]]}},{"type":"Feature","properties":{"name":"Vanuatu","Alpha-2":"VU","Alpha-3":"VUT","id":243},"geometry":{"type":"MultiPolygon","coordinates":[[[[167.8640969600636,-16.468999725957005],[167.5183787005762,-16.597753529961132],[167.1845817603815,-16.163209441447208],[167.22034571825952,-15.889607607938444],[167.8640969600636,-16.468999725957005]]],[[[167.11305384462548,-14.940048303408027],[167.27995231472283,-15.7447595784338],[167.0057619709915,-15.61600577442968],[166.79117822372342,-15.672335563681486],[166.6600437115041,-15.39068661742246],[166.62427975362607,-14.626210906147975],[167.11305384462548,-14.940048303408027]]]]}},{"type":"Feature","properties":{"name":"Wallis and Futuna","Alpha-2":"WF","Alpha-3":"WLF","id":244},"geometry":{"type":"Polygon","coordinates":[[[-178.19988078680709,-14.23190238138534],[-178.16411682892908,-14.23190238138534],[-178.09258891317305,-14.28018505788689],[-178.04490363600237,-14.28018505788689],[-178.0329823167097,-14.312373508887923],[-177.94953308166103,-14.336514847138695],[-178.0687462745877,-14.416985974641271],[-178.09258891317305,-14.34456195988895],[-178.16411682892908,-14.34456195988895],[-178.19988078680709,-14.23190238138534]]]}},{"type":"Feature","properties":{"name":"Samoa","Alpha-2":"WS","Alpha-3":"WSM","id":245},"geometry":{"type":"Polygon","coordinates":[[[-172.3822769719849,-13.43523821910982],[-172.22729982118022,-13.459379557360592],[-172.01271607391217,-13.789311180121167],[-171.57162726008346,-13.805405405621677],[-171.36896483210808,-14.01463033712838],[-171.7385257301808,-14.07900723913044],[-172.5014901649116,-13.821499631122194],[-172.8710510629843,-13.491568008361625],[-172.3822769719849,-13.43523821910982]]]}},{"type":"Feature","id":245,"properties":{"name":"Kosovo","Alpha-2":"XK","Alpha-3":"XKX","id":246},"geometry":{"type":"Polygon","coordinates":[[[20.588118418438313,41.856473487911366],[20.516590502682305,42.21859356167297],[20.26624279753628,42.323206027426316],[20.063580369560896,42.58071363543457],[20.25432147824361,42.81407990519205],[20.504669183389638,42.878456807194105],[20.623882376316317,43.216435542704936],[20.814623484999004,43.27276533195674],[20.957679316511047,43.13596441520236],[21.136499105901066,43.079634625950554],[21.255712298827746,42.90259814544488],[21.422610768925097,42.862362581693596],[21.613351877607812,42.67727898843767],[21.756407709119827,42.68532610118792],[21.637194516193148,42.435865605929926],[21.541823961851776,42.323206027426316],[21.565666600437112,42.24273489992374],[21.33916153387642,42.21054644892272],[20.755016888535664,42.057651306667815],[20.71925293065766,41.84842637516112],[20.588118418438313,41.856473487911366]]]}},{"type":"Feature","properties":{"name":"Yemen","Alpha-2":"YE","Alpha-3":"YEM","id":247},"geometry":{"type":"Polygon","coordinates":[[[53.09755612954501,16.652916354104015],[52.38227697198491,16.37931452059525],[52.17961454400955,15.936723319331072],[52.15577190542422,15.598744583820242],[51.16630240413272,15.172247608056573],[49.556924299622494,14.705515068541622],[48.68666799125771,13.997369146518942],[48.25750049672166,13.949086470017399],[47.9356248758196,14.005416259269204],[47.35148023047884,13.595013509006058],[46.71965030796741,13.40992991575012],[45.88515795748063,13.345553013748066],[45.622888933041935,13.297270337246523],[45.42022650506658,13.02366850373776],[45.14603616133519,12.967338714485955],[44.991059010530506,12.701783993727439],[44.490363600238425,12.717878219227963],[44.18040929862906,12.581077302473581],[43.465130141068954,12.637407091725386],[43.21478243592293,13.224846322494194],[43.23862507450826,13.772049989511721],[43.07172660441091,14.061746048521009],[42.8809854957282,14.810127534294985],[42.59487383270417,15.22053028455813],[42.79753626067952,15.260765848309411],[42.69024438704551,15.711404162323852],[42.80945757997219,15.920629093830549],[42.773693622094186,16.35517318234448],[43.20286111663026,16.660963466854263],[43.09556924299625,17.07941332986767],[43.35783826743494,17.586381433133916],[43.798927081263656,17.312779599625152],[44.06119610570238,17.40129783987799],[45.2175640770912,17.43348629087901],[45.40830518577391,17.32887382512566],[46.362010729187375,17.224261359372314],[46.75541426584542,17.28059114862412],[47.01768329028414,16.942612413113288],[47.47069342340552,17.10355466811844],[48.19789390025829,18.165773551152476],[49.12775680508645,18.616411865166903],[51.988873435326866,19.002673277179277],[52.77568050864298,17.344968050626186],[53.09755612954501,16.652916354104015]]]}},{"type":"Feature","properties":{"name":"South Africa","Alpha-2":"ZA","Alpha-3":"ZAF","id":248},"geometry":{"type":"Polygon","coordinates":[[[16.34412875024836,-28.571857302344704],[16.820981521955105,-28.080983424578978],[17.214385058613175,-28.35458525808774],[17.381283528710526,-28.773035121101145],[17.834293661831907,-28.853506248603725],[18.454202265050668,-29.046636954609912],[19.00258295251342,-28.97421293985759],[19.896681899463545,-28.451150611090835],[19.896681899463545,-24.765572971472775],[20.170872243194935,-24.91846811372767],[20.755016888535664,-25.868027418258087],[20.67156765348699,-26.463513761777165],[20.874230081462372,-26.83368094828902],[21.589509239022448,-26.72906848253567],[22.114047287899865,-26.270383055770978],[22.578978740313943,-25.97263988401144],[22.82932644545997,-25.50590734449649],[23.318100536459383,-25.272541074739014],[23.73534671170276,-25.385200653242624],[24.212199483409506,-25.666849599501646],[25.034770514603622,-25.723179388753447],[25.66660043711505,-25.489813118995972],[25.761970991456394,-25.17597572173592],[25.95271210013908,-24.70119606947071],[26.4772501490165,-24.62877205471839],[26.79912576991856,-24.23446352995576],[27.121001390820595,-23.574600284434624],[28.01510033777072,-22.826218798660648],[29.42181601430559,-22.10197865113745],[29.82714087025633,-22.110025763887705],[30.327836280548382,-22.27901513164312],[30.661633220743113,-22.158308440389256],[31.186171269620502,-22.25487379339235],[31.663024041327247,-23.6550714119372],[31.93721438505861,-24.3793115594604],[31.746473276375923,-25.489813118995972],[31.8299225114246,-25.835838967257057],[31.329227101132545,-25.658802486751387],[31.043115438108487,-25.739273614253964],[30.947744883767143,-26.020922560512986],[30.67355454003578,-26.3991368597751],[30.67355454003578,-26.745162708036187],[31.281541823961874,-27.292366375053717],[31.853765150009934,-27.179706796550107],[32.068348897277986,-26.73711559528593],[32.84323465130143,-26.745162708036187],[32.58096562686271,-27.469402855559387],[32.44983111464336,-28.29020835608568],[32.19948340949733,-28.740846670100115],[31.5318895291079,-29.26390899886687],[31.329227101132545,-29.392662802870994],[30.90005960659647,-29.907678018887495],[30.61394794357244,-30.422693234903992],[30.05364593681702,-31.146933382427193],[28.933041923306178,-32.16891670170993],[28.217762765746073,-32.764403045229],[27.466719650307965,-33.2230884719937],[26.429564871845827,-33.62544410950659],[25.928869461553745,-33.66567967325788],[25.78581363004173,-33.947328619516895],[25.177826346115637,-33.80248059001226],[24.677130935823584,-33.98756418326819],[23.592290880190745,-33.80248059001226],[22.984303596264652,-33.923187281266124],[22.578978740313943,-33.86685749201432],[21.541823961851776,-34.261166016776954],[20.695410292072324,-34.42210827178211],[20.063580369560896,-34.792275458293965],[19.610570236439514,-34.81641679654474],[19.19332406119611,-34.462343835533396],[18.84760580170874,-34.44624961003288],[18.430359626465332,-34.0036584087687],[18.370753030001993,-34.14045932552308],[18.239618517782645,-33.86685749201432],[18.239618517782645,-33.27137114849525],[17.92966421617328,-32.61150790297411],[18.239618517782645,-32.434471422468434],[18.21577587919731,-31.66194859844369],[17.572024637393213,-30.712389293913272],[17.059407907808463,-29.867442455136203],[16.34412875024836,-28.571857302344704]],[[28.96880588118418,-28.958118714357077],[28.539638386648136,-28.65232842984728],[28.074706934234058,-28.845459135853467],[27.55016888535667,-29.2397676606161],[27.001788197893916,-29.867442455136203],[27.752831313332024,-30.63996527916095],[28.098549572819394,-30.543399926157857],[28.28929068150211,-30.229562528897805],[28.837671368964834,-30.06862027389265],[29.004569839062185,-29.746735763882338],[29.326445459964248,-29.26390899886687],[28.96880588118418,-28.958118714357077]]]}},{"type":"Feature","properties":{"name":"Zambia","Alpha-2":"ZM","Alpha-3":"ZMB","id":249},"geometry":{"type":"Polygon","coordinates":[[[32.78362805483809,-9.226598250725004],[33.23663818795947,-9.677236564739438],[33.486985893105526,-10.522183403516507],[33.32008742300815,-10.795785237025271],[33.11742499503279,-11.608543624801307],[33.30816610371548,-12.43739623807786],[32.99821180210611,-12.7914691990892],[32.67633618120405,-13.716887165368846],[33.2247168686668,-13.974394773377092],[30.1728591297437,-14.795200273903383],[30.256308364792375,-15.511393308676325],[29.4933439300616,-15.640147112680452],[28.944963242598845,-16.050549862943598],[28.813828730379498,-16.388528598454428],[28.45618915159946,-16.468999725957005],[27.59785416252734,-17.28175811373304],[27.049473475064588,-17.933574246503923],[26.715676534869857,-17.957715584754695],[26.381879594675155,-17.85310311900134],[25.261275581164313,-17.740443540497736],[25.082455791774294,-17.659972412995153],[25.082455791774294,-17.579501285492576],[24.689052255116252,-17.362229241235617],[24.045301013312155,-17.289805226483296],[23.21080866282537,-17.531218608991033],[22.567057421021275,-16.903543814470922],[21.875620902046506,-16.074691201194376],[21.947148817802514,-12.912175890343065],[24.00953705543415,-12.912175890343065],[23.938009139678144,-12.558102929331724],[24.08106497119016,-12.195982855570122],[23.90224518180014,-11.729250316055172],[24.00953705543415,-11.246423551039705],[23.926087820385476,-10.932586153779653],[24.24796344128751,-10.956727492030424],[24.319491357043518,-11.270564889290476],[24.796344128750263,-11.246423551039705],[25.428174051261692,-11.342988904042798],[25.750049672163726,-11.785580105306977],[26.560699384065174,-11.922381022061359],[27.180607987283935,-11.608543624801307],[27.407113053844625,-12.139653066318317],[28.1700774885754,-12.276453983072699],[28.503874428770132,-12.694903846086106],[28.933041923306178,-13.250154625853895],[29.684085038744286,-13.25820173860415],[29.612557122988278,-12.179888630069605],[29.338366779256916,-12.356925110575283],[28.62308762169681,-11.978710811313164],[28.360818597258117,-11.785580105306977],[28.480031790184796,-10.787738124275016],[28.670772898867483,-9.596765437236861],[28.444267832306792,-9.154174235972683],[28.730379495330823,-8.526499441452579],[28.992648519769517,-8.405792750198714],[30.33975759984105,-8.244850495193553],[30.73316113649912,-8.341415848196647],[31.162328631035166,-8.598923456204894],[31.555732167693236,-8.759865711210054],[32.187562090204665,-8.92885507896547],[32.78362805483809,-9.226598250725004]]]}},{"type":"Feature","properties":{"name":"Zimbabwe","Alpha-2":"ZW","Alpha-3":"ZWE","id":250},"geometry":{"type":"Polygon","coordinates":[[[31.186171269620502,-22.25487379339235],[30.661633220743113,-22.158308440389256],[30.327836280548382,-22.27901513164312],[29.82714087025633,-22.110025763887705],[29.42181601430559,-22.10197865113745],[28.789986091794162,-21.643293224372755],[28.01510033777072,-21.4823509693676],[27.740909994039356,-20.85467617484749],[27.728988674746688,-20.50060321383615],[27.299821180210614,-20.38794363533254],[26.1792171666998,-19.285489188547224],[25.84542022650507,-18.714144183278925],[25.642757798529715,-18.537107702773255],[25.261275581164313,-17.740443540497736],[26.381879594675155,-17.85310311900134],[26.715676534869857,-17.957715584754695],[27.049473475064588,-17.933574246503923],[27.59785416252734,-17.28175811373304],[28.45618915159946,-16.468999725957005],[28.813828730379498,-16.388528598454428],[28.944963242598845,-16.050549862943598],[29.4933439300616,-15.640147112680452],[30.256308364792375,-15.511393308676325],[30.33975759984105,-15.88156049518819],[31.174249950327834,-15.85741915693741],[31.627260083449244,-16.066644088444114],[31.841843830717266,-16.316104583702106],[32.31869660242401,-16.388528598454428],[32.8551559705941,-16.710413108464735],[32.8551559705941,-17.981856923005466],[32.652493542618714,-18.665861506777375],[32.60480826544804,-19.41424299255135],[32.78362805483809,-19.711986164310886],[32.652493542618714,-20.307472507829964],[32.49751639181403,-20.38794363533254],[32.23524736737534,-21.120230895606],[31.186171269620502,-22.25487379339235]]]}}]}